FullName,Length,LastWriteTime
c:\software\DataLogicEngine\.coverage,102400,1769926479.4764202
c:\software\DataLogicEngine\.env,4608,1769673054.5721507
c:\software\DataLogicEngine\.env.template,8449,1768451949.332922
c:\software\DataLogicEngine\.eslintrc.json,43,1767661227.6810136
c:\software\DataLogicEngine\.gitignore,739,1767745248.478536
c:\software\DataLogicEngine\app.py,21766,1769926000.264142
c:\software\DataLogicEngine\backend.spec,2215,1769751808.3156154
c:\software\DataLogicEngine\CHANGELOG.md,20412,1768561315.2795534
c:\software\DataLogicEngine\CODE_OF_CONDUCT.md,5663,1767661229.0335507
c:\software\DataLogicEngine\COMMERCIAL_LICENSE.md,855,1768535518.2623527
c:\software\DataLogicEngine\CONTRIBUTING.md,11038,1768535518.2627158
c:\software\DataLogicEngine\coverage.json,1394912,1769926488.92229
c:\software\DataLogicEngine\docker-compose.yml,1486,1767916877.021987
c:\software\DataLogicEngine\Dockerfile.cloud,2017,1769751937.4493892
c:\software\DataLogicEngine\exe_list.txt,468,1769904327.2451365
c:\software\DataLogicEngine\extensions.py,2138,1769798979.5689034
c:\software\DataLogicEngine\failures.txt,62571,1769923199.6773102
c:\software\DataLogicEngine\FILE_STRUCTURE_MAP.txt,60840,1769922390.0335486
c:\software\DataLogicEngine\FULL_FILE_INVENTORY.csv,18713405,1769922370.902862
c:\software\DataLogicEngine\inventory_report.json,28948,1769926996.502035
c:\software\DataLogicEngine\LICENSE,6481,1768535518.2639484
c:\software\DataLogicEngine\main.py,2136,1769587222.648386
c:\software\DataLogicEngine\models.py,91467,1769926361.9230905
c:\software\DataLogicEngine\phase1_failures.txt,179192,1769906370.0052807
c:\software\DataLogicEngine\phase1_failures_2.txt,124836,1769906599.89912
c:\software\DataLogicEngine\phase1_failures_3.txt,102145,1769906930.8847773
c:\software\DataLogicEngine\pyproject.toml,1628,1769581249.1731722
c:\software\DataLogicEngine\README.md,48579,1769655079.912752
c:\software\DataLogicEngine\run_test_suite.py,2271,1769905769.3004005
c:\software\DataLogicEngine\SECURITY.md,10451,1768507763.2854228
c:\software\DataLogicEngine\simulation_profile.html,88182,1769728332.9015
c:\software\DataLogicEngine\test_log.txt,88421,1769906009.5969317
c:\software\DataLogicEngine\test_log_2.txt,75500,1769906209.9884079
c:\software\DataLogicEngine\uv.lock,134101,1767661229.5550592
c:\software\DataLogicEngine\verify_models_schema.py,363,1769676121.2528248
c:\software\DataLogicEngine\wsgi.py,549,1767921976.8666303
c:\software\DataLogicEngine\.github\pull_request_template.md,4127,1767661227.683012
c:\software\DataLogicEngine\.github\ISSUE_TEMPLATE\bug_report.yml,3041,1767661227.682012
c:\software\DataLogicEngine\.github\ISSUE_TEMPLATE\config.yml,508,1767661227.682512
c:\software\DataLogicEngine\.github\ISSUE_TEMPLATE\feature_request.yml,3006,1767661227.683012
c:\software\DataLogicEngine\.github\workflows\ci.yml,2388,1768501445.9356968
c:\software\DataLogicEngine\.github\workflows\deploy.yml,2773,1768450129.6557083
c:\software\DataLogicEngine\.github\workflows\security.yml,4617,1768501348.8259432
c:\software\DataLogicEngine\archive\.replit,13347,1767661229.031551
c:\software\DataLogicEngine\archive\replit.md,4557,1767661229.5147152
c:\software\DataLogicEngine\archive\replit_auth.py,14882,1767661229.5147152
c:\software\DataLogicEngine\archive\requirements-enterprise.txt,213,1767661229.5156844
c:\software\DataLogicEngine\archive\requirements-phase1.txt,562,1767661229.5161839
c:\software\DataLogicEngine\archive\audit_scripts\all_ka_specs.txt,12095,1768114140.1713197
c:\software\DataLogicEngine\archive\audit_scripts\audit_ka_suite.py,2533,1768114026.0899134
c:\software\DataLogicEngine\archive\audit_scripts\audit_report.txt,0,1768113958.3689582
c:\software\DataLogicEngine\archive\audit_scripts\audit_results.md,210,1768114277.3835344
c:\software\DataLogicEngine\archive\audit_scripts\dump_all_specs.py,790,1768114135.5825186
c:\software\DataLogicEngine\archive\audit_scripts\find_batch_c_kas.py,897,1768113040.3637972
c:\software\DataLogicEngine\archive\audit_scripts\read_low_ids.py,602,1768114071.9413116
c:\software\DataLogicEngine\archive\logs\compile_errors.log,1824,1769618052.028743
c:\software\DataLogicEngine\archive\logs\error.log,11361,1768559799.9278145
c:\software\DataLogicEngine\archive\logs\pytest_collection.log,28938,1768559217.6086795
c:\software\DataLogicEngine\archive\logs\startup_log.txt,3748,1769587605.592468
c:\software\DataLogicEngine\archive\logs\test_api_result.txt,3438,1769582399.18373
c:\software\DataLogicEngine\archive\logs\test_batch_result.txt,78931,1769582521.3809428
c:\software\DataLogicEngine\archive\logs\test_debug.txt,3221,1769582014.7010503
c:\software\DataLogicEngine\archive\logs\test_debug_2.txt,90869,1769582071.3594122
c:\software\DataLogicEngine\archive\logs\test_debug_3.txt,3018,1769582212.6713767
c:\software\DataLogicEngine\archive\logs\test_debug_4.txt,57585,1769582251.1797366
c:\software\DataLogicEngine\archive\logs\test_sim_result.txt,87316,1769582656.569316
c:\software\DataLogicEngine\archive\one-offs\test_all_imports.py,2804,1769628569.404691
c:\software\DataLogicEngine\archive\one-offs\verify_production_libs.py,1360,1769652457.529141
c:\software\DataLogicEngine\archive\output_logs\e2e_error.log,688,1768110974.658551
c:\software\DataLogicEngine\archive\output_logs\final_regression_output.txt,84886,1768117332.1657436
c:\software\DataLogicEngine\archive\output_logs\flow_output.txt,38450,1768115315.2862868
c:\software\DataLogicEngine\archive\output_logs\flow_output_final.txt,37665,1768115567.8232687
c:\software\DataLogicEngine\archive\output_logs\flow_output_v2.txt,25921,1768115362.1189594
c:\software\DataLogicEngine\archive\output_logs\flow_output_v3.txt,37665,1768115384.6920686
c:\software\DataLogicEngine\archive\output_logs\output.txt,16006,1768107374.2962365
c:\software\DataLogicEngine\archive\output_logs\output2.txt,4484,1768107490.9226012
c:\software\DataLogicEngine\archive\output_logs\output_integ.txt,291953,1768107829.5864062
c:\software\DataLogicEngine\archive\output_logs\output_integ_2.txt,328087,1768108018.7332897
c:\software\DataLogicEngine\archive\output_logs\output_integ_final.txt,326252,1768108295.0542614
c:\software\DataLogicEngine\archive\output_logs\output_integ_verify.txt,326253,1768108575.9781697
c:\software\DataLogicEngine\archive\output_logs\output_integ_verify_final.txt,189395,1768108679.5420794
c:\software\DataLogicEngine\archive\output_logs\output_integ_verify_final_2.txt,189395,1768108774.0288603
c:\software\DataLogicEngine\archive\output_logs\output_integ_verify_final_3.txt,189395,1768108859.9244506
c:\software\DataLogicEngine\archive\output_logs\output_integ_verify_final_green.txt,1224,1768109391.7156737
c:\software\DataLogicEngine\archive\output_logs\output_integ_verify_green.txt,95115,1768109154.5519674
c:\software\DataLogicEngine\archive\output_logs\output_integ_verify_green_2.txt,3153,1768109286.729638
c:\software\DataLogicEngine\archive\output_logs\pylint_final.txt,45021,1768109738.5620236
c:\software\DataLogicEngine\archive\output_logs\pylint_final_v2.txt,22656,1768109775.8425357
c:\software\DataLogicEngine\archive\output_logs\pylint_report.txt,330792,1768109443.4255075
c:\software\DataLogicEngine\archive\output_logs\verification_output.txt,16174,1768116645.5206726
c:\software\DataLogicEngine\archive\output_logs\verify_ka_unified_log.txt,27163,1768161670.970611
c:\software\DataLogicEngine\backend\.dockerignore,97,1767916861.455506
c:\software\DataLogicEngine\backend\.pylintrc,1395,1768109752.2802713
c:\software\DataLogicEngine\backend\admin.py,1597,1769674626.5282989
c:\software\DataLogicEngine\backend\celery_app.py,666,1767739716.035087
c:\software\DataLogicEngine\backend\chat.py,7688,1769674601.9288142
c:\software\DataLogicEngine\backend\config.py,1195,1769797990.542282
c:\software\DataLogicEngine\backend\config_manager.py,8344,1769798192.3058834
c:\software\DataLogicEngine\backend\contextual_api.py,3670,1767661229.2896035
c:\software\DataLogicEngine\backend\data_loader.py,11130,1767661229.2901032
c:\software\DataLogicEngine\backend\decorators.py,2954,1767661229.2901032
c:\software\DataLogicEngine\backend\Dockerfile,1014,1767916857.663801
c:\software\DataLogicEngine\backend\email_service.py,4589,1767760266.4470105
c:\software\DataLogicEngine\backend\enterprise_architecture.py,8640,1767661229.2910297
c:\software\DataLogicEngine\backend\export_service.py,7658,1767760377.9361928
c:\software\DataLogicEngine\backend\graphql_schema.py,9622,1769661085.350565
c:\software\DataLogicEngine\backend\honeycomb_api.py,6037,1767661229.2915294
c:\software\DataLogicEngine\backend\i18n.py,3102,1767760395.5113485
c:\software\DataLogicEngine\backend\init_db.py,9974,1767661229.4563904
c:\software\DataLogicEngine\backend\location_context_engine.py,11221,1769674628.762573
c:\software\DataLogicEngine\backend\logging_config.py,6175,1769797599.4951499
c:\software\DataLogicEngine\backend\methods_api.py,9885,1767661229.2939212
c:\software\DataLogicEngine\backend\persona_api.py,6475,1769579613.851367
c:\software\DataLogicEngine\backend\pillar_api.py,8267,1769579618.9621663
c:\software\DataLogicEngine\backend\regulatory_api.py,14770,1769579634.0622969
c:\software\DataLogicEngine\backend\rest_api.py,9763,1767661229.299027
c:\software\DataLogicEngine\backend\retention_service.py,10809,1769674353.559907
c:\software\DataLogicEngine\backend\search_service.py,6389,1767760291.984557
c:\software\DataLogicEngine\backend\security_api.py,7955,1767661229.3073018
c:\software\DataLogicEngine\backend\security_scan_api.py,8202,1767661229.3078015
c:\software\DataLogicEngine\backend\seed_data.py,12826,1768005635.383026
c:\software\DataLogicEngine\backend\time_api.py,13983,1767661229.3084426
c:\software\DataLogicEngine\backend\ukg_api.py,15699,1769674398.9307623
c:\software\DataLogicEngine\backend\ukg_db.py,40282,1767923953.9286623
c:\software\DataLogicEngine\backend\unified_mapping_api.py,7543,1767661229.3168736
c:\software\DataLogicEngine\backend\websocket.py,4163,1767760290.0014937
c:\software\DataLogicEngine\backend\__init__.py,2188,1769674652.1776204
c:\software\DataLogicEngine\backend\api\ka_management.py,15256,1768558223.6769924
c:\software\DataLogicEngine\backend\api\specs\ukg_api_v3_2.yaml,116157,1767650090.2733045
c:\software\DataLogicEngine\backend\api_gateway\api_gateway.py,7889,1767661229.2881038
c:\software\DataLogicEngine\backend\api_gateway\unified_middleware.py,3853,1768514586.6122334
c:\software\DataLogicEngine\backend\auth\api_decorators.py,2121,1768499678.3859887
c:\software\DataLogicEngine\backend\auth\sso.py,2774,1767923991.1627991
c:\software\DataLogicEngine\backend\auth\windows_identity.py,1495,1768562368.01155
c:\software\DataLogicEngine\backend\auth\__init__.py,0,1767920987.386222
c:\software\DataLogicEngine\backend\config\settings.py,6639,1769581249.1651573
c:\software\DataLogicEngine\backend\config\__init__.py,161,1769581249.1651573
c:\software\DataLogicEngine\backend\core\rag_sanitizer.py,1746,1768504052.29234
c:\software\DataLogicEngine\backend\core\resilience_router.py,3502,1768502199.4856496
c:\software\DataLogicEngine\backend\knowledge_algorithm\axis_mapper.py,15665,1768117059.2306182
c:\software\DataLogicEngine\backend\knowledge_algorithm\base.py,2088,1768111679.695132
c:\software\DataLogicEngine\backend\knowledge_algorithm\context.py,1654,1768111889.8490984
c:\software\DataLogicEngine\backend\knowledge_algorithm\lineage_store.py,3885,1768114750.8176453
c:\software\DataLogicEngine\backend\knowledge_algorithm\registry.py,3182,1768111681.816685
c:\software\DataLogicEngine\backend\knowledge_algorithm\subworkflow_manager.py,3126,1768114736.6650603
c:\software\DataLogicEngine\backend\knowledge_algorithm\truth_engine.py,3472,1768115076.7077973
c:\software\DataLogicEngine\backend\knowledge_algorithm\workflow_loader.py,3401,1768115782.5822933
c:\software\DataLogicEngine\backend\knowledge_algorithm\__init__.py,3311,1768115341.1308048
c:\software\DataLogicEngine\backend\knowledge_algorithm\modules\ka00_control_core.py,2180,1768114233.9576237
c:\software\DataLogicEngine\backend\knowledge_algorithm\modules\ka00_reasoning_core.py,1187,1768114230.3145778
c:\software\DataLogicEngine\backend\knowledge_algorithm\modules\ka012_persona.py,2399,1768115487.9080386
c:\software\DataLogicEngine\backend\knowledge_algorithm\modules\ka03_gap_analysis.py,929,1768112706.064032
c:\software\DataLogicEngine\backend\knowledge_algorithm\modules\ka04_input_validation.py,1684,1768112704.0442243
c:\software\DataLogicEngine\backend\knowledge_algorithm\modules\ka09_evidence_validation.py,987,1768112708.0851755
c:\software\DataLogicEngine\backend\knowledge_algorithm\modules\ka100_evolution_controller.py,955,1768113419.3096693
c:\software\DataLogicEngine\backend\knowledge_algorithm\modules\ka101_chaos_governor.py,906,1768114214.7405953
c:\software\DataLogicEngine\backend\knowledge_algorithm\modules\ka102_entropy_quantifier.py,869,1768114217.0996099
c:\software\DataLogicEngine\backend\knowledge_algorithm\modules\ka103_rollback_manager.py,962,1768113180.1521685
c:\software\DataLogicEngine\backend\knowledge_algorithm\modules\ka104_truth_utility.py,1019,1768113182.7706397
c:\software\DataLogicEngine\backend\knowledge_algorithm\modules\ka105_obsolescence_monitor.py,993,1768113422.064875
c:\software\DataLogicEngine\backend\knowledge_algorithm\modules\ka106_override_capture.py,1030,1768113424.5765836
c:\software\DataLogicEngine\backend\knowledge_algorithm\modules\ka107_boundary_enforcer.py,1044,1768113185.524015
c:\software\DataLogicEngine\backend\knowledge_algorithm\modules\ka108_escalation_detector.py,1023,1768113188.1894464
c:\software\DataLogicEngine\backend\knowledge_algorithm\modules\ka109_containment_classifier.py,951,1768113427.2405353
c:\software\DataLogicEngine\backend\knowledge_algorithm\modules\ka10_bias_detection.py,1053,1768112710.132762
c:\software\DataLogicEngine\backend\knowledge_algorithm\modules\ka10_synthesis_core.py,2209,1768114239.7582364
c:\software\DataLogicEngine\backend\knowledge_algorithm\modules\ka110_coupling_risk.py,1027,1768113191.0166976
c:\software\DataLogicEngine\backend\knowledge_algorithm\modules\ka111_goal_drift.py,1039,1768113193.520971
c:\software\DataLogicEngine\backend\knowledge_algorithm\modules\ka112_introspection_auditor.py,870,1768113430.0515604
c:\software\DataLogicEngine\backend\knowledge_algorithm\modules\ka113_complexity_router.py,1959,1768115817.938882
c:\software\DataLogicEngine\backend\knowledge_algorithm\modules\ka114_external_research.py,707,1768114244.042103
c:\software\DataLogicEngine\backend\knowledge_algorithm\modules\ka15_temporal_reasoning.py,956,1768112976.5232008
c:\software\DataLogicEngine\backend\knowledge_algorithm\modules\ka16_regulatory_mapping.py,914,1768113257.8932567
c:\software\DataLogicEngine\backend\knowledge_algorithm\modules\ka18_source_provenance.py,978,1768113076.108443
c:\software\DataLogicEngine\backend\knowledge_algorithm\modules\ka20_resolution_core.py,3784,1768114242.012595
c:\software\DataLogicEngine\backend\knowledge_algorithm\modules\ka22_risk_assessment.py,968,1768113079.085124
c:\software\DataLogicEngine\backend\knowledge_algorithm\modules\ka23_belief_decay.py,871,1768113260.7406304
c:\software\DataLogicEngine\backend\knowledge_algorithm\modules\ka24_trust_gate.py,1112,1768113081.9816866
c:\software\DataLogicEngine\backend\knowledge_algorithm\modules\ka26_contradiction_detection.py,1144,1768113084.6048715
c:\software\DataLogicEngine\backend\knowledge_algorithm\modules\ka27_ethical_impact.py,1007,1768113087.2930706
c:\software\DataLogicEngine\backend\knowledge_algorithm\modules\ka31_algorithm_selection.py,1536,1768115830.112744
c:\software\DataLogicEngine\backend\knowledge_algorithm\modules\ka32_orchestration_controller.py,1153,1768112795.5080597
c:\software\DataLogicEngine\backend\knowledge_algorithm\modules\ka34_adversarial_reasoning.py,1034,1768112979.3811507
c:\software\DataLogicEngine\backend\knowledge_algorithm\modules\ka35_bayesian_imputation.py,1018,1768112982.065378
c:\software\DataLogicEngine\backend\knowledge_algorithm\modules\ka36_pareto_optimization.py,940,1768112983.9729667
c:\software\DataLogicEngine\backend\knowledge_algorithm\modules\ka37_norm_emergence.py,997,1768114167.2716022
c:\software\DataLogicEngine\backend\knowledge_algorithm\modules\ka38_cross_modal_synthesis.py,1004,1768112999.1393228
c:\software\DataLogicEngine\backend\knowledge_algorithm\modules\ka39_ontology_drift.py,995,1768113263.1679564
c:\software\DataLogicEngine\backend\knowledge_algorithm\modules\ka40_semantic_alignment.py,960,1768114169.5152452
c:\software\DataLogicEngine\backend\knowledge_algorithm\modules\ka41_confidence_normalization.py,931,1768113089.8215964
c:\software\DataLogicEngine\backend\knowledge_algorithm\modules\ka42_contradiction_propagation.py,966,1768114171.538829
c:\software\DataLogicEngine\backend\knowledge_algorithm\modules\ka43_knowledge_lineage.py,861,1768113265.4865756
c:\software\DataLogicEngine\backend\knowledge_algorithm\modules\ka44_creative_composer.py,911,1768114173.6749938
c:\software\DataLogicEngine\backend\knowledge_algorithm\modules\ka45_bias_pattern_analyzer.py,957,1768113092.3881032
c:\software\DataLogicEngine\backend\knowledge_algorithm\modules\ka46_memory_patcher.py,857,1768113267.9936714
c:\software\DataLogicEngine\backend\knowledge_algorithm\modules\ka47_meta_algo.py,983,1768113512.7401848
c:\software\DataLogicEngine\backend\knowledge_algorithm\modules\ka48_ontological_resolver.py,927,1768113094.334899
c:\software\DataLogicEngine\backend\knowledge_algorithm\modules\ka49_redundancy_detector.py,948,1768113270.504514
c:\software\DataLogicEngine\backend\knowledge_algorithm\modules\ka50_integrity_validator.py,998,1768113126.17509
c:\software\DataLogicEngine\backend\knowledge_algorithm\modules\ka51_knowledge_distillation.py,1028,1768114175.9392996
c:\software\DataLogicEngine\backend\knowledge_algorithm\modules\ka52_temporal_evolution.py,995,1768113272.7427554
c:\software\DataLogicEngine\backend\knowledge_algorithm\modules\ka53_knowledge_compression.py,923,1768113312.322873
c:\software\DataLogicEngine\backend\knowledge_algorithm\modules\ka54_cross_lingual_fusion.py,878,1768113515.2446187
c:\software\DataLogicEngine\backend\knowledge_algorithm\modules\ka55_multimodal_integration.py,924,1768113001.8197951
c:\software\DataLogicEngine\backend\knowledge_algorithm\modules\ka56_narrative_explainability.py,923,1768113517.938582
c:\software\DataLogicEngine\backend\knowledge_algorithm\modules\ka57_persona_adaptation.py,982,1768114177.8118465
c:\software\DataLogicEngine\backend\knowledge_algorithm\modules\ka58_interactive_clarification.py,985,1768114179.8944225
c:\software\DataLogicEngine\backend\knowledge_algorithm\modules\ka59_predictive_preemption.py,1099,1768112813.5528805
c:\software\DataLogicEngine\backend\knowledge_algorithm\modules\ka60_cognitive_load_balancer.py,1122,1768112815.5564818
c:\software\DataLogicEngine\backend\knowledge_algorithm\modules\ka61_adversarial_shield.py,990,1768113128.470806
c:\software\DataLogicEngine\backend\knowledge_algorithm\modules\ka62_trust_scoring.py,883,1768113130.9139373
c:\software\DataLogicEngine\backend\knowledge_algorithm\modules\ka63_performance_learning.py,914,1768114182.039279
c:\software\DataLogicEngine\backend\knowledge_algorithm\modules\ka64_failure_pattern.py,936,1768114184.111706
c:\software\DataLogicEngine\backend\knowledge_algorithm\modules\ka65_regression_tester.py,864,1768113133.3469946
c:\software\DataLogicEngine\backend\knowledge_algorithm\modules\ka66_causal_inference.py,1014,1768113004.2226756
c:\software\DataLogicEngine\backend\knowledge_algorithm\modules\ka67_analogical_reasoning.py,945,1768113007.0657997
c:\software\DataLogicEngine\backend\knowledge_algorithm\modules\ka68_domain_tuner.py,946,1768114186.17275
c:\software\DataLogicEngine\backend\knowledge_algorithm\modules\ka69_cultural_adapter.py,958,1768114198.0424724
c:\software\DataLogicEngine\backend\knowledge_algorithm\modules\ka70_counterfactual_sim.py,967,1768114200.295509
c:\software\DataLogicEngine\backend\knowledge_algorithm\modules\ka71_provenance_tracker.py,883,1768114202.2644718
c:\software\DataLogicEngine\backend\knowledge_algorithm\modules\ka72_context_optimizer.py,937,1768114204.5317218
c:\software\DataLogicEngine\backend\knowledge_algorithm\modules\ka73_intent_clarifier.py,921,1768114206.479563
c:\software\DataLogicEngine\backend\knowledge_algorithm\modules\ka74_privacy_preserver.py,916,1768113135.6428263
c:\software\DataLogicEngine\backend\knowledge_algorithm\modules\ka75_bias_mitigation.py,840,1768113138.1366413
c:\software\DataLogicEngine\backend\knowledge_algorithm\modules\ka76_graph_pruner.py,915,1768114208.525888
c:\software\DataLogicEngine\backend\knowledge_algorithm\modules\ka77_importance_scorer.py,898,1768114211.198541
c:\software\DataLogicEngine\backend\knowledge_algorithm\modules\ka78_memory_tier.py,919,1768113315.1669552
c:\software\DataLogicEngine\backend\knowledge_algorithm\modules\ka79_promotion_gate.py,961,1768113317.7188203
c:\software\DataLogicEngine\backend\knowledge_algorithm\modules\ka80_sim_cost_estimator.py,1056,1768112888.0967226
c:\software\DataLogicEngine\backend\knowledge_algorithm\modules\ka81_sim_budget_enforcer.py,1108,1768112890.21919
c:\software\DataLogicEngine\backend\knowledge_algorithm\modules\ka82_drift_monitor.py,994,1768113320.454322
c:\software\DataLogicEngine\backend\knowledge_algorithm\modules\ka83_revalidation_scheduler.py,996,1768113323.1433914
c:\software\DataLogicEngine\backend\knowledge_algorithm\modules\ka84_consensus_engine.py,1001,1768113141.0440066
c:\software\DataLogicEngine\backend\knowledge_algorithm\modules\ka85_anomaly_detection.py,999,1768113142.8265018
c:\software\DataLogicEngine\backend\knowledge_algorithm\modules\ka86_usage_analytics.py,822,1768113324.9296207
c:\software\DataLogicEngine\backend\knowledge_algorithm\modules\ka87_explainability_coverage.py,986,1768113520.4548998
c:\software\DataLogicEngine\backend\knowledge_algorithm\modules\ka88_lifecycle_manager.py,894,1768113358.7550817
c:\software\DataLogicEngine\backend\knowledge_algorithm\modules\ka89_policy_tracker.py,917,1768113361.1602266
c:\software\DataLogicEngine\backend\knowledge_algorithm\modules\ka90_compliance_validator.py,904,1768113363.5282245
c:\software\DataLogicEngine\backend\knowledge_algorithm\modules\ka91_scenario_archivist.py,874,1768113365.9421432
c:\software\DataLogicEngine\backend\knowledge_algorithm\modules\ka92_dependency_auditor.py,901,1768113368.2589104
c:\software\DataLogicEngine\backend\knowledge_algorithm\modules\ka93_trust_decay.py,868,1768113371.494894
c:\software\DataLogicEngine\backend\knowledge_algorithm\modules\ka94_quarantine_engine.py,886,1768113177.4717555
c:\software\DataLogicEngine\backend\knowledge_algorithm\modules\ka95_hitl_escalation.py,1043,1768113373.37489
c:\software\DataLogicEngine\backend\knowledge_algorithm\modules\ka96_release_manager.py,937,1768113416.7582085
c:\software\DataLogicEngine\backend\knowledge_algorithm\modules\ka97_performance_optimizer.py,943,1768113522.9244096
c:\software\DataLogicEngine\backend\knowledge_algorithm\modules\ka98_benchmarking.py,837,1768113524.9955273
c:\software\DataLogicEngine\backend\knowledge_algorithm\modules\ka99_integrity_auditor.py,819,1768114212.663804
c:\software\DataLogicEngine\backend\knowledge_algorithm\registry\ka_registry_enterprise.yaml,321297,1767649626.5690947
c:\software\DataLogicEngine\backend\knowledge_algorithm\registry\coordinates\axis1_pillars.yaml,85344,1767649643.0429232
c:\software\DataLogicEngine\backend\knowledge_algorithm\registry\coordinates\axis2_sectors.yaml,161686,1767649631.6415205
c:\software\DataLogicEngine\backend\knowledge_algorithm\workflows\simulation_v2_5.json,29812,1767648436.302596
c:\software\DataLogicEngine\backend\knowledge_algorithms\ka_01_algorithm_of_thought.py,3743,1768467302.9911115
c:\software\DataLogicEngine\backend\knowledge_algorithms\ka_02_tree_of_thought.py,3331,1768467318.2706437
c:\software\DataLogicEngine\backend\knowledge_algorithms\ka_03_gap_analysis.py,3056,1768467332.5597844
c:\software\DataLogicEngine\backend\knowledge_algorithms\ka_04_input_validation__normalization.py,4768,1768467350.9653382
c:\software\DataLogicEngine\backend\knowledge_algorithms\ka_05_query_classification.py,6072,1769671509.894277
c:\software\DataLogicEngine\backend\knowledge_algorithms\ka_06_deep_planning.py,3124,1768467381.8336785
c:\software\DataLogicEngine\backend\knowledge_algorithms\ka_07_recursive_reasoning_control.py,3763,1768467397.9159071
c:\software\DataLogicEngine\backend\knowledge_algorithms\ka_08_self_critique__reflection.py,3901,1768467415.4000068
c:\software\DataLogicEngine\backend\knowledge_algorithms\ka_09_evidence_validation.py,3882,1768467438.4886916
c:\software\DataLogicEngine\backend\knowledge_algorithms\ka_100_optimization.py,2331,1768469241.7015884
c:\software\DataLogicEngine\backend\knowledge_algorithms\ka_101_environment_management.py,2258,1768469297.7664638
c:\software\DataLogicEngine\backend\knowledge_algorithms\ka_102_dependency_injection.py,2241,1768469303.7128475
c:\software\DataLogicEngine\backend\knowledge_algorithms\ka_103_service_mesh.py,2210,1768469309.8856182
c:\software\DataLogicEngine\backend\knowledge_algorithms\ka_104_load_balancing.py,2239,1768469317.0381906
c:\software\DataLogicEngine\backend\knowledge_algorithms\ka_105_scalability_manager.py,2642,1768469318.8986292
c:\software\DataLogicEngine\backend\knowledge_algorithms\ka_106_fault_tolerance.py,2903,1769923264.106171
c:\software\DataLogicEngine\backend\knowledge_algorithms\ka_107_disaster_recovery.py,2865,1769923265.981415
c:\software\DataLogicEngine\backend\knowledge_algorithms\ka_108_backup_strategy.py,2202,1768469355.3832378
c:\software\DataLogicEngine\backend\knowledge_algorithms\ka_109_system_health.py,2185,1768469361.692113
c:\software\DataLogicEngine\backend\knowledge_algorithms\ka_10_bias_detection.py,3152,1768467453.4405024
c:\software\DataLogicEngine\backend\knowledge_algorithms\ka_110_integration_bus.py,2218,1768469363.5240533
c:\software\DataLogicEngine\backend\knowledge_algorithms\ka_111_api_gateway.py,2769,1768469610.5304737
c:\software\DataLogicEngine\backend\knowledge_algorithms\ka_112_message_broker.py,1843,1768469436.4540367
c:\software\DataLogicEngine\backend\knowledge_algorithms\ka_113_complexity_router.py,2133,1768469442.8715956
c:\software\DataLogicEngine\backend\knowledge_algorithms\ka_114_federated_outbox.py,1898,1768491059.7945578
c:\software\DataLogicEngine\backend\knowledge_algorithms\ka_115_federated_inbox.py,1767,1768491061.8356993
c:\software\DataLogicEngine\backend\knowledge_algorithms\ka_116_entropy_detection.py,1894,1768469474.7712111
c:\software\DataLogicEngine\backend\knowledge_algorithms\ka_11_analytical_modeling.py,2790,1768467479.1340444
c:\software\DataLogicEngine\backend\knowledge_algorithms\ka_12_persona_simulation.py,3873,1768490592.3140855
c:\software\DataLogicEngine\backend\knowledge_algorithms\ka_13_persona_weighting.py,3000,1768467510.5780168
c:\software\DataLogicEngine\backend\knowledge_algorithms\ka_14_confidence_scoring.py,3076,1768467521.3279853
c:\software\DataLogicEngine\backend\knowledge_algorithms\ka_15_temporal_reasoning.py,3782,1768467523.2019243
c:\software\DataLogicEngine\backend\knowledge_algorithms\ka_16_regulatory_mapping.py,2904,1768467546.7598875
c:\software\DataLogicEngine\backend\knowledge_algorithms\ka_17_spatial_jurisdiction_mapping.py,2561,1768467554.0982044
c:\software\DataLogicEngine\backend\knowledge_algorithms\ka_18_source_provenance.py,2496,1768467555.955319
c:\software\DataLogicEngine\backend\knowledge_algorithms\ka_19_knowledge_synthesis.py,3012,1768467581.4524376
c:\software\DataLogicEngine\backend\knowledge_algorithms\ka_20_loopback_trigger.py,3166,1768467583.5677414
c:\software\DataLogicEngine\backend\knowledge_algorithms\ka_21_emergence_detection.py,2845,1768467614.4082098
c:\software\DataLogicEngine\backend\knowledge_algorithms\ka_22_risk_assessment.py,2842,1768467624.5205355
c:\software\DataLogicEngine\backend\knowledge_algorithms\ka_23_belief_decay.py,3785,1768467626.5479195
c:\software\DataLogicEngine\backend\knowledge_algorithms\ka_24_trust_gate.py,2570,1768467657.8073206
c:\software\DataLogicEngine\backend\knowledge_algorithms\ka_25_dependency_mapping.py,2237,1768467668.0364263
c:\software\DataLogicEngine\backend\knowledge_algorithms\ka_26_contradiction_detection.py,3453,1768467670.0205295
c:\software\DataLogicEngine\backend\knowledge_algorithms\ka_27_ethical_impact_analysis.py,2734,1768467697.6544437
c:\software\DataLogicEngine\backend\knowledge_algorithms\ka_28_point_of_view_expansion.py,3029,1768467704.13598
c:\software\DataLogicEngine\backend\knowledge_algorithms\ka_29_knowledge_expansion.py,2455,1768467711.4871986
c:\software\DataLogicEngine\backend\knowledge_algorithms\ka_30_conflict_resolution.py,5435,1768490556.4104464
c:\software\DataLogicEngine\backend\knowledge_algorithms\ka_31_algorithm_selection_engine.py,2921,1768467749.783591
c:\software\DataLogicEngine\backend\knowledge_algorithms\ka_32_simulation_orchestration_controller.py,2745,1768467757.0378854
c:\software\DataLogicEngine\backend\knowledge_algorithms\ka_33_reserved_expansion_slot.py,882,1769923228.0391102
c:\software\DataLogicEngine\backend\knowledge_algorithms\ka_34_adversarial_reasoning.py,2833,1768467759.2247968
c:\software\DataLogicEngine\backend\knowledge_algorithms\ka_35_bayesian_gap_imputation.py,2503,1768467790.3739645
c:\software\DataLogicEngine\backend\knowledge_algorithms\ka_36_complexity_estimator.py,1212,1768463035.6457345
c:\software\DataLogicEngine\backend\knowledge_algorithms\ka_37_resource_allocator.py,1171,1768463045.241117
c:\software\DataLogicEngine\backend\knowledge_algorithms\ka_38_consensus_engine.py,5568,1768490531.0923107
c:\software\DataLogicEngine\backend\knowledge_algorithms\ka_39_anomaly_detection.py,1348,1768463063.460234
c:\software\DataLogicEngine\backend\knowledge_algorithms\ka_40_hypothesis_generation.py,1260,1768463072.4037535
c:\software\DataLogicEngine\backend\knowledge_algorithms\ka_41_abductive_reasoning.py,1904,1768490671.806315
c:\software\DataLogicEngine\backend\knowledge_algorithms\ka_42_counterfactual_simulator.py,1246,1768463098.2208312
c:\software\DataLogicEngine\backend\knowledge_algorithms\ka_43_causal_inference.py,1235,1768463107.3821433
c:\software\DataLogicEngine\backend\knowledge_algorithms\ka_44_analogical_mapping.py,1259,1768463117.3681552
c:\software\DataLogicEngine\backend\knowledge_algorithms\ka_45_pattern_recognition.py,1211,1768463126.7446828
c:\software\DataLogicEngine\backend\knowledge_algorithms\ka_46_trend_analysis.py,1163,1768463135.8150709
c:\software\DataLogicEngine\backend\knowledge_algorithms\ka_47_sentiment_analysis.py,1353,1768463144.7293174
c:\software\DataLogicEngine\backend\knowledge_algorithms\ka_48_entity_extraction.py,1252,1768463153.8389595
c:\software\DataLogicEngine\backend\knowledge_algorithms\ka_49_relation_extraction.py,1371,1768463162.7299874
c:\software\DataLogicEngine\backend\knowledge_algorithms\ka_50_knowledge_integrity_validator.py,3202,1768467928.3946006
c:\software\DataLogicEngine\backend\knowledge_algorithms\ka_50_summarization.py,1156,1768463171.9830163
c:\software\DataLogicEngine\backend\knowledge_algorithms\ka_51_self_correcting_knowledge_distillation.py,2716,1768467961.3855863
c:\software\DataLogicEngine\backend\knowledge_algorithms\ka_52_temporal_knowledge_evolution.py,3024,1768467984.3328354
c:\software\DataLogicEngine\backend\knowledge_algorithms\ka_53_dynamic_knowledge_compression.py,2742,1768467992.2989688
c:\software\DataLogicEngine\backend\knowledge_algorithms\ka_54_cross_lingual_knowledge_fusion.py,2919,1768467994.6445167
c:\software\DataLogicEngine\backend\knowledge_algorithms\ka_55_adaptive_multi_modal_integration.py,3096,1768468018.9469838
c:\software\DataLogicEngine\backend\knowledge_algorithms\ka_56_narrative_explainability_engine.py,2840,1768468025.8241107
c:\software\DataLogicEngine\backend\knowledge_algorithms\ka_57_persona_emotion_adaptation.py,2601,1768468028.4132802
c:\software\DataLogicEngine\backend\knowledge_algorithms\ka_58_interactive_clarification_learning.py,3268,1768468051.5019565
c:\software\DataLogicEngine\backend\knowledge_algorithms\ka_59_predictive_layer_preemption.py,2469,1768468059.2933273
c:\software\DataLogicEngine\backend\knowledge_algorithms\ka_60_cognitive_load_balancer.py,2923,1768468061.2734976
c:\software\DataLogicEngine\backend\knowledge_algorithms\ka_61_adversarial_input_shield.py,3112,1769923238.9246395
c:\software\DataLogicEngine\backend\knowledge_algorithms\ka_62_decentralized_trust_scoring.py,3201,1769923240.862211
c:\software\DataLogicEngine\backend\knowledge_algorithms\ka_63_continuous_performance_learning.py,2993,1768468113.2855568
c:\software\DataLogicEngine\backend\knowledge_algorithms\ka_64_failure_pattern_detection.py,2446,1768466015.901905
c:\software\DataLogicEngine\backend\knowledge_algorithms\ka_65_knowledge_regression_tester.py,2900,1768468121.5967019
c:\software\DataLogicEngine\backend\knowledge_algorithms\ka_66_causal_inference_engine.py,2677,1768468146.732952
c:\software\DataLogicEngine\backend\knowledge_algorithms\ka_67_analogical_reasoning_engine.py,2899,1768468152.9358387
c:\software\DataLogicEngine\backend\knowledge_algorithms\ka_68_domain_specialization_tuner.py,2417,1768468159.8102953
c:\software\DataLogicEngine\backend\knowledge_algorithms\ka_69_cultural_context_adapter.py,2253,1768466113.3863702
c:\software\DataLogicEngine\backend\knowledge_algorithms\ka_70_counterfactual_scenario_simulator.py,2791,1768468168.8868892
c:\software\DataLogicEngine\backend\knowledge_algorithms\ka_71_data_ingestion.py,3485,1769923242.8176074
c:\software\DataLogicEngine\backend\knowledge_algorithms\ka_72_data_cleaning.py,2474,1768468868.5560365
c:\software\DataLogicEngine\backend\knowledge_algorithms\ka_73_data_transformation.py,2612,1768468877.1823328
c:\software\DataLogicEngine\backend\knowledge_algorithms\ka_74_data_validation.py,4102,1769923262.087741
c:\software\DataLogicEngine\backend\knowledge_algorithms\ka_75_schema_mapping.py,2624,1768468886.2270577
c:\software\DataLogicEngine\backend\knowledge_algorithms\ka_76_entity_resolution.py,2877,1768468906.9522798
c:\software\DataLogicEngine\backend\knowledge_algorithms\ka_77_data_enrichment.py,2546,1768468913.1968608
c:\software\DataLogicEngine\backend\knowledge_algorithms\ka_78_data_archival.py,2433,1768468919.5824018
c:\software\DataLogicEngine\backend\knowledge_algorithms\ka_79_data_retrieval.py,2292,1768468926.2179976
c:\software\DataLogicEngine\backend\knowledge_algorithms\ka_80_cache_management.py,2380,1768468928.057904
c:\software\DataLogicEngine\backend\knowledge_algorithms\ka_81_model_training.py,2529,1768469007.3762283
c:\software\DataLogicEngine\backend\knowledge_algorithms\ka_82_model_evaluation.py,2392,1768469014.083277
c:\software\DataLogicEngine\backend\knowledge_algorithms\ka_83_model_deployment.py,2456,1768469020.693204
c:\software\DataLogicEngine\backend\knowledge_algorithms\ka_84_model_monitoring.py,2536,1768469026.9765751
c:\software\DataLogicEngine\backend\knowledge_algorithms\ka_85_feature_engineering.py,2310,1768469028.8834715
c:\software\DataLogicEngine\backend\knowledge_algorithms\ka_86_hyperparameter_tuning.py,2646,1769923260.0794265
c:\software\DataLogicEngine\backend\knowledge_algorithms\ka_87_model_versioning.py,2171,1768469054.5009913
c:\software\DataLogicEngine\backend\knowledge_algorithms\ka_88_ab_testing.py,2215,1768469061.0259497
c:\software\DataLogicEngine\backend\knowledge_algorithms\ka_89_model_pruning.py,2319,1768469067.7857258
c:\software\DataLogicEngine\backend\knowledge_algorithms\ka_90_model_quantization.py,2385,1768469069.9082615
c:\software\DataLogicEngine\backend\knowledge_algorithms\ka_91_visualization.py,2356,1768469189.4336095
c:\software\DataLogicEngine\backend\knowledge_algorithms\ka_92_dashboarding.py,2347,1768469195.5202954
c:\software\DataLogicEngine\backend\knowledge_algorithms\ka_93_notification.py,2312,1768469201.5908196
c:\software\DataLogicEngine\backend\knowledge_algorithms\ka_94_reporting.py,2311,1768469207.346012
c:\software\DataLogicEngine\backend\knowledge_algorithms\ka_95_alerting.py,2224,1768469209.5014586
c:\software\DataLogicEngine\backend\knowledge_algorithms\ka_96_logging.py,2401,1768469220.8730516
c:\software\DataLogicEngine\backend\knowledge_algorithms\ka_97_auditing.py,2254,1768469227.1912885
c:\software\DataLogicEngine\backend\knowledge_algorithms\ka_98_profiling.py,2247,1768469233.225466
c:\software\DataLogicEngine\backend\knowledge_algorithms\ka_99_debugging.py,2280,1768469239.5181987
c:\software\DataLogicEngine\backend\knowledge_algorithms\ka_master_controller.py,5627,1768558275.1659455
c:\software\DataLogicEngine\backend\knowledge_algorithms\ka_registry.yaml,9270,1768558592.0653434
c:\software\DataLogicEngine\backend\knowledge_algorithms\__init__.py,226,1767661229.4573915
c:\software\DataLogicEngine\backend\knowledge_algorithms\config\ka_01_config.json,1188,1768464393.3363307
c:\software\DataLogicEngine\backend\knowledge_algorithms\config\ka_02_config.json,114,1768464427.8317072
c:\software\DataLogicEngine\backend\knowledge_algorithms\config\ka_03_config.json,185,1768464461.0627222
c:\software\DataLogicEngine\backend\knowledge_algorithms\config\ka_04_config.json,297,1768464513.3524237
c:\software\DataLogicEngine\backend\knowledge_algorithms\config\ka_05_config.json,680,1768464534.2893672
c:\software\DataLogicEngine\backend\knowledge_algorithms\config\ka_06_config.json,164,1768464550.8402066
c:\software\DataLogicEngine\backend\knowledge_algorithms\config\ka_07_config.json,155,1768464567.4601474
c:\software\DataLogicEngine\backend\knowledge_algorithms\config\ka_08_config.json,441,1768464584.6809287
c:\software\DataLogicEngine\backend\knowledge_algorithms\config\ka_09_config.json,258,1768464607.8502357
c:\software\DataLogicEngine\backend\knowledge_algorithms\config\ka_100_config.json,240,1768466536.502846
c:\software\DataLogicEngine\backend\knowledge_algorithms\config\ka_101_config.json,331,1768466554.7496648
c:\software\DataLogicEngine\backend\knowledge_algorithms\config\ka_102_config.json,293,1768466559.3393507
c:\software\DataLogicEngine\backend\knowledge_algorithms\config\ka_103_config.json,325,1768466563.9999619
c:\software\DataLogicEngine\backend\knowledge_algorithms\config\ka_104_config.json,294,1768466568.4818368
c:\software\DataLogicEngine\backend\knowledge_algorithms\config\ka_105_config.json,249,1768466573.0078793
c:\software\DataLogicEngine\backend\knowledge_algorithms\config\ka_106_config.json,375,1768466591.8250606
c:\software\DataLogicEngine\backend\knowledge_algorithms\config\ka_107_config.json,206,1768466596.2718337
c:\software\DataLogicEngine\backend\knowledge_algorithms\config\ka_108_config.json,232,1768466600.4268773
c:\software\DataLogicEngine\backend\knowledge_algorithms\config\ka_109_config.json,211,1768466604.4968328
c:\software\DataLogicEngine\backend\knowledge_algorithms\config\ka_10_config.json,873,1768464633.0550776
c:\software\DataLogicEngine\backend\knowledge_algorithms\config\ka_110_config.json,205,1768466608.7741709
c:\software\DataLogicEngine\backend\knowledge_algorithms\config\ka_111_config.json,234,1768466626.2457924
c:\software\DataLogicEngine\backend\knowledge_algorithms\config\ka_112_config.json,263,1768466630.3943894
c:\software\DataLogicEngine\backend\knowledge_algorithms\config\ka_113_config.json,398,1768466635.4060514
c:\software\DataLogicEngine\backend\knowledge_algorithms\config\ka_114_config.json,229,1768466651.5492609
c:\software\DataLogicEngine\backend\knowledge_algorithms\config\ka_115_config.json,226,1768466659.7307343
c:\software\DataLogicEngine\backend\knowledge_algorithms\config\ka_116_config.json,247,1768466663.908982
c:\software\DataLogicEngine\backend\knowledge_algorithms\config\ka_11_config.json,144,1768464733.479743
c:\software\DataLogicEngine\backend\knowledge_algorithms\config\ka_12_config.json,847,1768464749.0470996
c:\software\DataLogicEngine\backend\knowledge_algorithms\config\ka_13_config.json,550,1768464765.799545
c:\software\DataLogicEngine\backend\knowledge_algorithms\config\ka_14_config.json,315,1768464785.0832734
c:\software\DataLogicEngine\backend\knowledge_algorithms\config\ka_15_config.json,123,1768464802.0125782
c:\software\DataLogicEngine\backend\knowledge_algorithms\config\ka_16_config.json,536,1768464820.1267252
c:\software\DataLogicEngine\backend\knowledge_algorithms\config\ka_17_config.json,500,1768464835.5403967
c:\software\DataLogicEngine\backend\knowledge_algorithms\config\ka_18_config.json,240,1768464851.06156
c:\software\DataLogicEngine\backend\knowledge_algorithms\config\ka_19_config.json,214,1768464868.0106955
c:\software\DataLogicEngine\backend\knowledge_algorithms\config\ka_20_config.json,152,1768464894.9520283
c:\software\DataLogicEngine\backend\knowledge_algorithms\config\ka_21_config.json,178,1768464998.8459175
c:\software\DataLogicEngine\backend\knowledge_algorithms\config\ka_22_config.json,208,1768465021.9346206
c:\software\DataLogicEngine\backend\knowledge_algorithms\config\ka_23_config.json,171,1768465041.7025084
c:\software\DataLogicEngine\backend\knowledge_algorithms\config\ka_24_config.json,124,1768465060.9373941
c:\software\DataLogicEngine\backend\knowledge_algorithms\config\ka_25_config.json,126,1768465078.3059967
c:\software\DataLogicEngine\backend\knowledge_algorithms\config\ka_26_config.json,226,1768465095.5331986
c:\software\DataLogicEngine\backend\knowledge_algorithms\config\ka_27_config.json,242,1768465114.8364718
c:\software\DataLogicEngine\backend\knowledge_algorithms\config\ka_28_config.json,447,1768465131.341617
c:\software\DataLogicEngine\backend\knowledge_algorithms\config\ka_29_config.json,162,1768465148.5964344
c:\software\DataLogicEngine\backend\knowledge_algorithms\config\ka_30_config.json,168,1768465165.1680038
c:\software\DataLogicEngine\backend\knowledge_algorithms\config\ka_31_config.json,434,1768465285.9703178
c:\software\DataLogicEngine\backend\knowledge_algorithms\config\ka_32_config.json,167,1768465302.7016222
c:\software\DataLogicEngine\backend\knowledge_algorithms\config\ka_34_config.json,238,1768465325.0357535
c:\software\DataLogicEngine\backend\knowledge_algorithms\config\ka_35_config.json,167,1768465341.3267117
c:\software\DataLogicEngine\backend\knowledge_algorithms\config\ka_36_config.json,180,1768465360.1504712
c:\software\DataLogicEngine\backend\knowledge_algorithms\config\ka_37_config.json,155,1768465376.8155856
c:\software\DataLogicEngine\backend\knowledge_algorithms\config\ka_38_config.json,193,1768465395.0293133
c:\software\DataLogicEngine\backend\knowledge_algorithms\config\ka_39_config.json,147,1768465410.7148798
c:\software\DataLogicEngine\backend\knowledge_algorithms\config\ka_40_config.json,137,1768465429.6363943
c:\software\DataLogicEngine\backend\knowledge_algorithms\config\ka_41_config.json,218,1768465518.3018804
c:\software\DataLogicEngine\backend\knowledge_algorithms\config\ka_42_config.json,137,1768465539.94925
c:\software\DataLogicEngine\backend\knowledge_algorithms\config\ka_45_config.json,193,1768465579.7148001
c:\software\DataLogicEngine\backend\knowledge_algorithms\config\ka_46_config.json,187,1768465599.710025
c:\software\DataLogicEngine\backend\knowledge_algorithms\config\ka_47_config.json,154,1768465616.1022632
c:\software\DataLogicEngine\backend\knowledge_algorithms\config\ka_48_config.json,148,1768465633.800447
c:\software\DataLogicEngine\backend\knowledge_algorithms\config\ka_49_config.json,135,1768465651.3545809
c:\software\DataLogicEngine\backend\knowledge_algorithms\config\ka_50_config.json,212,1768465667.9004834
c:\software\DataLogicEngine\backend\knowledge_algorithms\config\ka_51_config.json,147,1768465764.7088933
c:\software\DataLogicEngine\backend\knowledge_algorithms\config\ka_52_config.json,126,1768465784.1329849
c:\software\DataLogicEngine\backend\knowledge_algorithms\config\ka_53_config.json,152,1768465799.983753
c:\software\DataLogicEngine\backend\knowledge_algorithms\config\ka_54_config.json,175,1768465818.9096065
c:\software\DataLogicEngine\backend\knowledge_algorithms\config\ka_55_config.json,314,1768465836.6334853
c:\software\DataLogicEngine\backend\knowledge_algorithms\config\ka_56_config.json,150,1768465855.755139
c:\software\DataLogicEngine\backend\knowledge_algorithms\config\ka_57_config.json,296,1768465873.3853273
c:\software\DataLogicEngine\backend\knowledge_algorithms\config\ka_58_config.json,145,1768465891.4412458
c:\software\DataLogicEngine\backend\knowledge_algorithms\config\ka_59_config.json,235,1768465909.0639236
c:\software\DataLogicEngine\backend\knowledge_algorithms\config\ka_60_config.json,138,1768465924.988045
c:\software\DataLogicEngine\backend\knowledge_algorithms\config\ka_61_config.json,180,1768465947.303919
c:\software\DataLogicEngine\backend\knowledge_algorithms\config\ka_62_config.json,276,1768465965.1778295
c:\software\DataLogicEngine\backend\knowledge_algorithms\config\ka_63_config.json,173,1768465983.3962107
c:\software\DataLogicEngine\backend\knowledge_algorithms\config\ka_64_config.json,296,1768466002.0918727
c:\software\DataLogicEngine\backend\knowledge_algorithms\config\ka_65_config.json,197,1768466025.1682532
c:\software\DataLogicEngine\backend\knowledge_algorithms\config\ka_66_config.json,145,1768466041.9903562
c:\software\DataLogicEngine\backend\knowledge_algorithms\config\ka_67_config.json,156,1768466059.648574
c:\software\DataLogicEngine\backend\knowledge_algorithms\config\ka_68_config.json,204,1768466079.7685857
c:\software\DataLogicEngine\backend\knowledge_algorithms\config\ka_69_config.json,292,1768466103.9671915
c:\software\DataLogicEngine\backend\knowledge_algorithms\config\ka_70_config.json,143,1768466104.8206372
c:\software\DataLogicEngine\backend\knowledge_algorithms\config\ka_71_config.json,304,1768466225.5645132
c:\software\DataLogicEngine\backend\knowledge_algorithms\config\ka_72_config.json,217,1768466230.326013
c:\software\DataLogicEngine\backend\knowledge_algorithms\config\ka_73_config.json,335,1768466246.7084281
c:\software\DataLogicEngine\backend\knowledge_algorithms\config\ka_74_config.json,332,1768466252.3489177
c:\software\DataLogicEngine\backend\knowledge_algorithms\config\ka_75_config.json,268,1768466268.0504236
c:\software\DataLogicEngine\backend\knowledge_algorithms\config\ka_76_config.json,183,1768466273.084947
c:\software\DataLogicEngine\backend\knowledge_algorithms\config\ka_77_config.json,228,1768466288.1457217
c:\software\DataLogicEngine\backend\knowledge_algorithms\config\ka_78_config.json,192,1768466292.606588
c:\software\DataLogicEngine\backend\knowledge_algorithms\config\ka_79_config.json,174,1768466308.09823
c:\software\DataLogicEngine\backend\knowledge_algorithms\config\ka_80_config.json,168,1768466312.574059
c:\software\DataLogicEngine\backend\knowledge_algorithms\config\ka_81_config.json,225,1768466330.4448078
c:\software\DataLogicEngine\backend\knowledge_algorithms\config\ka_82_config.json,205,1768466335.138252
c:\software\DataLogicEngine\backend\knowledge_algorithms\config\ka_83_config.json,238,1768466349.9217353
c:\software\DataLogicEngine\backend\knowledge_algorithms\config\ka_84_config.json,262,1768466354.9012601
c:\software\DataLogicEngine\backend\knowledge_algorithms\config\ka_85_config.json,266,1768466370.0114903
c:\software\DataLogicEngine\backend\knowledge_algorithms\config\ka_86_config.json,299,1768466375.2874267
c:\software\DataLogicEngine\backend\knowledge_algorithms\config\ka_87_config.json,255,1768466389.862736
c:\software\DataLogicEngine\backend\knowledge_algorithms\config\ka_88_config.json,280,1768466394.718693
c:\software\DataLogicEngine\backend\knowledge_algorithms\config\ka_89_config.json,229,1768466409.7565832
c:\software\DataLogicEngine\backend\knowledge_algorithms\config\ka_90_config.json,187,1768466414.6937573
c:\software\DataLogicEngine\backend\knowledge_algorithms\config\ka_91_config.json,212,1768466486.8260846
c:\software\DataLogicEngine\backend\knowledge_algorithms\config\ka_92_config.json,227,1768466491.0368004
c:\software\DataLogicEngine\backend\knowledge_algorithms\config\ka_93_config.json,314,1768466495.514053
c:\software\DataLogicEngine\backend\knowledge_algorithms\config\ka_94_config.json,280,1768466499.8072257
c:\software\DataLogicEngine\backend\knowledge_algorithms\config\ka_95_config.json,241,1768466504.5242212
c:\software\DataLogicEngine\backend\knowledge_algorithms\config\ka_96_config.json,258,1768466518.34871
c:\software\DataLogicEngine\backend\knowledge_algorithms\config\ka_97_config.json,221,1768466524.2565315
c:\software\DataLogicEngine\backend\knowledge_algorithms\config\ka_98_config.json,197,1768466528.2698724
c:\software\DataLogicEngine\backend\knowledge_algorithms\config\ka_99_config.json,192,1768466532.3115094
c:\software\DataLogicEngine\backend\knowledge_algorithms\l10\__init__.py,2224,1768511811.9632595
c:\software\DataLogicEngine\backend\knowledge_algorithms\l9\l9_ka_001_trace_analyzer.py,2449,1768509999.6298792
c:\software\DataLogicEngine\backend\knowledge_algorithms\l9\l9_ka_002_belief_drift.py,3029,1768510010.4628131
c:\software\DataLogicEngine\backend\knowledge_algorithms\l9\l9_ka_003_persona_auditor.py,2163,1768510023.21914
c:\software\DataLogicEngine\backend\knowledge_algorithms\l9\l9_ka_004_meta_evaluator.py,2875,1768510035.9206057
c:\software\DataLogicEngine\backend\knowledge_algorithms\l9\l9_ka_005_recursion_trigger.py,2313,1768510047.0140464
c:\software\DataLogicEngine\backend\knowledge_algorithms\l9\l9_ka_006_confidence_calc.py,2095,1768510058.738634
c:\software\DataLogicEngine\backend\knowledge_algorithms\l9\l9_ka_007_loop_controller.py,2652,1768510061.7734208
c:\software\DataLogicEngine\backend\knowledge_algorithms\l9\__init__.py,2325,1768509984.5255601
c:\software\DataLogicEngine\backend\llm_gateway\api.py,21561,1769720260.91013
c:\software\DataLogicEngine\backend\llm_gateway\gateway.py,34387,1769798949.7979496
c:\software\DataLogicEngine\backend\llm_gateway\schemas.py,1732,1767914141.0081499
c:\software\DataLogicEngine\backend\llm_gateway\__init__.py,553,1769712720.9437697
c:\software\DataLogicEngine\backend\mcp_server\registry.py,2129,1769626874.1064918
c:\software\DataLogicEngine\backend\mcp_server\router.py,2762,1769626876.0774949
c:\software\DataLogicEngine\backend\mcp_server\__init__.py,236,1769626867.2036307
c:\software\DataLogicEngine\backend\mcp_server\tools\jira.py,3660,1769652438.7003748
c:\software\DataLogicEngine\backend\mcp_server\tools\salesforce.py,3612,1769652436.7167082
c:\software\DataLogicEngine\backend\mcp_server\tools\__init__.py,149,1769626999.7071047
c:\software\DataLogicEngine\backend\middleware\correlation_id.py,3590,1769799907.623481
c:\software\DataLogicEngine\backend\middleware\etag.py,1789,1769797020.156665
c:\software\DataLogicEngine\backend\middleware\input_sanitizer.py,9370,1767661229.2960346
c:\software\DataLogicEngine\backend\middleware\request_limits.py,5971,1769797391.3836362
c:\software\DataLogicEngine\backend\middleware\timeout.py,5474,1767661229.2970335
c:\software\DataLogicEngine\backend\middleware\__init__.py,5901,1769797343.871904
c:\software\DataLogicEngine\backend\model_context\model_context_server.py,13647,1768557459.7955854
c:\software\DataLogicEngine\backend\operator\controller.py,7117,1768558241.9890978
c:\software\DataLogicEngine\backend\operator\operator.py,3663,1769752471.9129188
c:\software\DataLogicEngine\backend\quad_persona\quad_engine.py,12678,1769629042.8013093
c:\software\DataLogicEngine\backend\quad_persona\__init__.py,39,1769626328.1250641
c:\software\DataLogicEngine\backend\reports\compliance.py,6332,1769652394.5514846
c:\software\DataLogicEngine\backend\reports\__init__.py,85,1769628386.0756636
c:\software\DataLogicEngine\backend\repositories\node_repository.py,3163,1768557482.4557676
c:\software\DataLogicEngine\backend\repositories\__init__.py,45,1768557484.535301
c:\software\DataLogicEngine\backend\routes\analytics_routes.py,1278,1769656210.9932494
c:\software\DataLogicEngine\backend\routes\gdpr_routes.py,8661,1769926202.0306685
c:\software\DataLogicEngine\backend\routes\location_routes.py,11663,1769925546.6699345
c:\software\DataLogicEngine\backend\routes\multimodal_routes.py,3251,1769798105.4072807
c:\software\DataLogicEngine\backend\routes\privacy_routes.py,3432,1768559634.261421
c:\software\DataLogicEngine\backend\routes\retention_routes.py,6241,1768559186.4795918
c:\software\DataLogicEngine\backend\routes\search_routes.py,4308,1767760451.096228
c:\software\DataLogicEngine\backend\routes\settings_routes.py,1851,1768554494.4628386
c:\software\DataLogicEngine\backend\routes\storage_routes.py,11110,1769926225.2143352
c:\software\DataLogicEngine\backend\schemas\request_schemas.py,1181,1769926216.099149
c:\software\DataLogicEngine\backend\schemas\simulation_schemas.py,6679,1767661229.2999752
c:\software\DataLogicEngine\backend\schemas\__init__.py,8781,1767661229.2999752
c:\software\DataLogicEngine\backend\security\active_defense.py,4874,1769669706.7800813
c:\software\DataLogicEngine\backend\security\ai_guardrail.py,3533,1768503686.2295418
c:\software\DataLogicEngine\backend\security\api_security.py,13910,1767661229.3009753
c:\software\DataLogicEngine\backend\security\audit_logger.py,21766,1769714514.228946
c:\software\DataLogicEngine\backend\security\compliance_manager.py,15600,1767661229.3014753
c:\software\DataLogicEngine\backend\security\context_aware.py,3805,1768503711.396237
c:\software\DataLogicEngine\backend\security\data_classification.py,15295,1767661229.3014753
c:\software\DataLogicEngine\backend\security\dpapi_store.py,2113,1769797986.7755597
c:\software\DataLogicEngine\backend\security\encryption_manager.py,15477,1769667323.081498
c:\software\DataLogicEngine\backend\security\honeypot.py,2157,1768504626.1033254
c:\software\DataLogicEngine\backend\security\mfa.py,11822,1768501701.595044
c:\software\DataLogicEngine\backend\security\password_security.py,7518,1768109205.0315979
c:\software\DataLogicEngine\backend\security\pii_redaction.py,4217,1769628896.4933717
c:\software\DataLogicEngine\backend\security\prompt_injection_shield.py,3964,1769654655.4662223
c:\software\DataLogicEngine\backend\security\rbac.py,18501,1768562941.338053
c:\software\DataLogicEngine\backend\security\sanitizer.py,6059,1767661229.303475
c:\software\DataLogicEngine\backend\security\security_headers.py,6460,1767922600.4342577
c:\software\DataLogicEngine\backend\security\security_manager.py,16120,1767661229.303975
c:\software\DataLogicEngine\backend\security\security_monitoring.py,20505,1768005635.383026
c:\software\DataLogicEngine\backend\security\session_manager.py,11494,1767661229.304474
c:\software\DataLogicEngine\backend\security\token_manager.py,12115,1767661229.304474
c:\software\DataLogicEngine\backend\security\vulnerability_scanner.py,14217,1767661229.3053484
c:\software\DataLogicEngine\backend\security\zero_trust.py,28484,1767661229.306348
c:\software\DataLogicEngine\backend\security\__init__.py,1607,1767661229.300475
c:\software\DataLogicEngine\backend\services\analytics_service.py,4789,1769655966.1650114
c:\software\DataLogicEngine\backend\services\audio_service.py,4565,1769672279.4050329
c:\software\DataLogicEngine\backend\services\document_processor.py,7167,1769629072.957816
c:\software\DataLogicEngine\backend\services\file_upload_service.py,11723,1769665468.6137068
c:\software\DataLogicEngine\backend\services\rag_service.py,15644,1769672277.1772535
c:\software\DataLogicEngine\backend\services\video_service.py,5637,1769670139.7281716
c:\software\DataLogicEngine\backend\services\__init__.py,143,1769627149.5010717
c:\software\DataLogicEngine\backend\simulation\simulation_engine.py,12222,1769628997.7895503
c:\software\DataLogicEngine\backend\simulation\__init__.py,33,1769626264.8360815
c:\software\DataLogicEngine\backend\storage\connection_manager.py,13002,1769664718.8114915
c:\software\DataLogicEngine\backend\storage\database_manager.py,6649,1769586370.2862232
c:\software\DataLogicEngine\backend\storage\graph_store.py,2899,1769925618.5466735
c:\software\DataLogicEngine\backend\storage\object_store.py,17856,1769664813.4174478
c:\software\DataLogicEngine\backend\storage\vector_store.py,14455,1769664811.3622506
c:\software\DataLogicEngine\backend\storage\__init__.py,1406,1769664876.2683544
c:\software\DataLogicEngine\backend\tracing\api.py,21490,1769674324.2682576
c:\software\DataLogicEngine\backend\tracing\logger.py,3185,1769712718.319088
c:\software\DataLogicEngine\backend\tracing\__init__.py,1199,1769712712.536486
c:\software\DataLogicEngine\backend\truth_engine\api.py,15622,1769579605.6790054
c:\software\DataLogicEngine\backend\truth_engine\federated_sync.py,3604,1768491105.7424476
c:\software\DataLogicEngine\backend\truth_engine\__init__.py,722,1767661229.3084426
c:\software\DataLogicEngine\backend\truth_engine\truth_core\agi_planner.py,9793,1768506981.2739506
c:\software\DataLogicEngine\backend\truth_engine\truth_core\emergence_controller.py,15295,1768512184.1996765
c:\software\DataLogicEngine\backend\truth_engine\truth_core\engine.py,31771,1768558678.3062792
c:\software\DataLogicEngine\backend\truth_engine\truth_core\l10_schemas.py,4512,1768511747.5503721
c:\software\DataLogicEngine\backend\truth_engine\truth_core\l7_schemas.py,1421,1768506232.3753417
c:\software\DataLogicEngine\backend\truth_engine\truth_core\l9_schemas.py,5504,1768509806.2664812
c:\software\DataLogicEngine\backend\truth_engine\truth_core\meta_reasoning_controller.py,28686,1768510578.4410162
c:\software\DataLogicEngine\backend\truth_engine\truth_core\personas.py,10457,1768514477.534284
c:\software\DataLogicEngine\backend\truth_engine\truth_core\persona_sufficiency.py,7852,1768514418.3588376
c:\software\DataLogicEngine\backend\truth_engine\truth_core\refinement_orchestrator.py,6243,1768514864.345029
c:\software\DataLogicEngine\backend\truth_engine\truth_core\router.py,5671,1767661229.310941
c:\software\DataLogicEngine\backend\truth_engine\truth_core\tiers.py,6807,1767661229.311445
c:\software\DataLogicEngine\backend\truth_engine\truth_core\__init__.py,609,1767661229.3094418
c:\software\DataLogicEngine\backend\truth_engine\truth_gate\budget.py,7930,1767661229.3124454
c:\software\DataLogicEngine\backend\truth_engine\truth_gate\compliance.py,8916,1767661229.3124454
c:\software\DataLogicEngine\backend\truth_engine\truth_gate\gateway.py,8800,1767661229.312945
c:\software\DataLogicEngine\backend\truth_engine\truth_gate\l8_schemas.py,4691,1768509079.34995
c:\software\DataLogicEngine\backend\truth_engine\truth_gate\policies.py,5197,1767661229.312945
c:\software\DataLogicEngine\backend\truth_engine\truth_gate\quant.py,4321,1768506930.046247
c:\software\DataLogicEngine\backend\truth_engine\truth_gate\schemas.py,1039,1768505667.96114
c:\software\DataLogicEngine\backend\truth_engine\truth_gate\trust_validation_gateway.py,21699,1768509187.3391078
c:\software\DataLogicEngine\backend\truth_engine\truth_gate\__init__.py,589,1767661229.3119454
c:\software\DataLogicEngine\backend\truth_engine\truth_gate\quant_backends\logical.py,1141,1768505700.8169093
c:\software\DataLogicEngine\backend\truth_engine\truth_gate\quant_backends\statistical.py,2465,1768505686.3972855
c:\software\DataLogicEngine\backend\truth_engine\truth_link\blockchain_adapter.py,5286,1769652392.6190753
c:\software\DataLogicEngine\backend\truth_engine\truth_link\bus.py,7618,1767661229.3134444
c:\software\DataLogicEngine\backend\truth_engine\truth_link\queues.py,5675,1767661229.3139448
c:\software\DataLogicEngine\backend\truth_engine\truth_link\transport.py,5136,1767661229.3139448
c:\software\DataLogicEngine\backend\truth_engine\truth_link\__init__.py,505,1767661229.3134444
c:\software\DataLogicEngine\backend\truth_engine\truth_memory\audit.py,7085,1767661229.3144457
c:\software\DataLogicEngine\backend\truth_engine\truth_memory\cache.py,5184,1767661229.3144457
c:\software\DataLogicEngine\backend\truth_engine\truth_memory\manager.py,7576,1767661229.315374
c:\software\DataLogicEngine\backend\truth_engine\truth_memory\metrics.py,7472,1767661229.315374
c:\software\DataLogicEngine\backend\truth_engine\truth_memory\__init__.py,590,1767661229.3144457
c:\software\DataLogicEngine\backend\utils\exceptions.py,2193,1769796992.4013965
c:\software\DataLogicEngine\backend\utils\pagination.py,4137,1769581249.166161
c:\software\DataLogicEngine\backend\utils\responses.py,5840,1769581249.1666648
c:\software\DataLogicEngine\backend\utils\safe_path.py,768,1769798121.3056638
c:\software\DataLogicEngine\backend\utils\validation.py,9575,1769581249.167166
c:\software\DataLogicEngine\backend\utils\__init__.py,1460,1769796993.9590704
c:\software\DataLogicEngine\backend\webhook_server\webhook_server.py,9591,1767661229.3173754
c:\software\DataLogicEngine\components\Layout.js,3459,1767661229.3178725
c:\software\DataLogicEngine\components\ProductHeader.js,2513,1767661229.3178725
c:\software\DataLogicEngine\components\ui\Avatar.js,898,1767661229.3183732
c:\software\DataLogicEngine\components\ui\Badge.js,928,1767661229.3183732
c:\software\DataLogicEngine\components\ui\Button.js,1234,1767661229.3188734
c:\software\DataLogicEngine\components\ui\Card.js,974,1767661229.3188734
c:\software\DataLogicEngine\components\ui\ChatMessage.js,4133,1767661229.3193724
c:\software\DataLogicEngine\components\ui\ComplianceSpiderweb.js,5805,1767661229.3193724
c:\software\DataLogicEngine\components\ui\ContextualExpertWeb.js,6943,1767661229.3203745
c:\software\DataLogicEngine\components\ui\Dropdown.js,1744,1767661229.3208737
c:\software\DataLogicEngine\components\ui\HoneycombGraph.js,5013,1767661229.3208737
c:\software\DataLogicEngine\components\ui\index.js,1169,1767661229.3263218
c:\software\DataLogicEngine\components\ui\Input.js,532,1767661229.3213732
c:\software\DataLogicEngine\components\ui\Label.js,426,1767661229.3213732
c:\software\DataLogicEngine\components\ui\LocationMap.js,21879,1767661229.321873
c:\software\DataLogicEngine\components\ui\Navbar.js,4634,1767661229.3238733
c:\software\DataLogicEngine\components\ui\PillarMapping.js,13620,1767661229.324375
c:\software\DataLogicEngine\components\ui\RegulatoryOctopus.js,11205,1767661229.324375
c:\software\DataLogicEngine\components\ui\Sidebar.js,3546,1767661229.324375
c:\software\DataLogicEngine\components\ui\Text.js,1233,1767661229.3253171
c:\software\DataLogicEngine\components\ui\Textarea.js,555,1767661229.3253171
c:\software\DataLogicEngine\components\ui\Timeline.js,13175,1767661229.3253171
c:\software\DataLogicEngine\components\ui\UnifiedMapping.js,9768,1767661229.3263218
c:\software\DataLogicEngine\config\axis12_config.yaml,874,1767661229.3282518
c:\software\DataLogicEngine\config\axis_14_17_governance_schema.yaml,7606,1768458002.153405
c:\software\DataLogicEngine\config\config.env,203,1767661229.3263218
c:\software\DataLogicEngine\config\master_orchestration_registry.yaml,11438,1767661229.3282518
c:\software\DataLogicEngine\core\coordinate_system.py,40137,1768492340.2267568
c:\software\DataLogicEngine\core\__init__.py,31,1767661229.328756
c:\software\DataLogicEngine\core\algorithms\base_algorithm.py,3247,1767661229.3297603
c:\software\DataLogicEngine\core\algorithms\perspective_analyzer.py,18212,1767661229.3297603
c:\software\DataLogicEngine\core\algorithms\query_analyzer.py,8295,1767661229.330265
c:\software\DataLogicEngine\core\axes\axis10_regulatory_expert.py,9990,1767661229.330765
c:\software\DataLogicEngine\core\axes\axis11_compliance_expert.py,12087,1767661229.331265
c:\software\DataLogicEngine\core\axes\axis11_contextual.py,8609,1767661229.331265
c:\software\DataLogicEngine\core\axes\axis12_location.py,14541,1768118222.2644303
c:\software\DataLogicEngine\core\axes\axis13_time.py,16349,1768118232.13758
c:\software\DataLogicEngine\core\axes\axis14_provenance.py,1802,1768458496.2398343
c:\software\DataLogicEngine\core\axes\axis15_object_type.py,1315,1768458499.596087
c:\software\DataLogicEngine\core\axes\axis16_validation_state.py,1437,1768458504.1075153
c:\software\DataLogicEngine\core\axes\axis17_security.py,1879,1768458506.1267715
c:\software\DataLogicEngine\core\axes\axis1_identity.py,37477,1767661229.333765
c:\software\DataLogicEngine\core\axes\axis1_knowledge.py,13518,1767661229.334265
c:\software\DataLogicEngine\core\axes\axis2_sector.py,23770,1767661229.3347652
c:\software\DataLogicEngine\core\axes\axis3_domain.py,31385,1767661229.3347652
c:\software\DataLogicEngine\core\axes\axis4_knowledge.py,30849,1767661229.3352656
c:\software\DataLogicEngine\core\axes\axis4_methods.py,27398,1767661229.3357646
c:\software\DataLogicEngine\core\axes\axis5_honeycomb.py,29124,1767661229.3357646
c:\software\DataLogicEngine\core\axes\axis5_temporal.py,34396,1767661229.3357646
c:\software\DataLogicEngine\core\axes\axis6_regulatory.py,45792,1767661229.336668
c:\software\DataLogicEngine\core\axes\axis7_compliance.py,68944,1767661229.3371673
c:\software\DataLogicEngine\core\axes\axis8_knowledge_expert.py,10097,1767661229.3371673
c:\software\DataLogicEngine\core\axes\axis9_sector_expert.py,8835,1767661229.3376672
c:\software\DataLogicEngine\core\axes\axis_system.py,15213,1768459801.5664184
c:\software\DataLogicEngine\core\axes\__init__.py,202,1768458536.0371475
c:\software\DataLogicEngine\core\data\ka_registry.json,216111,1769584569.6792026
c:\software\DataLogicEngine\core\engine\ka_engine.py,19269,1768117319.015626
c:\software\DataLogicEngine\core\graph\graph_manager.py,24872,1767661229.339434
c:\software\DataLogicEngine\core\knowledge_algorithm\exceptions.py,1603,1768469576.4325147
c:\software\DataLogicEngine\core\knowledge_algorithm\ka_base.py,6426,1768469594.0588684
c:\software\DataLogicEngine\core\knowledge_algorithm\ka_loader.py,6484,1767661229.341303
c:\software\DataLogicEngine\core\knowledge_algorithm\__init__.py,57,1767661229.3399346
c:\software\DataLogicEngine\core\knowledge_algorithm\implementations\ka01_query_analyzer.py,11675,1767661229.3408034
c:\software\DataLogicEngine\core\knowledge_algorithm\implementations\ka02_axis_scorer.py,10500,1767661229.341303
c:\software\DataLogicEngine\core\knowledge_algorithm\implementations\__init__.py,49,1767661229.3399346
c:\software\DataLogicEngine\core\mcp\mcp_client.py,9812,1767661229.342691
c:\software\DataLogicEngine\core\mcp\mcp_manager.py,20800,1769674355.7070844
c:\software\DataLogicEngine\core\mcp\mcp_protocol.py,6543,1767661229.343692
c:\software\DataLogicEngine\core\mcp\mcp_server.py,13943,1767921359.1350276
c:\software\DataLogicEngine\core\mcp\README.md,6814,1767661229.3421922
c:\software\DataLogicEngine\core\mcp\__init__.py,384,1767661229.3421922
c:\software\DataLogicEngine\core\mcp\servers\system.py,5962,1767921274.440088
c:\software\DataLogicEngine\core\mcp\servers\__init__.py,0,1767921276.9778903
c:\software\DataLogicEngine\core\memory\structured_memory_manager.py,18359,1767661229.343692
c:\software\DataLogicEngine\core\nlp\coordinate_mapper.py,17007,1767661229.3451734
c:\software\DataLogicEngine\core\nlp\__init__.py,436,1767661229.344673
c:\software\DataLogicEngine\core\orchestration\master_workflow.py,47864,1767661229.3451734
c:\software\DataLogicEngine\core\orchestration\__init__.py,496,1767661229.3451734
c:\software\DataLogicEngine\core\persona\memory_system.py,14566,1767661229.3466246
c:\software\DataLogicEngine\core\persona\persona_manager.py,10209,1767661229.3466246
c:\software\DataLogicEngine\core\persona\persona_models.py,631,1769675162.2474363
c:\software\DataLogicEngine\core\persona\persona_system.py,14115,1767661229.3475752
c:\software\DataLogicEngine\core\persona\quad_persona_engine.py,23312,1767661229.3480754
c:\software\DataLogicEngine\core\persona\__init__.py,389,1767661229.3461244
c:\software\DataLogicEngine\core\self_evolving\sekre_engine.py,26779,1767661229.3485746
c:\software\DataLogicEngine\core\simulation\app_orchestrator.py,17536,1767661229.3485746
c:\software\DataLogicEngine\core\simulation\layer10_synthesis.py,23619,1767661229.349419
c:\software\DataLogicEngine\core\simulation\layer1_entry.py,16040,1767661229.3499188
c:\software\DataLogicEngine\core\simulation\layer2_knowledge.py,13755,1767661229.3499188
c:\software\DataLogicEngine\core\simulation\layer3_expert.py,19834,1767661229.3504188
c:\software\DataLogicEngine\core\simulation\layer4_reasoning.py,25142,1767661229.3509183
c:\software\DataLogicEngine\core\simulation\layer5_integration.py,17633,1767661229.3509183
c:\software\DataLogicEngine\core\simulation\layer6_enhancement.py,19677,1767661229.3515868
c:\software\DataLogicEngine\core\simulation\layer7_agi_system.py,62732,1767661229.3515868
c:\software\DataLogicEngine\core\simulation\layer8_quantum.py,14708,1767661229.3523278
c:\software\DataLogicEngine\core\simulation\layer9_recursive.py,18513,1767661229.3528283
c:\software\DataLogicEngine\core\simulation\location_context_engine.py,13916,1767661229.3528283
c:\software\DataLogicEngine\core\simulation\memory_simulation.py,35009,1768005635.3891957
c:\software\DataLogicEngine\core\simulation\query_persona_engine.py,22606,1768005635.3891957
c:\software\DataLogicEngine\core\simulation\refinement_orchestrator.py,80894,1767661229.353328
c:\software\DataLogicEngine\core\simulation\simulation_engine.py,62349,1768116099.678666
c:\software\DataLogicEngine\core\simulation\__init__.py,48,1767661229.3485746
c:\software\DataLogicEngine\core\system\code_crosswalk_service.py,3608,1768190327.5237234
c:\software\DataLogicEngine\core\system\frost_service.py,5419,1768244668.4478657
c:\software\DataLogicEngine\core\system\persona_construction_service.py,6890,1768245364.335538
c:\software\DataLogicEngine\core\system\refinement_orchestrator.py,4263,1769582702.5674708
c:\software\DataLogicEngine\core\system\system_initializer.py,8300,1767661229.3548088
c:\software\DataLogicEngine\core\system\trace_service.py,4573,1768244097.6146488
c:\software\DataLogicEngine\core\system\uae_models.py,3573,1768230679.5351977
c:\software\DataLogicEngine\core\system\unified_identity_service.py,4842,1768190294.203763
c:\software\DataLogicEngine\core\system\unified_mapping_system.py,9702,1768243848.2797554
c:\software\DataLogicEngine\core\system\unified_numbering_service.py,4067,1768244402.784045
c:\software\DataLogicEngine\core\system\united_system_manager.py,10460,1768244580.7982185
c:\software\DataLogicEngine\data\coverage.json,1232510,1767661229.3578093
c:\software\DataLogicEngine\data\layer1_database.json,171053,1767661229.3595178
c:\software\DataLogicEngine\data\memory.json,6133,1768111983.6870046
c:\software\DataLogicEngine\data\memory_store.json,15,1767661229.3615215
c:\software\DataLogicEngine\data\personas_db.json,18,1767661229.3615215
c:\software\DataLogicEngine\data\simulation_memory.json,1692,1767661229.3620212
c:\software\DataLogicEngine\data\ukg_result_20250519_152636.json,6139,1767661229.366655
c:\software\DataLogicEngine\data\ukg_result_20250519_152639.json,2049,1767661229.366655
c:\software\DataLogicEngine\data\workflow.json,12006,1767661229.5555592
c:\software\DataLogicEngine\data\lineage\lineage_FACT-001.json,289,1768114801.1373494
c:\software\DataLogicEngine\data\registries\axis_registry.json,6333,1768190204.9710624
c:\software\DataLogicEngine\data\registries\ka_registry.yaml,75574,1768112517.4647355
c:\software\DataLogicEngine\data\registries\UKG_KA_1_to_114_Enterprise_Registry.xlsx,35981,1767648569.4215102
c:\software\DataLogicEngine\data\security\keys\dek_registry.json,503,1769676574.1090646
c:\software\DataLogicEngine\data\security\keys\kek.salt,32,1768558822.1913605
c:\software\DataLogicEngine\data\ukg\axis_definitions.yaml,4155,1767661229.3627677
c:\software\DataLogicEngine\data\ukg\compliance_standards.yaml,17381,1767661229.3627677
c:\software\DataLogicEngine\data\ukg\contextual_experts.yaml,13101,1767661229.3634639
c:\software\DataLogicEngine\data\ukg\locations_gazetteer.yaml,2591,1767661229.3634639
c:\software\DataLogicEngine\data\ukg\methods.yaml,29049,1767661229.3639631
c:\software\DataLogicEngine\data\ukg\personas.yaml,8167,1767661229.3644638
c:\software\DataLogicEngine\data\ukg\pillar_levels.yaml,16873,1767661229.3644638
c:\software\DataLogicEngine\data\ukg\pillar_levels_expanded.yaml,6533,1767661229.3650723
c:\software\DataLogicEngine\data\ukg\regulatory_frameworks.yaml,12924,1767661229.3650723
c:\software\DataLogicEngine\data\ukg\sectors.yaml,11097,1767661229.3655722
c:\software\DataLogicEngine\data\ukg\time_periods.yaml,17900,1767661229.3655722
c:\software\DataLogicEngine\data\ukg\tools.yaml,7921,1767661229.366155
c:\software\DataLogicEngine\data\ukg\topics.yaml,9974,1767661229.366155
c:\software\DataLogicEngine\data\ukg\__init__.py,44,1767661229.3620212
c:\software\DataLogicEngine\demos\README.md,1864,1767741300.8204389
c:\software\DataLogicEngine\demos\compliance\run_refinement_workflow_demo.py,8765,1767661229.5201833
c:\software\DataLogicEngine\demos\compliance\run_regulatory_compliance_demo.py,15411,1768558331.642632
c:\software\DataLogicEngine\demos\compliance\security_compliance_demo.py,12159,1767661229.525071
c:\software\DataLogicEngine\demos\ka\run_ka_demo.py,3664,1768558273.3458045
c:\software\DataLogicEngine\demos\ka\run_ka_master_demo.py,11001,1768558313.964742
c:\software\DataLogicEngine\demos\ka\run_ka_orchestration_demo.py,12223,1768558297.4454577
c:\software\DataLogicEngine\demos\layers\run_layer1_demo.py,5609,1767661229.5196836
c:\software\DataLogicEngine\demos\layers\run_layered_database_demo.py,19030,1767661229.5196836
c:\software\DataLogicEngine\demos\layers\run_ukg_layer7_demo.py,15034,1767661229.5216832
c:\software\DataLogicEngine\demos\layers\run_ukg_layer8_demo.py,22078,1767661229.5221834
c:\software\DataLogicEngine\demos\layers\run_ukg_layer9_10_demo.py,23398,1767661229.5221834
c:\software\DataLogicEngine\demos\simulation\quad_demo.py,6047,1767661229.5122142
c:\software\DataLogicEngine\demos\simulation\run_quad_demo.py,4021,1767661229.5201833
c:\software\DataLogicEngine\demos\simulation\run_ukg_simulation_demo.py,10344,1767661229.5226834
c:\software\DataLogicEngine\demos\simulation\ukg_simulation_demo.py,3023,1767661229.5530593
c:\software\DataLogicEngine\demos\standalone\run_standalone.py,928,1767661229.520683
c:\software\DataLogicEngine\demos\standalone\run_standalone_demo.py,3167,1767661229.520683
c:\software\DataLogicEngine\demos\standalone\run_ukg_13axis_demo.py,23969,1768558316.3276339
c:\software\DataLogicEngine\demos\standalone\run_ukg_demo.py,7574,1767661229.5216832
c:\software\DataLogicEngine\demos\standalone\run_ukg_standalone.py,21824,1767661229.5231836
c:\software\DataLogicEngine\deploy\backup_database.sh,2140,1767757933.0329542
c:\software\DataLogicEngine\deploy\DEPLOYMENT_CHECKLIST.md,4417,1767758042.048918
c:\software\DataLogicEngine\deploy\DISASTER_RECOVERY.md,3244,1767758126.4765103
c:\software\DataLogicEngine\deploy\nginx.conf,3680,1767757923.111987
c:\software\DataLogicEngine\deploy\PHASE1_DEPLOYMENT_CHECKLIST.md,11858,1768450129.6972294
c:\software\DataLogicEngine\deploy\SENTRY_ALERTS.md,781,1768450129.7052293
c:\software\DataLogicEngine\deploy\setup_ssl.sh,1820,1767757935.0155673
c:\software\DataLogicEngine\deploy\UPTIME_MONITORING.md,1146,1768450129.7112432
c:\software\DataLogicEngine\deploy\validate_production.py,5365,1767758044.0027087
c:\software\DataLogicEngine\deploy\aws\buildspec.yml,1141,1767917266.4945343
c:\software\DataLogicEngine\deploy\aws\task-definition.json,1149,1767917268.548177
c:\software\DataLogicEngine\deploy\azure\azure-pipelines.yml,1619,1767917260.9763372
c:\software\DataLogicEngine\deploy\azure\startup.sh,461,1767917258.9187362
c:\software\DataLogicEngine\deploy\gcp\cloudbuild.yaml,848,1767917270.7751606
c:\software\DataLogicEngine\deploy\k8s\operator\mcpserver_crd.yaml,1010,1769752444.396325
c:\software\DataLogicEngine\deploy\k8s\operator\operator_deploy.yaml,559,1769752474.472586
c:\software\DataLogicEngine\deploy\k8s\operator\rbac.yaml,1221,1769752475.2442229
c:\software\DataLogicEngine\deploy\k8s\operator\ukgnode_crd.yaml,1368,1769752444.0857866
c:\software\DataLogicEngine\deploy\windows\DataLogicEngine.url,60,1768562407.5893123
c:\software\DataLogicEngine\deploy\windows\DataLogic_Backend.xml,561,1768560363.116674
c:\software\DataLogicEngine\deploy\windows\DataLogic_Frontend.xml,526,1768560368.6950135
c:\software\DataLogicEngine\deploy\windows\UKG_Setup.wxs,5802,1768562401.3477783
c:\software\DataLogicEngine\docs\AI_MANAGEMENT_SYSTEM_42001.md,2095,1768501461.8963358
c:\software\DataLogicEngine\docs\API.md,7180,1768500427.670688
c:\software\DataLogicEngine\docs\API_VERSIONING.md,2285,1768247102.8420858
c:\software\DataLogicEngine\docs\ARCHITECTURE.md,28173,1769655151.730831
c:\software\DataLogicEngine\docs\CIS_BENCHMARKS.md,1847,1768501471.8099217
c:\software\DataLogicEngine\docs\CONTRIBUTING.md,1698,1767916625.201806
c:\software\DataLogicEngine\docs\CROSS_USER_TESTING.md,8875,1768565867.584608
c:\software\DataLogicEngine\docs\DEPLOYMENT.md,2055,1769728348.4266987
c:\software\DataLogicEngine\docs\DEVELOPER_GUIDE.md,4538,1769655210.8810773
c:\software\DataLogicEngine\docs\FILE_STRUCTURE.md,13246,1769655189.7956226
c:\software\DataLogicEngine\docs\K8S_OPERATOR_DESIGN.md,3094,1769727109.299958
c:\software\DataLogicEngine\docs\MCP_INTEGRATION.md,12195,1767661229.3696547
c:\software\DataLogicEngine\docs\openapi.yaml,4778,1768189226.9575412
c:\software\DataLogicEngine\docs\OPERATIONAL_RUNBOOKS.md,2743,1768501371.601871
c:\software\DataLogicEngine\docs\PRIVACY_POLICY.md,3695,1768561278.448265
c:\software\DataLogicEngine\docs\PRODUCTION_READINESS.md,27370,1768562522.5478804
c:\software\DataLogicEngine\docs\REACT_NATIVE_RESEARCH.md,4342,1769727085.7036865
c:\software\DataLogicEngine\docs\RELEASE_NOTES_v2.5.0.md,8101,1768565829.9635794
c:\software\DataLogicEngine\docs\SDLC_SSDF_MAPPING.md,3224,1768501360.927564
c:\software\DataLogicEngine\docs\SECURITY.md,6555,1768562433.9877887
c:\software\DataLogicEngine\docs\SLSA_LEVEL_3_ATTESTATION.md,2044,1768502490.077997
c:\software\DataLogicEngine\docs\SSL_CONFIGURATION.md,12242,1768450129.725044
c:\software\DataLogicEngine\docs\STORE_LISTING.md,2566,1768554844.8542829
c:\software\DataLogicEngine\docs\TESTING.md,10143,1768450129.7315433
c:\software\DataLogicEngine\docs\TODO.md,7584,1769655124.714545
c:\software\DataLogicEngine\docs\v3_ROADMAP.md,2225,1769656224.1124752
c:\software\DataLogicEngine\docs\WORKFLOW.md,1279,1768492419.6251793
c:\software\DataLogicEngine\docs\api\openapi.yaml,28316,1767911559.7794528
c:\software\DataLogicEngine\docs\api\postman_collection.json,7078,1768247172.7335832
c:\software\DataLogicEngine\docs\archive\-UKG_Simulation_Build_Guide.txt,879532,1767661227.6790123
c:\software\DataLogicEngine\docs\archive\ACCESSIBILITY_AND_ERROR_HANDLING.md,18106,1768469980.177773
c:\software\DataLogicEngine\docs\archive\AUDIT_SUMMARY_2026.md,1893,1768501502.437225
c:\software\DataLogicEngine\docs\archive\BRANCH_CONSOLIDATION_REPORT.md,7306,1767661229.0325506
c:\software\DataLogicEngine\docs\archive\DEPENDENCY_VULNERABILITIES.md,5071,1767661229.034972
c:\software\DataLogicEngine\docs\archive\ENTERPRISE_ROADMAP.md,11064,1768250578.850765
c:\software\DataLogicEngine\docs\archive\ENTERPRISE_STANDARDS_2025.md,12427,1768501254.6709661
c:\software\DataLogicEngine\docs\archive\FRONTEND_REVIEW.md,3566,1767793382.96194
c:\software\DataLogicEngine\docs\archive\GAP_ANALYSIS.md,4415,1767909690.4337573
c:\software\DataLogicEngine\docs\archive\GRAND_PLAN_EXCELLENCE_2026.md,4983,1768503421.3548675
c:\software\DataLogicEngine\docs\archive\how_to_run_simulation.md,2397,1768450129.7500477
c:\software\DataLogicEngine\docs\archive\IMPLEMENTATION_EXAMPLE.md,16080,1767661229.369155
c:\software\DataLogicEngine\docs\archive\persona_editor_walkthrough.md,2460,1768450129.7590466
c:\software\DataLogicEngine\docs\archive\PHASE1_COMPLETION_SUMMARY.md,10600,1768450129.6632245
c:\software\DataLogicEngine\docs\archive\PHASE1_FINAL_STATUS.md,12630,1768450129.6716774
c:\software\DataLogicEngine\docs\archive\PRODUCTION_CODE_REVIEW.md,25751,1767661229.0860643
c:\software\DataLogicEngine\docs\archive\SECRETS.md,14460,1767661229.0875647
c:\software\DataLogicEngine\docs\archive\style-guide.md,2843,1767661229.3701553
c:\software\DataLogicEngine\docs\archive\TODO_legacy.md,5121,1767909621.155112
c:\software\DataLogicEngine\docs\archive\ui-ux-improvement-plan.md,4445,1767661229.4473984
c:\software\DataLogicEngine\docs\archive\UKG_Quarry_System_Example.md,12499,1768218356.0
c:\software\DataLogicEngine\docs\archive\UKG_Unified_System_Technical_Supplement.md,2815,1768492051.440482
c:\software\DataLogicEngine\docs\archive\USER_JOURNEY_REVIEW.md,2811,1767907581.9495316
c:\software\DataLogicEngine\docs\archive\dotnet_service\Program.cs,5828,1767661229.2901032
c:\software\DataLogicEngine\docs\archive\legacy_assets\chat-exports\Pasted--Creating-a-database-Please-help-me-add-a-database-to-my-app-Just-now-KH-KevinHerrera21-C-1747628165423.txt,10558,1767661229.1999958
c:\software\DataLogicEngine\docs\archive\legacy_assets\chat-exports\Pasted--Generate-Python-code-files-for-KA-39-to-KA-50-ka-batch-39-to-50-ka-39-quantum-trust-p-1747673785923.txt,11914,1767661229.2004957
c:\software\DataLogicEngine\docs\archive\legacy_assets\chat-exports\Pasted--Generate-Python-code-files-for-KA-39-to-KA-50-ka-batch-39-to-50-ka-39-quantum-trust-p-1747675917698.txt,11914,1767661229.2009957
c:\software\DataLogicEngine\docs\archive\legacy_assets\chat-exports\Pasted--KA-26-to-KA-30-have-been-created-and-registered-into-your-simulation-system--1747669066963.txt,2237,1767661229.2014956
c:\software\DataLogicEngine\docs\archive\legacy_assets\chat-exports\Pasted--KA-31-to-KA-38-are-now-complete-and-fully-integrated-completing-the-entire-KA-01-through-K-1747669190572.txt,2760,1767661229.2019956
c:\software\DataLogicEngine\docs\archive\legacy_assets\chat-exports\Pasted--Next-Building-KA-06-to-KA-10-I-will-now-proceed-to-generate-and-display-the-full-source-code-for--1747668973537.txt,23630,1767661229.2049956
c:\software\DataLogicEngine\docs\archive\legacy_assets\chat-exports\Pasted--python-Always-show-details-Copy-Generate-Python-code-files-for-KA-39-to-KA-50-ka-batch-39-to-50-1747672225778.txt,6775,1767661229.2119992
c:\software\DataLogicEngine\docs\archive\legacy_assets\chat-exports\Pasted--SYSTEM-SETUP-Nested-In-Memory-Simulation-Management-System-Overview-of-the-Simulation-Stack--1747668544512.txt,28871,1767661229.205497
c:\software\DataLogicEngine\docs\archive\legacy_assets\chat-exports\Pasted--this-is-a-core-piece-of-the-UKG-USKD-intelligence-We-re-going-to-build-out-the-QuadPersonaEngine-t-1747643775529.txt,4616,1767661229.2119992
c:\software\DataLogicEngine\docs\archive\legacy_assets\chat-exports\Pasted--ukg-system-0-1-0-build-Next-js-14-2-28-Environments-env-Linting-and-checking-validi-1747685545198.txt,11564,1767661229.2119992
c:\software\DataLogicEngine\docs\archive\legacy_assets\chat-exports\Pasted--USER-How-best-to-code-in-the-13-axis-system-for-the-universe-knowledge-graph-ASSISTANT-To--1747634659073.txt,1592555,1767661229.210996
c:\software\DataLogicEngine\docs\archive\legacy_assets\chat-exports\Pasted-Based-on-your-uploaded-AKF-YAML-AKF-Simulation-Base-and-regulatory-architecture-from-the-4D-Databa-1747690799302.txt,55359,1767661229.2125022
c:\software\DataLogicEngine\docs\archive\legacy_assets\chat-exports\Pasted-Based-on-your-uploaded-AKF-YAML-AKF-Simulation-Base-and-regulatory-architecture-from-the-4D-Databa-1747690984794.txt,55359,1767661229.213502
c:\software\DataLogicEngine\docs\archive\legacy_assets\chat-exports\Pasted-Based-on-your-uploaded-AKF-YAML-AKF-Simulation-Base-and-regulatory-architecture-from-the-4D-Databa-1747691482962.txt,55359,1767661229.214002
c:\software\DataLogicEngine\docs\archive\legacy_assets\chat-exports\Pasted-Here-are-10-user-stories-designed-for-the-Universal-Knowledge-Graph-UKG-and-Universal-Simulated-Kn-1747689886118.txt,71810,1767661229.2145019
c:\software\DataLogicEngine\docs\archive\legacy_assets\chat-exports\Pasted-Here-is-a-full-Replit-Build-Instruction-Guide-for-deploying-the-Quad-Persona-Simulation-System-as-pa-1747666155439.txt,16534,1767661229.2150018
c:\software\DataLogicEngine\docs\archive\legacy_assets\chat-exports\Pasted-Here-is-a-step-by-step-instruction-set-for-building-the-Nested-Layered-In-Memory-Simulation-Manageme-1747666810918.txt,4158,1767661229.2150018
c:\software\DataLogicEngine\docs\archive\legacy_assets\chat-exports\Pasted-o-design-the-Point-of-View-POV-Engine-for-the-Universal-Knowledge-Graph-UKG-and-Universal-Simula-1747683335869.txt,55435,1767661229.2220027
c:\software\DataLogicEngine\docs\archive\legacy_assets\chat-exports\Pasted-o-design-the-Point-of-View-POV-Engine-for-the-Universal-Knowledge-Graph-UKG-and-Universal-Simula-1747683710936.txt,55435,1767661229.222503
c:\software\DataLogicEngine\docs\archive\legacy_assets\chat-exports\Pasted-Would-you-like-to-Proceed-with-KA-31-to-KA-38-AGI-and-emergence-logic-Package-all-30-modules-i-1747672141189.txt,11757,1767661229.2155018
c:\software\DataLogicEngine\docs\archive\legacy_assets\chat-exports\Pasted-You-said-build-the-dynamic-knowleadge-mapping-and-database-cloning-system-that-uses-thr-13-axis-sys-1747677078375.txt,27025,1767661229.217002
c:\software\DataLogicEngine\docs\archive\legacy_assets\chat-exports\Pasted-You-said-build-the-dynamic-knowleadge-mapping-and-database-cloning-system-that-uses-thr-13-axis-sys-1747677824289.txt,27025,1767661229.2175024
c:\software\DataLogicEngine\docs\archive\legacy_assets\chat-exports\Pasted-You-said-create-build-instructing-for-layer-5-ChatGPT-said-To-build-Layer-5-of-the-Universal-Kno-1747685200611.txt,8374,1767661229.2175024
c:\software\DataLogicEngine\docs\archive\legacy_assets\chat-exports\Pasted-You-said-create-build-instructing-for-layer-5-ChatGPT-said-To-build-Layer-5-of-the-Universal-Kno-1747686292959.txt,26429,1767661229.2180016
c:\software\DataLogicEngine\docs\archive\legacy_assets\chat-exports\Pasted-You-said-create-build-instructing-for-layer-5-ChatGPT-said-To-build-Layer-5-of-the-Universal-Kno-1747686304942.txt,26429,1767661229.2185025
c:\software\DataLogicEngine\docs\archive\legacy_assets\chat-exports\Pasted-You-said-Create-plan-to-build-all-parts-of-the-universal-knowledge-graph-and-simulated-universe-dat-1747683847455.txt,61435,1767661229.2160017
c:\software\DataLogicEngine\docs\archive\legacy_assets\chat-exports\Pasted-You-said-Create-plan-to-build-all-parts-of-the-universal-knowledge-graph-and-simulated-universe-dat-1747689813442.txt,64750,1767661229.216502
c:\software\DataLogicEngine\docs\archive\legacy_assets\chat-exports\Pasted-You-said-design-layer-8-the-simulated-quantum-computer-ChatGPT-said-To-design-Layer-8-The-Simu-1747688009469.txt,23760,1767661229.2190018
c:\software\DataLogicEngine\docs\archive\legacy_assets\chat-exports\Pasted-You-said-design-layer-8-the-simulated-quantum-computer-ChatGPT-said-To-design-Layer-8-The-Simu-1747688494448.txt,23957,1767661229.2195024
c:\software\DataLogicEngine\docs\archive\legacy_assets\chat-exports\Pasted-You-said-design-layer-8-the-simulated-quantum-computer-ChatGPT-said-To-design-Layer-8-The-Simu-1747688708296.txt,23957,1767661229.2200027
c:\software\DataLogicEngine\docs\archive\legacy_assets\chat-exports\Pasted-You-said-desing-Layer-9-Recursive-AGI-Core-or-Layer-10-Self-Awareness-Engine-ChatGPT-said--1747689462218.txt,26164,1767661229.2200027
c:\software\DataLogicEngine\docs\archive\legacy_assets\chat-exports\Pasted-You-said-lets-design-and-build-the-gatekeeper-agent-ChatGPT-said-To-design-and-build-the-Gatekee-1747679687691.txt,13662,1767661229.220505
c:\software\DataLogicEngine\docs\archive\legacy_assets\chat-exports\Pasted-You-said-lets-design-and-build-the-gatekeeper-agent-ChatGPT-said-To-design-and-build-the-Gatekee-1747683198694.txt,13662,1767661229.2210033
c:\software\DataLogicEngine\docs\archive\legacy_assets\chat-exports\Pasted-You-said-next-design-layer-7-and-crete-build-instructions-ChatGPT-said-Here-is-the-full-design-a-1747687371187.txt,14140,1767661229.2210033
c:\software\DataLogicEngine\docs\archive\legacy_assets\chat-exports\Pasted-You-ve-now-implemented-KA-01-to-KA-38-which-are-the-full-set-of-algorithms-originally-scoped-for-th-1747676098378.txt,20371,1767661229.2215035
c:\software\DataLogicEngine\docs\archive\legacy_assets\data\AXIS-2_world_wide_codes_systems_1766028647731.xlsx,37726,1767661229.091565
c:\software\DataLogicEngine\docs\archive\legacy_assets\data\PL-1-107_with_members_1766028647731.xlsx,16076,1767661229.1794932
c:\software\DataLogicEngine\docs\archive\legacy_assets\data\truthcore_v7_3_1766005797657.json,2538,1767661229.2846446
c:\software\DataLogicEngine\docs\archive\legacy_assets\data\truthgate_v7_3_1766005797657.json,7589,1767661229.2846446
c:\software\DataLogicEngine\docs\archive\legacy_assets\data\truthlink_v7_3_1766005797657.json,8216,1767661229.285644
c:\software\DataLogicEngine\docs\archive\legacy_assets\data\truthmemory_v7_3_1766005797657.json,14103,1767661229.285644
c:\software\DataLogicEngine\docs\archive\legacy_assets\data\truth_engine_v7_3_master_1766005797657.json,1746,1767661229.2839122
c:\software\DataLogicEngine\docs\archive\legacy_assets\data\truth_engine_v7_3_master_tree_1766005797657.yaml,4045,1767661229.2839122
c:\software\DataLogicEngine\docs\archive\legacy_assets\data\UKG_KA_1_to_114_Enterprise_Registry_with_Libraries_and_Formul_1765941721302.xlsx,49710,1767661229.2589028
c:\software\DataLogicEngine\docs\archive\legacy_assets\documents\Mathematical_Formulas_for_Quad_Persona_System_with_Dynamic_Kno_1766028243802.pdf,194118,1767661229.101426
c:\software\DataLogicEngine\docs\archive\legacy_assets\documents\Point of View engine 2.docx,7786041,1767661229.2444015
c:\software\DataLogicEngine\docs\archive\legacy_assets\documents\POV Engine for KBR contract writer use case exsample.docx,5326957,1767661229.1984954
c:\software\DataLogicEngine\docs\archive\legacy_assets\documents\pov exsample 3.docx,303429,1767661229.2834115
c:\software\DataLogicEngine\docs\archive\legacy_assets\documents\The_17_Axis_System__Comprehensive_Technical_Architecture_1765942306012.pdf,4110361,1767661229.2574027
c:\software\DataLogicEngine\docs\archive\legacy_assets\documents\UKG_17-Axis_System_Configuration_Files_1766621504177.pdf,113300,1767661229.2584026
c:\software\DataLogicEngine\docs\archive\legacy_assets\documents\Unified_Coordinate_System_for_UKG_USKD_–_Technical_Documentati_1766025988120.pdf,114153,1767661229.2599022
c:\software\DataLogicEngine\docs\archive\legacy_assets\documents\Universal_Knowledge_Graph_Simulation_Stack_–_10-Layer_Archite_1766027783727.docx,279902,1767661229.262406
c:\software\DataLogicEngine\docs\archive\legacy_assets\images\NotebookLM Mind Map (1).png,4619230,1767661229.1233752
c:\software\DataLogicEngine\docs\archive\legacy_assets\images\NotebookLM Mind Map.png,9551214,1767661229.170758
c:\software\DataLogicEngine\docs\archive\legacy_assets\images\Screenshot 2025-03-14 095931.png,148273,1767661229.2459028
c:\software\DataLogicEngine\docs\archive\legacy_assets\reference\10-38-54-PL_Levels_Mapping_Request.txt,52479,1767661229.0895646
c:\software\DataLogicEngine\docs\archive\legacy_assets\reference\23-14-9-KGs_and_LLMs_for_AGI (1).txt,76060,1767661229.0910642
c:\software\DataLogicEngine\docs\archive\legacy_assets\reference\App high level build plan give to agents last'.txt,214137,1767661229.0959265
c:\software\DataLogicEngine\docs\archive\legacy_assets\reference\Core logic B 5-18.txt,19907,1767661229.0969262
c:\software\DataLogicEngine\docs\archive\legacy_assets\reference\core logic C 5-18.txt,18962,1767661229.2629056
c:\software\DataLogicEngine\docs\archive\legacy_assets\reference\Core logic D 5-18.txt,19355,1767661229.0979261
c:\software\DataLogicEngine\docs\archive\legacy_assets\reference\Core logic E PL levels 5-18.txt,12471,1767661229.0989256
c:\software\DataLogicEngine\docs\archive\legacy_assets\reference\CoreLogic A 5-18.txt,25993,1767661229.0994253
c:\software\DataLogicEngine\docs\archive\legacy_assets\reference\Numbe 1.txt,1592555,1767661229.1789935
c:\software\DataLogicEngine\docs\archive\legacy_assets\reference\number 10.txt,276101,1767661229.2644057
c:\software\DataLogicEngine\docs\archive\legacy_assets\reference\number 13.txt,215389,1767661229.2654057
c:\software\DataLogicEngine\docs\archive\legacy_assets\reference\number 14.txt,129928,1767661229.2664056
c:\software\DataLogicEngine\docs\archive\legacy_assets\reference\number 15.txt,76060,1767661229.2669058
c:\software\DataLogicEngine\docs\archive\legacy_assets\reference\number 2.txt,52479,1767661229.267406
c:\software\DataLogicEngine\docs\archive\legacy_assets\reference\number 3.txt,1426485,1767661229.2719052
c:\software\DataLogicEngine\docs\archive\legacy_assets\reference\number 4.txt,215389,1767661229.2729058
c:\software\DataLogicEngine\docs\archive\legacy_assets\reference\number 5.txt,518493,1767661229.2749057
c:\software\DataLogicEngine\docs\archive\legacy_assets\reference\number 6.txt,249580,1767661229.2764091
c:\software\DataLogicEngine\docs\archive\legacy_assets\reference\number 8.txt,612572,1767661229.2789125
c:\software\DataLogicEngine\docs\archive\legacy_assets\reference\number 9.txt,518493,1767661229.2809126
c:\software\DataLogicEngine\docs\archive\legacy_assets\reference\number12.txt,133823,1767661229.2819116
c:\software\DataLogicEngine\docs\archive\legacy_chat\ai_chat.py,14349,1767661229.2861435
c:\software\DataLogicEngine\docs\archive\legacy_chat\chat_api.py,6972,1767661229.2886033
c:\software\DataLogicEngine\docs\archive\obsolete\CLOUD_REQUIREMENTS.md,2610,1767917278.0720634
c:\software\DataLogicEngine\docs\archive\obsolete\DEPLOYMENT_CLOUD.md,7396,1768565876.3122237
c:\software\DataLogicEngine\docs\archive\obsolete\DEPLOYMENT_DESKTOP.md,9267,1768565824.809067
c:\software\DataLogicEngine\docs\archive\obsolete\TEST_STATUS.md,8457,1768510826.7387576
c:\software\DataLogicEngine\docs\archive\obsolete\UKG_WINDOWS_DESKTOP_GAP_ANALYSIS.md,28420,1769581249.1676652
c:\software\DataLogicEngine\docs\archive\supporting-documents\README.md,8512,1767661229.3920052
c:\software\DataLogicEngine\docs\whitepapers\Gap Analysis_ UKG_USKD White Paper vs. Full Technical Design Documentation.pdf,79335,1768106001.3505104
c:\software\DataLogicEngine\docs\whitepapers\Integration of Knowledge Algorithms (KAs) into the UKG_USKD Architecture.pdf,172912,1768109228.9191473
c:\software\DataLogicEngine\docs\whitepapers\Modular Design for UKG’s 12-Step Workflow and 17-Axis System.pdf,54351,1768111307.7657623
c:\software\DataLogicEngine\docs\whitepapers\UKG_Grok_Whitepaper.md,332828,1768515768.5146124
c:\software\DataLogicEngine\docs\whitepapers\UKG_USKD Deep Architecture and Compliance System – Supplementary White Paper Part 2.pdf,377058,1768108321.208218
c:\software\DataLogicEngine\docs\whitepapers\UKG_Workflow_Architecture.md,1106643,1768515782.428416
c:\software\DataLogicEngine\docs\whitepapers\Universal Knowledge Graph (UKG) and Universal Simulated Knowledge Database (USKD) – Technical White  (1).pdf,329522,1768105234.7247138
c:\software\DataLogicEngine\docs\wireframes\2025-design-system.md,23343,1767661229.4478905
c:\software\DataLogicEngine\docs\wireframes\chat-interface-2025.md,39816,1767661229.4493906
c:\software\DataLogicEngine\docs\wireframes\knowledge-graph-dashboard-2025.md,54381,1768492187.464194
c:\software\DataLogicEngine\docs\wireframes\landing-page-2025.md,26256,1767661229.4503903
c:\software\DataLogicEngine\docs\wireframes\login-auth-2025.md,43654,1767661229.4518905
c:\software\DataLogicEngine\docs\wireframes\README.md,13889,1767661229.4488907
c:\software\DataLogicEngine\documents\4D_Database_Solution Metadata acquation knowleagde graph.pdf,293190,1767661229.3809178
c:\software\DataLogicEngine\documents\6f03c298-3e35-4c13-b222-4199bcf889c7_Advanced_4D_Acquisition_Knowledge_Framework_A_Comprehensive_Model_for_Federal_State_City_and_Local_Acquisition_Regulations.pdf,206022,1767661229.3829176
c:\software\DataLogicEngine\documents\Algorithm of Thoughts- Enhancing Exploration of Ideas in Large Language Models.pdf,404266,1767661229.3844178
c:\software\DataLogicEngine\documents\analysis of layered nested simulated database - Monica AI Chat.pdf,3556446,1767661229.4468906
c:\software\DataLogicEngine\documents\ARCHITECTURE_BLUEPRINT.md,2736,1769903867.3079984
c:\software\DataLogicEngine\documents\Comprehensive Enterprise Workflow & Process Guide for the Knowledge System.pdf,187260,1767661229.3859177
c:\software\DataLogicEngine\documents\Full-Stack Chatbot with UKG Overlay – Developer Blueprint.pdf,155908,1767661229.3869183
c:\software\DataLogicEngine\documents\Integrating the Model Context Protocol (MCP) into the Universal Knowledge Graph (UKG).pdf,307610,1767661229.3889177
c:\software\DataLogicEngine\documents\Mathematical_Formulas_for_Universal_Knowledge_Framework_2.0.pdf,325678,1767661229.3920052
c:\software\DataLogicEngine\documents\Multi Dimensional AI Driven Knowledge Framework A Technical Deep Dive.docm,156606,1767661229.0369716
c:\software\DataLogicEngine\documents\MVP Plan_ Universal Knowledge Graph (UKG) System.pdf,125625,1767661229.3899179
c:\software\DataLogicEngine\documents\The Universal Knowledge Graph A Theoretical Framework for Next-Generation AI Architecture.pdf,3839801,1767661229.4093668
c:\software\DataLogicEngine\documents\The_17_Axis_System__Comprehensive_Technical_Architecture.pdf,4110361,1769582609.2052526
c:\software\DataLogicEngine\documents\ukg_yaml_v2_all_documents.pdf,263450,1769582585.7940059
c:\software\DataLogicEngine\documents\Unified Coordinate System for UKG_USKD – Technical Documentation.pdf,114153,1767661229.4103658
c:\software\DataLogicEngine\documents\Unified Knowledge System_ 13 Axes and Multi-Perspective Workflow.pdf,83642,1767661229.4118688
c:\software\DataLogicEngine\documents\Universal Knowledge Algorithm (KA) System – Technical Report.pdf,264120,1767661229.4143686
c:\software\DataLogicEngine\documents\Universal Knowledge Graph (UKG) Application Design & Development Guide.pdf,294100,1767661229.4163687
c:\software\DataLogicEngine\documents\Universal Knowledge Graph (UKG) MVP – System Documentation.pdf,279570,1767661229.418869
c:\software\DataLogicEngine\documents\Universal Knowledge Graph Simulation Stack – 10-Layer Architecture Report.pdf,307507,1767661229.4213696
c:\software\DataLogicEngine\documents\Universal Simulated Knowledge Database (USKD) & Universal Knowledge Graph (UKG) – System Documentati.pdf,376677,1767661229.4233687
c:\software\DataLogicEngine\documents\Universal Simulated Knowledge Graph (UKG) – A Comprehensive White Paper.pdf,142510,1767661229.4243684
c:\software\DataLogicEngine\documents\Universal_Knowledge_Database_Mathematical_Framework_White_Paper.pdf,345791,1767661229.4253685
c:\software\DataLogicEngine\documents\Universal_Knowledge_Framework_-_Enhanced_Design_System.pdf,255242,1767661229.4278736
c:\software\DataLogicEngine\documents\Universal_Knowledge_Graph_(UKG)_Mathematical_Framework_Conversion.pdf,693399,1767661229.4308903
c:\software\DataLogicEngine\documents\__Nested Simulated Memory Architecture of UKG_USKD – 10-Layer Technical Documentation__ (1).pdf,231504,1767661229.4323902
c:\software\DataLogicEngine\frontend\.dockerignore,90,1767916863.4536202
c:\software\DataLogicEngine\frontend\.gitignore,480,1767914276.7633038
c:\software\DataLogicEngine\frontend\build.log,862,1769726242.6001027
c:\software\DataLogicEngine\frontend\build_error.log,403,1769588670.5729122
c:\software\DataLogicEngine\frontend\build_error_2.log,1460,1769588787.6729524
c:\software\DataLogicEngine\frontend\build_installer.ps1,2095,1769795477.0884593
c:\software\DataLogicEngine\frontend\build_log.txt,1084,1769806953.9575107
c:\software\DataLogicEngine\frontend\build_log_5.txt,1577,1769624632.8316765
c:\software\DataLogicEngine\frontend\build_log_attempt3.txt,3713,1769807307.4379
c:\software\DataLogicEngine\frontend\build_log_attempt4.txt,3713,1769807354.403531
c:\software\DataLogicEngine\frontend\build_log_deps_fix.txt,32063,1769625443.4495175
c:\software\DataLogicEngine\frontend\build_log_final.txt,2215,1769624719.3069773
c:\software\DataLogicEngine\frontend\build_log_fix.txt,2273,1769624817.5594342
c:\software\DataLogicEngine\frontend\build_log_retry.txt,3890,1769807014.7000177
c:\software\DataLogicEngine\frontend\build_output.txt,3233,1769723340.161473
c:\software\DataLogicEngine\frontend\build_report.txt,87,1767922531.6735885
c:\software\DataLogicEngine\frontend\build_standalone_error.log,4060,1769727908.5889874
c:\software\DataLogicEngine\frontend\build_verbose.log,87,1767922509.2515721
c:\software\DataLogicEngine\frontend\Dockerfile,986,1769751943.9444406
c:\software\DataLogicEngine\frontend\eb_build.log,8181,1769795068.9014938
c:\software\DataLogicEngine\frontend\eb_build_nosign.log,8181,1769795128.5148022
c:\software\DataLogicEngine\frontend\eb_error.log,4162,1769795005.6232488
c:\software\DataLogicEngine\frontend\electron-builder.yml,809,1769796492.8625767
c:\software\DataLogicEngine\frontend\eslint.config.mjs,715,1769623217.436231
c:\software\DataLogicEngine\frontend\lint-results.json,11655043,1769655939.8185983
c:\software\DataLogicEngine\frontend\lint_final.txt,31179,1768499117.437939
c:\software\DataLogicEngine\frontend\lint_final_v2.txt,3257,1768499227.5746047
c:\software\DataLogicEngine\frontend\lint_output.txt,19063,1768499016.6780922
c:\software\DataLogicEngine\frontend\lint_output_final.txt,838,1768109443.7620258
c:\software\DataLogicEngine\frontend\lint_output_fresh.txt,1854,1768108505.4433806
c:\software\DataLogicEngine\frontend\lint_output_qa.txt,2175,1769590117.5831826
c:\software\DataLogicEngine\frontend\lint_output_v2.txt,31179,1768499098.5150936
c:\software\DataLogicEngine\frontend\manual_build.log,34,1769795334.6539266
c:\software\DataLogicEngine\frontend\middleware.ts.bak,3022,1768499411.2979243
c:\software\DataLogicEngine\frontend\next-env.d.ts,211,1769721100.1056209
c:\software\DataLogicEngine\frontend\next.config.ts,1664,1769808496.5661345
c:\software\DataLogicEngine\frontend\nsis_build.log,5214,1769795690.0209918
c:\software\DataLogicEngine\frontend\package-lock.json,755503,1769727559.6962276
c:\software\DataLogicEngine\frontend\package.json,2531,1769810023.2227454
c:\software\DataLogicEngine\frontend\packaging_error.log,4078,1769589152.2420106
c:\software\DataLogicEngine\frontend\packaging_error_2.log,9511,1769589331.9971855
c:\software\DataLogicEngine\frontend\packaging_error_3.log,5578,1769589892.073553
c:\software\DataLogicEngine\frontend\playwright-electron.config.ts,1347,1769796597.8424702
c:\software\DataLogicEngine\frontend\postcss.config.mjs,94,1767914276.9307022
c:\software\DataLogicEngine\frontend\README.md,7316,1768535518.2663465
c:\software\DataLogicEngine\frontend\storybook.log,965,1769624217.562029
c:\software\DataLogicEngine\frontend\storybook_build_log.txt,2376,1769623724.2509108
c:\software\DataLogicEngine\frontend\storybook_build_log_2.txt,3646,1769623851.4164019
c:\software\DataLogicEngine\frontend\storybook_debug_3.txt,3647,1769623938.405408
c:\software\DataLogicEngine\frontend\tsconfig.json,818,1769806997.8383222
c:\software\DataLogicEngine\frontend\tsconfig.tsbuildinfo,183831,1769725649.4404266
c:\software\DataLogicEngine\frontend\vitest.config.ts,1163,1769623250.218438
c:\software\DataLogicEngine\frontend\vitest.shims.d.ts,52,1769623250.2129204
c:\software\DataLogicEngine\frontend\.storybook\main.cjs,731,1769624784.0531876
c:\software\DataLogicEngine\frontend\.storybook\next-config-mock.js,88,1769624782.3577704
c:\software\DataLogicEngine\frontend\.storybook\preview.ts,321,1769625471.6661167
c:\software\DataLogicEngine\frontend\.storybook\vitest.setup.ts,460,1769623264.0346823
c:\software\DataLogicEngine\frontend\app\favicon.ico,25931,1767914276.795146
c:\software\DataLogicEngine\frontend\app\global-error.tsx,3502,1768108330.5596023
c:\software\DataLogicEngine\frontend\app\globals.css,2639,1769806683.0539303
c:\software\DataLogicEngine\frontend\app\layout.tsx,2850,1769807115.7936783
c:\software\DataLogicEngine\frontend\app\not-found.tsx,894,1767917534.853365
c:\software\DataLogicEngine\frontend\app\page.tsx,5080,1769721844.8367014
c:\software\DataLogicEngine\frontend\app\(auth)\layout.tsx,424,1767914818.7564726
c:\software\DataLogicEngine\frontend\app\(auth)\login\page.tsx,5579,1768497646.880566
c:\software\DataLogicEngine\frontend\app\(auth)\register\page.tsx,4793,1768497984.250664
c:\software\DataLogicEngine\frontend\app\about\page.tsx,6383,1768555453.8639033
c:\software\DataLogicEngine\frontend\app\about\ai-limitations\page.tsx,5480,1768560998.3483274
c:\software\DataLogicEngine\frontend\app\about\cloud-services\page.tsx,6007,1768561020.9963238
c:\software\DataLogicEngine\frontend\app\admin\page.tsx,8427,1769621523.591129
c:\software\DataLogicEngine\frontend\app\admin\compliance\page.tsx,5457,1769581249.168665
c:\software\DataLogicEngine\frontend\app\admin\mcp\page.tsx,6068,1768498146.288735
c:\software\DataLogicEngine\frontend\app\admin\mcp\servers\page.tsx,5657,1769581249.1691651
c:\software\DataLogicEngine\frontend\app\algorithms\page.tsx,3507,1767915149.1636455
c:\software\DataLogicEngine\frontend\app\analytics\page.tsx,7424,1768108073.702862
c:\software\DataLogicEngine\frontend\app\chat\page.tsx,236,1769721379.851954
c:\software\DataLogicEngine\frontend\app\dashboard\page.tsx,12628,1769673420.6309748
c:\software\DataLogicEngine\frontend\app\graph\page.tsx,15806,1769722394.6640923
c:\software\DataLogicEngine\frontend\app\knowledge\page.tsx,4061,1768108284.8353782
c:\software\DataLogicEngine\frontend\app\legal\privacy\page.tsx,9561,1768555452.9830887
c:\software\DataLogicEngine\frontend\app\mcp\page.tsx,2909,1769724340.549176
c:\software\DataLogicEngine\frontend\app\profile\page.tsx,6069,1769590214.4199793
c:\software\DataLogicEngine\frontend\app\projects\page.tsx,9457,1769806695.1350436
c:\software\DataLogicEngine\frontend\app\projects\[id]\page.tsx,433,1769726441.5264423
c:\software\DataLogicEngine\frontend\app\runs\page.tsx,3984,1769618634.6347942
c:\software\DataLogicEngine\frontend\app\runs\view\page.tsx,11746,1769619007.2593124
c:\software\DataLogicEngine\frontend\app\settings\page.tsx,8501,1769724756.3101504
c:\software\DataLogicEngine\frontend\app\settings\privacy\page.tsx,6242,1769618642.845732
c:\software\DataLogicEngine\frontend\app\simulations\page.tsx,11206,1769721873.817272
c:\software\DataLogicEngine\frontend\app\truth-engine\page.tsx,7060,1769720563.4386256
c:\software\DataLogicEngine\frontend\components\AppInitializer.tsx,779,1769807087.3255649
c:\software\DataLogicEngine\frontend\components\CloudDisclosureBanner.tsx,2415,1768564973.1867647
c:\software\DataLogicEngine\frontend\components\DesktopStatus.tsx,3134,1769798227.6511257
c:\software\DataLogicEngine\frontend\components\LLMSettings.tsx,5043,1768563125.8408432
c:\software\DataLogicEngine\frontend\components\NavBar.tsx,9294,1768563073.2860267
c:\software\DataLogicEngine\frontend\components\PlaceholderPage.tsx,2675,1767914780.4590766
c:\software\DataLogicEngine\frontend\components\ThemeToggle.tsx,877,1768327845.4474976
c:\software\DataLogicEngine\frontend\components\Chat\AdvancedControls.tsx,6281,1769722597.2645676
c:\software\DataLogicEngine\frontend\components\Chat\ChatInterface.tsx,17339,1769806692.9574447
c:\software\DataLogicEngine\frontend\components\Chat\DetailedResponseView.tsx,6937,1769722757.6344788
c:\software\DataLogicEngine\frontend\components\Chat\LiveTracePanel.tsx,8337,1769723606.7818108
c:\software\DataLogicEngine\frontend\components\Chat\MessageBubble.tsx,5881,1768556432.4163058
c:\software\DataLogicEngine\frontend\components\Chat\TraceVisualizer.tsx,5219,1769657432.5959656
c:\software\DataLogicEngine\frontend\components\Chat\types.ts,1205,1769722144.5604331
c:\software\DataLogicEngine\frontend\components\Dashboard\CommandBar.tsx,3899,1769590216.4112709
c:\software\DataLogicEngine\frontend\components\Dashboard\ComplianceTrendChart.tsx,3171,1768555888.4964066
c:\software\DataLogicEngine\frontend\components\Graph\AxisSelector.tsx,2203,1769673729.4815996
c:\software\DataLogicEngine\frontend\components\layout\AppSidebar.tsx,6064,1769673402.9536228
c:\software\DataLogicEngine\frontend\components\mcp\McpAnalytics.tsx,10036,1769657334.1910625
c:\software\DataLogicEngine\frontend\components\mcp\McpClientConfig.tsx,15390,1769725280.8489535
c:\software\DataLogicEngine\frontend\components\mcp\McpHub.tsx,5599,1769620043.701487
c:\software\DataLogicEngine\frontend\components\mcp\McpIntegrationExamples.tsx,5946,1769725367.988283
c:\software\DataLogicEngine\frontend\components\mcp\McpServerConfig.tsx,18923,1769725477.001077
c:\software\DataLogicEngine\frontend\components\mcp\types.ts,1103,1769723372.1693718
c:\software\DataLogicEngine\frontend\components\projects\ProjectDetail.tsx,8108,1769726412.5682023
c:\software\DataLogicEngine\frontend\components\settings\ApiOverlayConfig.tsx,21039,1769657480.2862015
c:\software\DataLogicEngine\frontend\components\settings\DatabaseSettings.tsx,13224,1769665119.3860881
c:\software\DataLogicEngine\frontend\components\ui\alert-dialog.tsx,4577,1768554886.9225783
c:\software\DataLogicEngine\frontend\components\ui\alert.tsx,1643,1767922026.254825
c:\software\DataLogicEngine\frontend\components\ui\api-error-boundary.tsx,2209,1768497930.4365003
c:\software\DataLogicEngine\frontend\components\ui\avatar.tsx,1220,1768108131.9537985
c:\software\DataLogicEngine\frontend\components\ui\badge.tsx,1177,1767914893.7614007
c:\software\DataLogicEngine\frontend\components\ui\breadcrumbs.tsx,1599,1768497367.50375
c:\software\DataLogicEngine\frontend\components\ui\button.tsx,2095,1769653976.9722013
c:\software\DataLogicEngine\frontend\components\ui\card.tsx,1911,1769621640.897143
c:\software\DataLogicEngine\frontend\components\ui\cloud-status-indicator.tsx,2908,1769581249.170673
c:\software\DataLogicEngine\frontend\components\ui\copy-button.tsx,1049,1769618007.2524192
c:\software\DataLogicEngine\frontend\components\ui\dialog.tsx,3970,1769720967.5331035
c:\software\DataLogicEngine\frontend\components\ui\dropdown-menu.tsx,7499,1768106506.758043
c:\software\DataLogicEngine\frontend\components\ui\input.tsx,996,1769621689.7309003
c:\software\DataLogicEngine\frontend\components\ui\label.tsx,750,1767922024.8654554
c:\software\DataLogicEngine\frontend\components\ui\page-layout.tsx,2185,1768498667.3103845
c:\software\DataLogicEngine\frontend\components\ui\progress.tsx,819,1769720965.9235342
c:\software\DataLogicEngine\frontend\components\ui\scroll-area.tsx,1654,1769653827.0055463
c:\software\DataLogicEngine\frontend\components\ui\select.tsx,2502,1768498410.55389
c:\software\DataLogicEngine\frontend\components\ui\separator.tsx,801,1769720951.9862046
c:\software\DataLogicEngine\frontend\components\ui\sheet.tsx,4419,1769721062.4970794
c:\software\DataLogicEngine\frontend\components\ui\skeleton.tsx,279,1767917712.3661017
c:\software\DataLogicEngine\frontend\components\ui\slider.tsx,1119,1769720955.1169488
c:\software\DataLogicEngine\frontend\components\ui\switch.tsx,1232,1767914997.2789032
c:\software\DataLogicEngine\frontend\components\ui\table.tsx,2996,1767914927.2730026
c:\software\DataLogicEngine\frontend\components\ui\tabs.tsx,2677,1767915245.5048132
c:\software\DataLogicEngine\frontend\components\ui\use-toast.tsx,3139,1768497356.061644
c:\software\DataLogicEngine\frontend\contexts\AuthContext.tsx,4533,1769795182.6152987
c:\software\DataLogicEngine\frontend\contexts\ThemeContext.tsx,2003,1768497944.1086237
c:\software\DataLogicEngine\frontend\dist-electron\main.js,9085,1769810047.1386845
c:\software\DataLogicEngine\frontend\dist-electron\preload.js,1356,1769810047.14019
c:\software\DataLogicEngine\frontend\electron\main.ts,7059,1769810025.247861
c:\software\DataLogicEngine\frontend\electron\preload.ts,1289,1769797102.343831
c:\software\DataLogicEngine\frontend\electron\tsconfig.json,395,1769583471.5614986
c:\software\DataLogicEngine\frontend\lib\socket.ts,4639,1768318716.3331325
c:\software\DataLogicEngine\frontend\lib\utils.ts,281,1767915264.3371572
c:\software\DataLogicEngine\frontend\lib\api\auth.ts,1057,1769581877.5207472
c:\software\DataLogicEngine\frontend\lib\api\chat.ts,1247,1769722108.8769956
c:\software\DataLogicEngine\frontend\lib\api\compliance.ts,561,1768555967.1344872
c:\software\DataLogicEngine\frontend\lib\api\index.ts,2114,1769720278.5022464
c:\software\DataLogicEngine\frontend\lib\api\knowledge.ts,394,1769656373.8049855
c:\software\DataLogicEngine\frontend\lib\api\mcp.ts,2474,1768498088.1212542
c:\software\DataLogicEngine\frontend\lib\api\simulation.ts,487,1768498100.1887395
c:\software\DataLogicEngine\frontend\lib\api\system_chat.ts,757,1768498002.542056
c:\software\DataLogicEngine\frontend\lib\api\trace.ts,582,1769618934.321237
c:\software\DataLogicEngine\frontend\lib\api\types.ts,4301,1769721945.1515045
c:\software\DataLogicEngine\frontend\out\404.html,12245,1769810046.210568
c:\software\DataLogicEngine\frontend\out\about.html,12350,1769810041.6573238
c:\software\DataLogicEngine\frontend\out\about.txt,8004,1769810041.654951
c:\software\DataLogicEngine\frontend\out\admin.html,12532,1769810041.6720548
c:\software\DataLogicEngine\frontend\out\admin.txt,8100,1769810041.6700573
c:\software\DataLogicEngine\frontend\out\algorithms.html,12380,1769810041.5817964
c:\software\DataLogicEngine\frontend\out\algorithms.txt,8029,1769810041.5780382
c:\software\DataLogicEngine\frontend\out\analytics.html,12553,1769810041.7334397
c:\software\DataLogicEngine\frontend\out\analytics.txt,8118,1769810041.7318277
c:\software\DataLogicEngine\frontend\out\chat.html,12838,1769810041.6720548
c:\software\DataLogicEngine\frontend\out\chat.txt,8239,1769810041.6700573
c:\software\DataLogicEngine\frontend\out\dashboard.html,12556,1769810041.580964
c:\software\DataLogicEngine\frontend\out\dashboard.txt,8120,1769810041.5780382
c:\software\DataLogicEngine\frontend\out\favicon.ico,25931,1769810041.5873175
c:\software\DataLogicEngine\frontend\out\file.svg,391,1767914276.9307022
c:\software\DataLogicEngine\frontend\out\globe.svg,1035,1767914276.9307022
c:\software\DataLogicEngine\frontend\out\graph.html,12529,1769810041.580964
c:\software\DataLogicEngine\frontend\out\graph.txt,8098,1769810041.5780382
c:\software\DataLogicEngine\frontend\out\icon.png,589360,1769796452.3244762
c:\software\DataLogicEngine\frontend\out\index.html,12061,1769810041.580964
c:\software\DataLogicEngine\frontend\out\index.txt,7702,1769810041.5780382
c:\software\DataLogicEngine\frontend\out\knowledge.html,12553,1769810041.6573238
c:\software\DataLogicEngine\frontend\out\knowledge.txt,8118,1769810041.6554508
c:\software\DataLogicEngine\frontend\out\login.html,13408,1769810041.591621
c:\software\DataLogicEngine\frontend\out\login.txt,8875,1769810041.590622
c:\software\DataLogicEngine\frontend\out\manifest.json,1045,1768556555.6357603
c:\software\DataLogicEngine\frontend\out\mcp.html,12831,1769810041.7347634
c:\software\DataLogicEngine\frontend\out\mcp.txt,8233,1769810041.7334397
c:\software\DataLogicEngine\frontend\out\next.svg,1375,1767914276.948415
c:\software\DataLogicEngine\frontend\out\profile.html,12414,1769810041.6573238
c:\software\DataLogicEngine\frontend\out\profile.txt,8062,1769810041.6554508
c:\software\DataLogicEngine\frontend\out\projects.html,12549,1769810041.658329
c:\software\DataLogicEngine\frontend\out\projects.txt,8114,1769810041.6554508
c:\software\DataLogicEngine\frontend\out\register.html,21106,1769810041.591621
c:\software\DataLogicEngine\frontend\out\register.txt,16005,1769810041.5901167
c:\software\DataLogicEngine\frontend\out\runs.html,12396,1769810041.6573238
c:\software\DataLogicEngine\frontend\out\runs.txt,8047,1769810041.654951
c:\software\DataLogicEngine\frontend\out\settings.html,12677,1769810041.7167404
c:\software\DataLogicEngine\frontend\out\settings.txt,8161,1769810041.7157955
c:\software\DataLogicEngine\frontend\out\simulations.html,12695,1769810041.5822897
c:\software\DataLogicEngine\frontend\out\simulations.txt,8176,1769810041.579135
c:\software\DataLogicEngine\frontend\out\sw.js,1489,1768327935.6612818
c:\software\DataLogicEngine\frontend\out\truth-engine.html,12443,1769810041.6720548
c:\software\DataLogicEngine\frontend\out\truth-engine.txt,8086,1769810041.6700573
c:\software\DataLogicEngine\frontend\out\vercel.svg,128,1767914276.9527578
c:\software\DataLogicEngine\frontend\out\window.svg,385,1767914276.9527578
c:\software\DataLogicEngine\frontend\out\about\ai-limitations.html,13004,1769810041.6573238
c:\software\DataLogicEngine\frontend\out\about\ai-limitations.txt,8563,1769810041.6554508
c:\software\DataLogicEngine\frontend\out\about\cloud-services.html,12952,1769810041.591621
c:\software\DataLogicEngine\frontend\out\about\cloud-services.txt,8515,1769810041.589113
c:\software\DataLogicEngine\frontend\out\admin\compliance.html,13107,1769810041.6573238
c:\software\DataLogicEngine\frontend\out\admin\compliance.txt,8589,1769810041.654951
c:\software\DataLogicEngine\frontend\out\admin\mcp.html,12938,1769810041.6720548
c:\software\DataLogicEngine\frontend\out\admin\mcp.txt,8508,1769810041.6700573
c:\software\DataLogicEngine\frontend\out\admin\mcp\servers.html,13519,1769810041.6568246
c:\software\DataLogicEngine\frontend\out\admin\mcp\servers.txt,9001,1769810041.654951
c:\software\DataLogicEngine\frontend\out\legal\privacy.html,23766,1769810041.580964
c:\software\DataLogicEngine\frontend\out\legal\privacy.txt,18460,1769810041.5780382
c:\software\DataLogicEngine\frontend\out\projects\1.html,12994,1769810041.591621
c:\software\DataLogicEngine\frontend\out\projects\1.txt,8482,1769810041.589113
c:\software\DataLogicEngine\frontend\out\projects\2.html,12994,1769810041.6720548
c:\software\DataLogicEngine\frontend\out\projects\2.txt,8482,1769810041.6700573
c:\software\DataLogicEngine\frontend\out\projects\3.html,12994,1769810041.6720548
c:\software\DataLogicEngine\frontend\out\projects\3.txt,8482,1769810041.6705549
c:\software\DataLogicEngine\frontend\out\projects\4.html,12994,1769810041.6730597
c:\software\DataLogicEngine\frontend\out\projects\4.txt,8482,1769810041.6705549
c:\software\DataLogicEngine\frontend\out\projects\5.html,12994,1769810041.6720548
c:\software\DataLogicEngine\frontend\out\projects\5.txt,8482,1769810041.6700573
c:\software\DataLogicEngine\frontend\out\runs\view.html,12884,1769810041.580964
c:\software\DataLogicEngine\frontend\out\runs\view.txt,8458,1769810041.5780382
c:\software\DataLogicEngine\frontend\out\settings\privacy.html,13112,1769810041.591621
c:\software\DataLogicEngine\frontend\out\settings\privacy.txt,8593,1769810041.5861917
c:\software\DataLogicEngine\frontend\out\_next\static\ba-oVPwOvEXfQA4or8-Kb\_buildManifest.js,1543,1769810034.5039566
c:\software\DataLogicEngine\frontend\out\_next\static\ba-oVPwOvEXfQA4or8-Kb\_ssgManifest.js,106,1769810042.156333
c:\software\DataLogicEngine\frontend\out\_next\static\chunks\1063-0d88f3ba5dc0511c.js,50969,1769810034.5024822
c:\software\DataLogicEngine\frontend\out\_next\static\chunks\1181-119667eaabfaddcf.js,25393,1769810034.5014472
c:\software\DataLogicEngine\frontend\out\_next\static\chunks\1474-f405f7795f633929.js,8398,1769810034.502955
c:\software\DataLogicEngine\frontend\out\_next\static\chunks\1517-203af8542e5d2ad4.js,200885,1769810034.5014472
c:\software\DataLogicEngine\frontend\out\_next\static\chunks\1866-0977ab5a486cd864.js,6931,1769810034.502955
c:\software\DataLogicEngine\frontend\out\_next\static\chunks\2406-d0a09379ebe8ff1d.js,7035,1769810034.502955
c:\software\DataLogicEngine\frontend\out\_next\static\chunks\2990.8d16090c4126c005.js,242784,1769810034.507646
c:\software\DataLogicEngine\frontend\out\_next\static\chunks\3571-373991fc5a605ac0.js,7576,1769810034.502955
c:\software\DataLogicEngine\frontend\out\_next\static\chunks\3971-d9b152a28a0a7fc7.js,5330,1769810034.5009463
c:\software\DataLogicEngine\frontend\out\_next\static\chunks\4bd1b696-5298bc3540ce1bb0.js,167096,1769810034.5001516
c:\software\DataLogicEngine\frontend\out\_next\static\chunks\5203.7c54c202406d4620.js,745,1769810034.507646
c:\software\DataLogicEngine\frontend\out\_next\static\chunks\5424-6998ad623e41aa7a.js,55722,1769810034.5014472
c:\software\DataLogicEngine\frontend\out\_next\static\chunks\5576-7a34d0b2562aeb75.js,7500,1769810034.502955
c:\software\DataLogicEngine\frontend\out\_next\static\chunks\6133-a70a26fef7b37b6d.js,7572,1769810034.502955
c:\software\DataLogicEngine\frontend\out\_next\static\chunks\6160-7cb2cea0950448d4.js,32810,1769810034.5009463
c:\software\DataLogicEngine\frontend\out\_next\static\chunks\6218.c1764d418ebdf6a2.js,7491,1769810034.507646
c:\software\DataLogicEngine\frontend\out\_next\static\chunks\6966-917918a8280d50b6.js,27959,1769810034.5024822
c:\software\DataLogicEngine\frontend\out\_next\static\chunks\7685-06e6bbf213b92a22.js,4183,1769810034.5014472
c:\software\DataLogicEngine\frontend\out\_next\static\chunks\778-4dbaaec6824c61e1.js,12232,1769810034.5014472
c:\software\DataLogicEngine\frontend\out\_next\static\chunks\795-6480359fada5d07b.js,26931,1769810034.5014472
c:\software\DataLogicEngine\frontend\out\_next\static\chunks\8173-3126814022fa00c4.js,9804,1769810034.5001516
c:\software\DataLogicEngine\frontend\out\_next\static\chunks\8590-5bcb9d6b434db6de.js,355561,1769810034.5014472
c:\software\DataLogicEngine\frontend\out\_next\static\chunks\8877-29470a60cacd5a79.js,8226,1769810034.5014472
c:\software\DataLogicEngine\frontend\out\_next\static\chunks\922-7302be597391a86a.js,6192,1769810034.5009463
c:\software\DataLogicEngine\frontend\out\_next\static\chunks\9876-9dcc9d94575b2ac2.js,41616,1769810034.5014472
c:\software\DataLogicEngine\frontend\out\_next\static\chunks\b055d1fb.7e4fa01f937dae23.js,537326,1769810034.507646
c:\software\DataLogicEngine\frontend\out\_next\static\chunks\b536a0f1.41051656a3e96e50.js,337936,1769810034.507646
c:\software\DataLogicEngine\frontend\out\_next\static\chunks\bd904a5c.02abc20db8145116.js,312413,1769810034.507646
c:\software\DataLogicEngine\frontend\out\_next\static\chunks\framework-1ec85e83ffeb8a74.js,139971,1769810034.5001516
c:\software\DataLogicEngine\frontend\out\_next\static\chunks\main-71b505d777c4a0a0.js,108701,1769810034.490031
c:\software\DataLogicEngine\frontend\out\_next\static\chunks\main-app-09e24ba3aa908160.js,476,1769810034.490031
c:\software\DataLogicEngine\frontend\out\_next\static\chunks\polyfills-42372ed130431b0a.js,112594,1769810034.503481
c:\software\DataLogicEngine\frontend\out\_next\static\chunks\webpack-5e57fca31032769e.js,3519,1769810034.498943
c:\software\DataLogicEngine\frontend\out\_next\static\chunks\app\global-error-9648c91bde17d4e2.js,2516,1769810034.490031
c:\software\DataLogicEngine\frontend\out\_next\static\chunks\app\layout-b01bc20260da31f3.js,33427,1769810034.4915342
c:\software\DataLogicEngine\frontend\out\_next\static\chunks\app\not-found-bc14008d0fd8171a.js,5734,1769810034.4925365
c:\software\DataLogicEngine\frontend\out\_next\static\chunks\app\page-6db2de437e38014d.js,11988,1769810034.497176
c:\software\DataLogicEngine\frontend\out\_next\static\chunks\app\(auth)\layout-93da09c0e99fc553.js,156,1769810034.498943
c:\software\DataLogicEngine\frontend\out\_next\static\chunks\app\(auth)\login\page-a75e596cb831ca9e.js,15811,1769810034.4994478
c:\software\DataLogicEngine\frontend\out\_next\static\chunks\app\(auth)\register\page-b1ef3d2212d21aa7.js,4473,1769810034.4994478
c:\software\DataLogicEngine\frontend\out\_next\static\chunks\app\about\page-9e2967083fb258b4.js,7558,1769810034.4950495
c:\software\DataLogicEngine\frontend\out\_next\static\chunks\app\about\ai-limitations\page-f0ee9b98a5aecc22.js,10669,1769810034.4955485
c:\software\DataLogicEngine\frontend\out\_next\static\chunks\app\about\cloud-services\page-4eec8b0fb95dbcb9.js,9497,1769810034.4950495
c:\software\DataLogicEngine\frontend\out\_next\static\chunks\app\admin\page-b26d020ef10e3ec0.js,14964,1769810034.4950495
c:\software\DataLogicEngine\frontend\out\_next\static\chunks\app\admin\compliance\page-61f0bc0d2e25c24e.js,19332,1769810034.498943
c:\software\DataLogicEngine\frontend\out\_next\static\chunks\app\admin\mcp\page-1adc4ce0f9face43.js,16606,1769810034.4955485
c:\software\DataLogicEngine\frontend\out\_next\static\chunks\app\admin\mcp\servers\page-a37e120236a2a6d5.js,20995,1769810034.4955485
c:\software\DataLogicEngine\frontend\out\_next\static\chunks\app\algorithms\page-778f621300f68093.js,10016,1769810034.4950495
c:\software\DataLogicEngine\frontend\out\_next\static\chunks\app\analytics\page-d5803cb4d168588b.js,10829,1769810034.4950495
c:\software\DataLogicEngine\frontend\out\_next\static\chunks\app\chat\page-d9ab2e4fe67477ce.js,45171,1769810034.4950495
c:\software\DataLogicEngine\frontend\out\_next\static\chunks\app\dashboard\page-8c64582dd538ee1f.js,17737,1769810034.4950495
c:\software\DataLogicEngine\frontend\out\_next\static\chunks\app\graph\page-c81221143c7433e2.js,28269,1769810034.4950495
c:\software\DataLogicEngine\frontend\out\_next\static\chunks\app\knowledge\page-3cb12e8cf542375c.js,10819,1769810034.4955485
c:\software\DataLogicEngine\frontend\out\_next\static\chunks\app\legal\privacy\page-4434bd6529ca9524.js,205,1769810034.497747
c:\software\DataLogicEngine\frontend\out\_next\static\chunks\app\mcp\page-e5e690470f61f790.js,55804,1769810034.4955485
c:\software\DataLogicEngine\frontend\out\_next\static\chunks\app\profile\page-82d455896b2321e2.js,18283,1769810034.497747
c:\software\DataLogicEngine\frontend\out\_next\static\chunks\app\projects\page-0317770ee43396f5.js,11711,1769810034.497747
c:\software\DataLogicEngine\frontend\out\_next\static\chunks\app\projects\[id]\page-9b6b9225a80d1d6f.js,9809,1769810034.498943
c:\software\DataLogicEngine\frontend\out\_next\static\chunks\app\runs\page-80735a2a48d300a7.js,17875,1769810034.497747
c:\software\DataLogicEngine\frontend\out\_next\static\chunks\app\runs\view\page-61fcb1830bd42f82.js,18924,1769810034.4994478
c:\software\DataLogicEngine\frontend\out\_next\static\chunks\app\settings\page-016c19778c1d95f3.js,33569,1769810034.498943
c:\software\DataLogicEngine\frontend\out\_next\static\chunks\app\settings\privacy\page-4beb5a7adbaed862.js,17402,1769810034.4994478
c:\software\DataLogicEngine\frontend\out\_next\static\chunks\app\simulations\page-59537ade69b2d33a.js,23527,1769810034.498943
c:\software\DataLogicEngine\frontend\out\_next\static\chunks\app\truth-engine\page-eae93a4ba2b34b17.js,13228,1769810034.498943
c:\software\DataLogicEngine\frontend\out\_next\static\chunks\app\_not-found\page-9585eacd715926c8.js,156,1769810034.490535
c:\software\DataLogicEngine\frontend\out\_next\static\chunks\pages\_app-c9ef09d97714d9a0.js,923,1769810034.490031
c:\software\DataLogicEngine\frontend\out\_next\static\chunks\pages\_error-0fb868bd92e65875.js,7667,1769810034.490031
c:\software\DataLogicEngine\frontend\out\_next\static\css\64f033e4578b56e6.css,127509,1769810034.507646
c:\software\DataLogicEngine\frontend\out\_next\static\css\7e7d96b1e6991756.css,2063,1769810034.507646
c:\software\DataLogicEngine\frontend\out\_next\static\media\19cfc7226ec3afaa-s.woff2,19044,1769810034.490031
c:\software\DataLogicEngine\frontend\out\_next\static\media\21350d82a1f187e9-s.woff2,18744,1769810034.4925365
c:\software\DataLogicEngine\frontend\out\_next\static\media\8e9860b6e62d6359-s.woff2,85272,1769810034.490031
c:\software\DataLogicEngine\frontend\out\_next\static\media\ba9851c3c22cd980-s.woff2,25844,1769810034.4940445
c:\software\DataLogicEngine\frontend\out\_next\static\media\c5fe6dc8356a8c31-s.woff2,11272,1769810034.490031
c:\software\DataLogicEngine\frontend\out\_next\static\media\df0a9ae256c0569c-s.woff2,10280,1769810034.490031
c:\software\DataLogicEngine\frontend\out\_next\static\media\e4af272ccee01ff0-s.p.woff2,48432,1769810034.490031
c:\software\DataLogicEngine\frontend\public\file.svg,391,1767914276.9307022
c:\software\DataLogicEngine\frontend\public\globe.svg,1035,1767914276.9307022
c:\software\DataLogicEngine\frontend\public\icon.png,589360,1769796452.3244762
c:\software\DataLogicEngine\frontend\public\manifest.json,1045,1768556555.6357603
c:\software\DataLogicEngine\frontend\public\next.svg,1375,1767914276.948415
c:\software\DataLogicEngine\frontend\public\sw.js,1489,1768327935.6612818
c:\software\DataLogicEngine\frontend\public\vercel.svg,128,1767914276.9527578
c:\software\DataLogicEngine\frontend\public\window.svg,385,1767914276.9527578
c:\software\DataLogicEngine\frontend\stories\Alert.stories.tsx,1095,1769625040.112189
c:\software\DataLogicEngine\frontend\stories\AppSidebar.stories.tsx,771,1769623332.4400346
c:\software\DataLogicEngine\frontend\stories\Avatar.stories.tsx,747,1769625000.1537716
c:\software\DataLogicEngine\frontend\stories\Badge.stories.tsx,894,1769624997.4950871
c:\software\DataLogicEngine\frontend\stories\Button.stories.tsx,1249,1769623317.7364054
c:\software\DataLogicEngine\frontend\stories\Card.stories.tsx,1821,1769623318.7994044
c:\software\DataLogicEngine\frontend\stories\CloudStatusIndicator.stories.tsx,544,1769625032.5671673
c:\software\DataLogicEngine\frontend\stories\Configure.mdx,13063,1769623221.9914272
c:\software\DataLogicEngine\frontend\stories\DropdownMenu.stories.tsx,4215,1769625076.4321816
c:\software\DataLogicEngine\frontend\stories\Input.stories.tsx,953,1769624994.8595798
c:\software\DataLogicEngine\frontend\stories\Select.stories.tsx,851,1769625039.0057023
c:\software\DataLogicEngine\frontend\stories\Skeleton.stories.tsx,1074,1769625074.462831
c:\software\DataLogicEngine\frontend\stories\Switch.stories.tsx,715,1769625001.229795
c:\software\DataLogicEngine\frontend\stories\Tabs.stories.tsx,1388,1769625035.2756157
c:\software\DataLogicEngine\frontend\stories\assets\accessibility.png,42336,1769622933.8825688
c:\software\DataLogicEngine\frontend\stories\assets\accessibility.svg,1541,1769622933.8840735
c:\software\DataLogicEngine\frontend\stories\assets\addon-library.png,467366,1769622933.911776
c:\software\DataLogicEngine\frontend\stories\assets\assets.png,3899,1769622933.91278
c:\software\DataLogicEngine\frontend\stories\assets\avif-test-image.avif,829,1769622933.9148488
c:\software\DataLogicEngine\frontend\stories\assets\context.png,6119,1769622933.9465356
c:\software\DataLogicEngine\frontend\stories\assets\discord.svg,2392,1769622933.9470427
c:\software\DataLogicEngine\frontend\stories\assets\docs.png,27875,1769622933.9525628
c:\software\DataLogicEngine\frontend\stories\assets\figma-plugin.png,44246,1769622933.95407
c:\software\DataLogicEngine\frontend\stories\assets\github.svg,2720,1769622933.9561143
c:\software\DataLogicEngine\frontend\stories\assets\share.png,40767,1769622933.9671812
c:\software\DataLogicEngine\frontend\stories\assets\styling.png,7237,1769622933.9681845
c:\software\DataLogicEngine\frontend\stories\assets\testing.png,49313,1769622933.9737065
c:\software\DataLogicEngine\frontend\stories\assets\theming.png,44374,1769622933.9767256
c:\software\DataLogicEngine\frontend\stories\assets\tutorials.svg,1258,1769622933.9777365
c:\software\DataLogicEngine\frontend\stories\assets\youtube.svg,716,1769622933.9787347
c:\software\DataLogicEngine\frontend\storybook-static\294.2fb72186.iframe.bundle.js,1513,1769625661.6626177
c:\software\DataLogicEngine\frontend\storybook-static\364.79e84f03.iframe.bundle.js,482,1769625661.664126
c:\software\DataLogicEngine\frontend\storybook-static\463.7c68f743.iframe.bundle.js,1012597,1769625661.67022
c:\software\DataLogicEngine\frontend\storybook-static\463.7c68f743.iframe.bundle.js.map,1322123,1769625661.67022
c:\software\DataLogicEngine\frontend\storybook-static\548.5cfb0135.iframe.bundle.js,2832,1769625661.662119
c:\software\DataLogicEngine\frontend\storybook-static\575.8f851b07.iframe.bundle.js,160220,1769625661.67022
c:\software\DataLogicEngine\frontend\storybook-static\575.8f851b07.iframe.bundle.js.LICENSE.txt,173,1769625661.6646247
c:\software\DataLogicEngine\frontend\storybook-static\681.709f10c2.iframe.bundle.js,41559,1769625661.664126
c:\software\DataLogicEngine\frontend\storybook-static\735.fae0a42a.iframe.bundle.js,367498,1769625661.6651251
c:\software\DataLogicEngine\frontend\storybook-static\735.fae0a42a.iframe.bundle.js.LICENSE.txt,239,1769625661.6646247
c:\software\DataLogicEngine\frontend\storybook-static\831.d487ce8c.iframe.bundle.js,28818,1769625661.6646247
c:\software\DataLogicEngine\frontend\storybook-static\869.7acdd0a9.iframe.bundle.js,39279,1769625661.664126
c:\software\DataLogicEngine\frontend\storybook-static\942.26ae8019.iframe.bundle.js,1938072,1769625661.67022
c:\software\DataLogicEngine\frontend\storybook-static\942.26ae8019.iframe.bundle.js.LICENSE.txt,1328,1769625661.6646247
c:\software\DataLogicEngine\frontend\storybook-static\942.26ae8019.iframe.bundle.js.map,783009,1769625661.67022
c:\software\DataLogicEngine\frontend\storybook-static\Alert-stories.8ad5b5e9.iframe.bundle.js,8544,1769625661.6686423
c:\software\DataLogicEngine\frontend\storybook-static\Alert-stories.8ad5b5e9.iframe.bundle.js.LICENSE.txt,173,1769625661.6646247
c:\software\DataLogicEngine\frontend\storybook-static\AppSidebar-stories.615f9e5a.iframe.bundle.js,34920,1769625661.67022
c:\software\DataLogicEngine\frontend\storybook-static\AppSidebar-stories.615f9e5a.iframe.bundle.js.LICENSE.txt,173,1769625661.6646247
c:\software\DataLogicEngine\frontend\storybook-static\Avatar-stories.0d7cb7d8.iframe.bundle.js,3231,1769625661.662119
c:\software\DataLogicEngine\frontend\storybook-static\Badge-stories.997a1cbe.iframe.bundle.js,3724,1769625661.662119
c:\software\DataLogicEngine\frontend\storybook-static\Button-stories.fcb2ceee.iframe.bundle.js,15101,1769625661.67022
c:\software\DataLogicEngine\frontend\storybook-static\Button-stories.fcb2ceee.iframe.bundle.js.LICENSE.txt,173,1769625661.6646247
c:\software\DataLogicEngine\frontend\storybook-static\Card-stories.d400a96e.iframe.bundle.js,8336,1769625661.67022
c:\software\DataLogicEngine\frontend\storybook-static\Card-stories.d400a96e.iframe.bundle.js.LICENSE.txt,173,1769625661.6651251
c:\software\DataLogicEngine\frontend\storybook-static\CloudStatusIndicator-stories.dd8e6853.iframe.bundle.js,7665,1769625661.67022
c:\software\DataLogicEngine\frontend\storybook-static\CloudStatusIndicator-stories.dd8e6853.iframe.bundle.js.LICENSE.txt,173,1769625661.6651251
c:\software\DataLogicEngine\frontend\storybook-static\Configure-mdx.c8f9adf5.iframe.bundle.js,17627,1769625661.662119
c:\software\DataLogicEngine\frontend\storybook-static\DropdownMenu-stories.2999d612.iframe.bundle.js,17643,1769625661.662119
c:\software\DataLogicEngine\frontend\storybook-static\favicon.svg,1251,1769624389.74222
c:\software\DataLogicEngine\frontend\storybook-static\file.svg,391,1767914276.931
c:\software\DataLogicEngine\frontend\storybook-static\globe.svg,1035,1767914276.931
c:\software\DataLogicEngine\frontend\storybook-static\iframe.html,15700,1769625661.6536064
c:\software\DataLogicEngine\frontend\storybook-static\index.html,4855,1769625653.675583
c:\software\DataLogicEngine\frontend\storybook-static\index.json,12627,1769625654.6135943
c:\software\DataLogicEngine\frontend\storybook-static\Input-stories.f6c28fdc.iframe.bundle.js,3452,1769625661.662119
c:\software\DataLogicEngine\frontend\storybook-static\main.83036384.iframe.bundle.js,276576,1769625661.6600604
c:\software\DataLogicEngine\frontend\storybook-static\manifest.json,1045,1768556555.636
c:\software\DataLogicEngine\frontend\storybook-static\next.svg,1375,1767914276.948
c:\software\DataLogicEngine\frontend\storybook-static\nunito-sans-bold-italic.woff2,49460,1769624389.9766493
c:\software\DataLogicEngine\frontend\storybook-static\nunito-sans-bold.woff2,47144,1769624390.5809448
c:\software\DataLogicEngine\frontend\storybook-static\nunito-sans-italic.woff2,49620,1769624390.7805197
c:\software\DataLogicEngine\frontend\storybook-static\nunito-sans-regular.woff2,47072,1769624390.9446912
c:\software\DataLogicEngine\frontend\storybook-static\project.json,1045,1769625654.62215
c:\software\DataLogicEngine\frontend\storybook-static\runtime~main.0a56814e.iframe.bundle.js,7158,1769625661.662119
c:\software\DataLogicEngine\frontend\storybook-static\Select-stories.50f1ab7c.iframe.bundle.js,4538,1769625661.6626177
c:\software\DataLogicEngine\frontend\storybook-static\Skeleton-stories.1f778d8b.iframe.bundle.js,3299,1769625661.6626177
c:\software\DataLogicEngine\frontend\storybook-static\sw.js,1489,1768327935.661
c:\software\DataLogicEngine\frontend\storybook-static\Switch-stories.2d262101.iframe.bundle.js,11983,1769625661.6626177
c:\software\DataLogicEngine\frontend\storybook-static\Tabs-stories.3d9bb4ef.iframe.bundle.js,4911,1769625661.6626177
c:\software\DataLogicEngine\frontend\storybook-static\vercel.svg,128,1767914276.953
c:\software\DataLogicEngine\frontend\storybook-static\window.svg,385,1767914276.953
c:\software\DataLogicEngine\frontend\storybook-static\sb-addons\chromatic-com-storybook-1\manager-bundle.js,571749,1769625653.6725883
c:\software\DataLogicEngine\frontend\storybook-static\sb-addons\chromatic-com-storybook-1\manager-bundle.js.LEGAL.txt,1999,1769625653.6710787
c:\software\DataLogicEngine\frontend\storybook-static\sb-addons\essentials-actions-3\manager-bundle.js,41316,1769625653.672083
c:\software\DataLogicEngine\frontend\storybook-static\sb-addons\essentials-actions-3\manager-bundle.js.LEGAL.txt,0,1769625653.6705785
c:\software\DataLogicEngine\frontend\storybook-static\sb-addons\essentials-backgrounds-4\manager-bundle.js,14915,1769625653.6725883
c:\software\DataLogicEngine\frontend\storybook-static\sb-addons\essentials-backgrounds-4\manager-bundle.js.LEGAL.txt,0,1769625653.6705785
c:\software\DataLogicEngine\frontend\storybook-static\sb-addons\essentials-controls-2\manager-bundle.js,403877,1769625653.6725883
c:\software\DataLogicEngine\frontend\storybook-static\sb-addons\essentials-controls-2\manager-bundle.js.LEGAL.txt,0,1769625653.6700783
c:\software\DataLogicEngine\frontend\storybook-static\sb-addons\essentials-measure-7\manager-bundle.js,6426,1769625653.6725883
c:\software\DataLogicEngine\frontend\storybook-static\sb-addons\essentials-measure-7\manager-bundle.js.LEGAL.txt,0,1769625653.6705785
c:\software\DataLogicEngine\frontend\storybook-static\sb-addons\essentials-outline-8\manager-bundle.js,6468,1769625653.6725883
c:\software\DataLogicEngine\frontend\storybook-static\sb-addons\essentials-outline-8\manager-bundle.js.LEGAL.txt,0,1769625653.6705785
c:\software\DataLogicEngine\frontend\storybook-static\sb-addons\essentials-toolbars-6\manager-bundle.js,5238,1769625653.6725883
c:\software\DataLogicEngine\frontend\storybook-static\sb-addons\essentials-toolbars-6\manager-bundle.js.LEGAL.txt,0,1769625653.6705785
c:\software\DataLogicEngine\frontend\storybook-static\sb-addons\essentials-viewport-5\manager-bundle.js,16622,1769625653.6710787
c:\software\DataLogicEngine\frontend\storybook-static\sb-addons\essentials-viewport-5\manager-bundle.js.LEGAL.txt,0,1769625653.6710787
c:\software\DataLogicEngine\frontend\storybook-static\sb-addons\interactions-9\manager-bundle.js,277049,1769625653.6725883
c:\software\DataLogicEngine\frontend\storybook-static\sb-addons\interactions-9\manager-bundle.js.LEGAL.txt,0,1769625653.6705785
c:\software\DataLogicEngine\frontend\storybook-static\sb-addons\links-10\manager-bundle.js,891,1769625653.6725883
c:\software\DataLogicEngine\frontend\storybook-static\sb-addons\links-10\manager-bundle.js.LEGAL.txt,0,1769625653.6710787
c:\software\DataLogicEngine\frontend\storybook-static\sb-addons\onboarding-11\manager-bundle.js,149655,1769625653.6725883
c:\software\DataLogicEngine\frontend\storybook-static\sb-addons\onboarding-11\manager-bundle.js.LEGAL.txt,344,1769625653.6725883
c:\software\DataLogicEngine\frontend\storybook-static\sb-addons\storybook-core-core-server-presets-0\common-manager-bundle.js,1132,1769625653.6705785
c:\software\DataLogicEngine\frontend\storybook-static\sb-addons\storybook-core-core-server-presets-0\common-manager-bundle.js.LEGAL.txt,0,1769625653.6710787
c:\software\DataLogicEngine\frontend\storybook-static\sb-common-assets\favicon.svg,1251,1769624389.742
c:\software\DataLogicEngine\frontend\storybook-static\sb-common-assets\nunito-sans-bold-italic.woff2,49460,1769624389.977
c:\software\DataLogicEngine\frontend\storybook-static\sb-common-assets\nunito-sans-bold.woff2,47144,1769624390.581
c:\software\DataLogicEngine\frontend\storybook-static\sb-common-assets\nunito-sans-italic.woff2,49620,1769624390.781
c:\software\DataLogicEngine\frontend\storybook-static\sb-common-assets\nunito-sans-regular.woff2,47072,1769624390.945
c:\software\DataLogicEngine\frontend\storybook-static\sb-manager\globals-module-info.js,22788,1769624400.3203201
c:\software\DataLogicEngine\frontend\storybook-static\sb-manager\globals-runtime.js,1426539,1769624400.4867797
c:\software\DataLogicEngine\frontend\storybook-static\sb-manager\globals.js,2428,1769624400.5115483
c:\software\DataLogicEngine\frontend\storybook-static\sb-manager\runtime.js,450443,1769624400.6296523
c:\software\DataLogicEngine\frontend\storybook-static\sb-preview\globals.js,1793,1769624401.023207
c:\software\DataLogicEngine\frontend\storybook-static\sb-preview\runtime.js,268815,1769624401.2282662
c:\software\DataLogicEngine\frontend\storybook-static\static\media\accessibility.b812909c.png,42336,1769625661.6600604
c:\software\DataLogicEngine\frontend\storybook-static\static\media\addon-library.7d60eaf1.png,467366,1769625661.662119
c:\software\DataLogicEngine\frontend\storybook-static\static\media\assets.74434bfb.png,3899,1769625661.6589828
c:\software\DataLogicEngine\frontend\storybook-static\static\media\context.0aaeed46.png,6119,1769625661.6589828
c:\software\DataLogicEngine\frontend\storybook-static\static\media\discord.c13ab8cc.svg,2392,1769625661.6589828
c:\software\DataLogicEngine\frontend\storybook-static\static\media\docs.78ff2c00.png,27875,1769625661.6589828
c:\software\DataLogicEngine\frontend\storybook-static\static\media\figma-plugin.92feae99.png,44246,1769625661.6589828
c:\software\DataLogicEngine\frontend\storybook-static\static\media\github.bf1215e7.svg,2720,1769625661.6589828
c:\software\DataLogicEngine\frontend\storybook-static\static\media\share.b661f220.png,40767,1769625661.6589828
c:\software\DataLogicEngine\frontend\storybook-static\static\media\styling.6ea0e96c.png,7237,1769625661.6589828
c:\software\DataLogicEngine\frontend\storybook-static\static\media\testing.6f11ce8b.png,49313,1769625661.659487
c:\software\DataLogicEngine\frontend\storybook-static\static\media\theming.3ca117fd.png,44374,1769625661.6589828
c:\software\DataLogicEngine\frontend\storybook-static\static\media\tutorials.f9b22f92.svg,1258,1769625661.6589828
c:\software\DataLogicEngine\frontend\storybook-static\static\media\youtube.0220385a.svg,716,1769625661.6589828
c:\software\DataLogicEngine\frontend\tests\visual-audit.spec.ts,3288,1769796599.2490082
c:\software\DataLogicEngine\frontend\types\electron.d.ts,316,1769583527.235257
c:\software\DataLogicEngine\instance\ukg_database.db,782336,1769926154.2272136
c:\software\DataLogicEngine\instance\ukg_database.db-shm,32768,1769926475.4435663
c:\software\DataLogicEngine\instance\ukg_database.db-wal,4165352,1769926479.2758772
c:\software\DataLogicEngine\k8s\base\backend-deployment.yaml,1153,1767916882.8858814
c:\software\DataLogicEngine\k8s\base\frontend-deployment.yaml,948,1767916883.7044888
c:\software\DataLogicEngine\k8s\operator\crds\ka_crd.yaml,1752,1768490945.9702513
c:\software\DataLogicEngine\k8s\operator\crds\tracerun_crd.yaml,1411,1768490956.8851523
c:\software\DataLogicEngine\k8s\operator\samples\ka_38_example.yaml,386,1768490958.9420068
c:\software\DataLogicEngine\logs\audit\audit_20250519.jsonl,7792,1767661229.4862037
c:\software\DataLogicEngine\logs\audit\audit_20260106.jsonl,2786,1767748014.007313
c:\software\DataLogicEngine\logs\audit\audit_20260108.jsonl,352,1767920020.402122
c:\software\DataLogicEngine\logs\audit\audit_20260110.jsonl,136118,1768109390.6314306
c:\software\DataLogicEngine\logs\audit\audit_20260116.jsonl,82948,1768563666.676705
c:\software\DataLogicEngine\logs\audit\audit_20260128.jsonl,765303,1769672992.5898738
c:\software\DataLogicEngine\logs\audit\audit_20260129.jsonl,13492,1769754983.8356519
c:\software\DataLogicEngine\logs\audit\audit_20260130.jsonl,574429,1769801950.8399668
c:\software\DataLogicEngine\logs\audit\audit_20260131.jsonl,964716,1769926479.2743769
c:\software\DataLogicEngine\logs\compliance\events.jsonl,48091,1767661229.4872031
c:\software\DataLogicEngine\logs\compliance\state_20250519_193015.json,625,1767661229.4872031
c:\software\DataLogicEngine\logs\compliance\state_20250519_193123.json,625,1767661229.4877038
c:\software\DataLogicEngine\logs\compliance\state_20250519_193324.json,625,1767661229.4882042
c:\software\DataLogicEngine\logs\compliance\state_20250519_193441.json,625,1767661229.4882042
c:\software\DataLogicEngine\logs\compliance\state_20250519_193447.json,625,1767661229.4887042
c:\software\DataLogicEngine\logs\compliance\state_20250519_193947.json,625,1767661229.4887042
c:\software\DataLogicEngine\logs\compliance\state_20250519_194139.json,625,1767661229.4907055
c:\software\DataLogicEngine\logs\compliance\state_20250519_194432.json,625,1767661229.4907055
c:\software\DataLogicEngine\logs\compliance\state_20250519_194524.json,625,1767661229.4907055
c:\software\DataLogicEngine\logs\compliance\state_20250519_195024.json,625,1767661229.4907055
c:\software\DataLogicEngine\logs\compliance\state_20250519_195100.json,625,1767661229.491546
c:\software\DataLogicEngine\logs\compliance\state_20250519_195411.json,625,1767661229.491546
c:\software\DataLogicEngine\logs\compliance\state_20250519_195634.json,625,1767661229.4920454
c:\software\DataLogicEngine\logs\compliance\state_20250519_200606.json,625,1767661229.4920454
c:\software\DataLogicEngine\logs\compliance\state_20250519_200831.json,625,1767661229.4920454
c:\software\DataLogicEngine\logs\compliance\state_20250519_201101.json,625,1767661229.4920454
c:\software\DataLogicEngine\logs\compliance\state_20250519_201410.json,625,1767661229.4930253
c:\software\DataLogicEngine\logs\compliance\state_20250519_202608.json,625,1767661229.4930253
c:\software\DataLogicEngine\logs\compliance\state_20250519_202933.json,625,1767661229.4930253
c:\software\DataLogicEngine\logs\compliance\state_20250519_202951.json,625,1767661229.4935236
c:\software\DataLogicEngine\logs\compliance\state_20250519_203000.json,625,1767661229.4935236
c:\software\DataLogicEngine\logs\compliance\state_20250519_203029.json,625,1767661229.4940236
c:\software\DataLogicEngine\logs\compliance\state_20250519_203529.json,625,1767661229.4940236
c:\software\DataLogicEngine\logs\compliance\state_20250519_204029.json,625,1767661229.494524
c:\software\DataLogicEngine\logs\compliance\state_20250519_204529.json,625,1767661229.494524
c:\software\DataLogicEngine\logs\compliance\state_20250519_204847.json,625,1767661229.4950247
c:\software\DataLogicEngine\logs\compliance\state_20250519_204853.json,625,1767661229.4950247
c:\software\DataLogicEngine\logs\compliance\state_20250519_205057.json,625,1767661229.4955246
c:\software\DataLogicEngine\logs\compliance\state_20250519_205137.json,625,1767661229.4960241
c:\software\DataLogicEngine\logs\compliance\state_20250519_205236.json,625,1767661229.4960241
c:\software\DataLogicEngine\logs\compliance\state_20250519_205252.json,625,1767661229.4960241
c:\software\DataLogicEngine\logs\compliance\state_20250519_205430.json,625,1767661229.4965246
c:\software\DataLogicEngine\logs\compliance\state_20250519_205655.json,625,1767661229.4965246
c:\software\DataLogicEngine\logs\compliance\state_20250519_205951.json,625,1767661229.4970243
c:\software\DataLogicEngine\logs\compliance\state_20250519_210002.json,625,1767661229.4970243
c:\software\DataLogicEngine\logs\compliance\state_20250519_210248.json,625,1767661229.4970243
c:\software\DataLogicEngine\logs\compliance\state_20250519_210403.json,625,1767661229.4970243
c:\software\DataLogicEngine\logs\compliance\state_20250519_210423.json,625,1767661229.4970243
c:\software\DataLogicEngine\logs\compliance\state_20250519_210542.json,625,1767661229.4970243
c:\software\DataLogicEngine\logs\compliance\state_20250519_210923.json,625,1767661229.4970243
c:\software\DataLogicEngine\logs\compliance\state_20250519_211423.json,625,1767661229.4981215
c:\software\DataLogicEngine\logs\compliance\state_20250519_211923.json,625,1767661229.4981215
c:\software\DataLogicEngine\logs\compliance\state_20250519_212423.json,625,1767661229.4981215
c:\software\DataLogicEngine\logs\compliance\state_20250519_212923.json,625,1767661229.498805
c:\software\DataLogicEngine\logs\compliance\state_20250519_213423.json,625,1767661229.498805
c:\software\DataLogicEngine\logs\compliance\state_20250519_213923.json,625,1767661229.498805
c:\software\DataLogicEngine\logs\compliance\state_20250519_214409.json,625,1767661229.498805
c:\software\DataLogicEngine\logs\compliance\state_20250519_214413.json,625,1767661229.4997864
c:\software\DataLogicEngine\logs\compliance\state_20250519_215417.json,625,1767661229.4997864
c:\software\DataLogicEngine\logs\compliance\state_20250519_220244.json,625,1767661229.4997864
c:\software\DataLogicEngine\logs\security\scan_20250519_193015.json,334,1767661229.5006444
c:\software\DataLogicEngine\logs\security\scan_20250519_193123.json,334,1767661229.5006444
c:\software\DataLogicEngine\logs\security\scan_20250519_193324.json,334,1767661229.5011444
c:\software\DataLogicEngine\logs\security\scan_20250519_193441.json,334,1767661229.5022576
c:\software\DataLogicEngine\logs\security\scan_20250519_193447.json,334,1767661229.5022576
c:\software\DataLogicEngine\logs\security\scan_20250519_194139.json,334,1767661229.502643
c:\software\DataLogicEngine\logs\security\scan_20250519_194432.json,334,1767661229.502643
c:\software\DataLogicEngine\logs\security\scan_20250519_194524.json,334,1767661229.5031435
c:\software\DataLogicEngine\logs\security\scan_20250519_195100.json,334,1767661229.5031435
c:\software\DataLogicEngine\logs\security\scan_20250519_195411.json,334,1767661229.5031435
c:\software\DataLogicEngine\logs\security\scan_20250519_195634.json,334,1767661229.5036898
c:\software\DataLogicEngine\logs\security\scan_20250519_200606.json,334,1767661229.5036898
c:\software\DataLogicEngine\logs\security\scan_20250519_200831.json,334,1767661229.504189
c:\software\DataLogicEngine\logs\security\scan_20250519_201101.json,334,1767661229.504189
c:\software\DataLogicEngine\logs\security\scan_20250519_201410.json,334,1767661229.504189
c:\software\DataLogicEngine\logs\security\scan_20250519_202608.json,334,1767661229.504189
c:\software\DataLogicEngine\logs\security\scan_20250519_202933.json,334,1767661229.505059
c:\software\DataLogicEngine\logs\security\scan_20250519_202951.json,334,1767661229.505059
c:\software\DataLogicEngine\logs\security\scan_20250519_203000.json,334,1767661229.505559
c:\software\DataLogicEngine\logs\security\scan_20250519_203029.json,334,1767661229.505559
c:\software\DataLogicEngine\logs\security\scan_20250519_204529.json,334,1767661229.505559
c:\software\DataLogicEngine\logs\security\scan_20250519_204847.json,334,1767661229.505559
c:\software\DataLogicEngine\logs\security\scan_20250519_204853.json,334,1767661229.5061314
c:\software\DataLogicEngine\logs\security\scan_20250519_205057.json,334,1767661229.5061314
c:\software\DataLogicEngine\logs\security\scan_20250519_205137.json,334,1767661229.5061314
c:\software\DataLogicEngine\logs\security\scan_20250519_205236.json,334,1767661229.5066314
c:\software\DataLogicEngine\logs\security\scan_20250519_205252.json,334,1767661229.5066314
c:\software\DataLogicEngine\logs\security\scan_20250519_205430.json,334,1767661229.5066314
c:\software\DataLogicEngine\logs\security\scan_20250519_205655.json,334,1767661229.5071318
c:\software\DataLogicEngine\logs\security\scan_20250519_205951.json,334,1767661229.5076325
c:\software\DataLogicEngine\logs\security\scan_20250519_210002.json,334,1767661229.5076325
c:\software\DataLogicEngine\logs\security\scan_20250519_210248.json,334,1767661229.5076325
c:\software\DataLogicEngine\logs\security\scan_20250519_210403.json,334,1767661229.5076325
c:\software\DataLogicEngine\logs\security\scan_20250519_210423.json,334,1767661229.5076325
c:\software\DataLogicEngine\logs\security\scan_20250519_210542.json,334,1767661229.5083284
c:\software\DataLogicEngine\logs\security\scan_20250519_211923.json,334,1767661229.5083284
c:\software\DataLogicEngine\logs\security\scan_20250519_213423.json,334,1767661229.5083284
c:\software\DataLogicEngine\logs\security\scan_20250519_214409.json,334,1767661229.5083284
c:\software\DataLogicEngine\logs\security\scan_20250519_214413.json,334,1767661229.5083284
c:\software\DataLogicEngine\logs\security\scan_20250519_215417.json,334,1767661229.5093079
c:\software\DataLogicEngine\logs\security\scan_20250519_220244.json,334,1767661229.5093079
c:\software\DataLogicEngine\migrations\alembic.ini,857,1767730285.648711
c:\software\DataLogicEngine\migrations\env.py,3344,1767730285.649211
c:\software\DataLogicEngine\migrations\README,41,1767730285.656218
c:\software\DataLogicEngine\migrations\script.py.mako,494,1767730285.6662204
c:\software\DataLogicEngine\migrations\versions\a1b2c3d4e5f6_add_llm_gateway_tables.py,5160,1767913670.6516476
c:\software\DataLogicEngine\migrations\versions\b0d09ef7daef_add_tracing_tables.py,11072,1767910369.8947558
c:\software\DataLogicEngine\notes\current_plan.md,9667,1768553610.7983189
c:\software\DataLogicEngine\notes\microsoft_store_compliance_assessment.md,27336,1768552505.4961042
c:\software\DataLogicEngine\notes\microsoft_store_compliance_todo.md,10335,1769581249.172673
c:\software\DataLogicEngine\notes\microsoft_store_implementation_plan.md,8820,1768553136.0589457
c:\software\DataLogicEngine\patches\accessibility-fixes.patch,2850,1769806527.909248
c:\software\DataLogicEngine\patches\fix-typography.patch,238,1769806532.2164817
c:\software\DataLogicEngine\patches\improve-csp.patch,378,1769806529.9166107
c:\software\DataLogicEngine\prompts\defense_supervisor.txt,1459,1768504585.5634384
c:\software\DataLogicEngine\public\css\style.css,2355,1767661229.5109782
c:\software\DataLogicEngine\public\css\styles.css,2345,1767661229.5109782
c:\software\DataLogicEngine\public\js\main.js,7949,1767661229.511766
c:\software\DataLogicEngine\quad_persona\axis_role_mapper.py,15695,1768491945.7915998
c:\software\DataLogicEngine\quad_persona\mathematical_framework.py,33188,1768457910.7232633
c:\software\DataLogicEngine\quad_persona\persona_loader.py,15929,1767661229.513714
c:\software\DataLogicEngine\quad_persona\persona_scaling.py,32260,1768453640.0964458
c:\software\DataLogicEngine\quad_persona\pod_models.py,24012,1768453479.0765765
c:\software\DataLogicEngine\quad_persona\pod_orchestrator.py,28677,1768454314.5340252
c:\software\DataLogicEngine\quad_persona\quad_config.yaml,7600,1768453983.6138186
c:\software\DataLogicEngine\quad_persona\quad_engine.py,91826,1767661229.5147152
c:\software\DataLogicEngine\quad_persona\quad_models.py,6812,1769583215.7060864
c:\software\DataLogicEngine\quad_persona\__init__.py,459,1767661229.5127156
c:\software\DataLogicEngine\reports\RPT-20260128183324_SOC2.pdf,2336,1769654004.459936
c:\software\DataLogicEngine\routes\admin_routes.py,19340,1769581249.1736724
c:\software\DataLogicEngine\routes\api_routes.py,8311,1767739780.6160772
c:\software\DataLogicEngine\routes\auth_routes.py,12587,1768563585.6287448
c:\software\DataLogicEngine\routes\compliance_routes.py,11010,1769653530.5877767
c:\software\DataLogicEngine\routes\ka_routes.py,21945,1769579594.853426
c:\software\DataLogicEngine\routes\knowledge_routes.py,7523,1767922758.2479086
c:\software\DataLogicEngine\routes\mcp_routes.py,18154,1769579599.614391
c:\software\DataLogicEngine\routes\simulation_routes.py,4445,1769653491.1220448
c:\software\DataLogicEngine\routes\user_data_routes.py,9174,1769581249.1741722
c:\software\DataLogicEngine\routes\__init__.py,2362,1769925162.251283
c:\software\DataLogicEngine\scripts\audit_ka_files.py,2248,1768558709.8747938
c:\software\DataLogicEngine\scripts\backup_database.sh,5419,1768450129.781415
c:\software\DataLogicEngine\scripts\build_backend.py,1471,1769584862.391176
c:\software\DataLogicEngine\scripts\check_circular_deps.py,912,1767922102.1731665
c:\software\DataLogicEngine\scripts\check_enterprise_health.py,3412,1767661229.3173754
c:\software\DataLogicEngine\scripts\create_admin_user.py,8100,1767661229.5231836
c:\software\DataLogicEngine\scripts\create_missing_kas.py,2935,1768558707.906346
c:\software\DataLogicEngine\scripts\custom_start.sh,527,1767661229.3578093
c:\software\DataLogicEngine\scripts\deploy.py,9687,1767661229.3671548
c:\software\DataLogicEngine\scripts\dev_setup.py,3469,1767917287.8305385
c:\software\DataLogicEngine\scripts\expand_mcp_library.py,4514,1769584562.563403
c:\software\DataLogicEngine\scripts\export_audit_logs.py,1840,1767920176.0031147
c:\software\DataLogicEngine\scripts\find_duplicates.py,1407,1768516213.1940017
c:\software\DataLogicEngine\scripts\generate_keys.py,1372,1767730440.268689
c:\software\DataLogicEngine\scripts\generate_registry_yaml.py,1328,1768558705.822551
c:\software\DataLogicEngine\scripts\generate_secrets.py,3281,1768450129.7904172
c:\software\DataLogicEngine\scripts\generate_soc2_report.py,11456,1767661229.4523904
c:\software\DataLogicEngine\scripts\import_reference_data.py,10127,1767661229.5240722
c:\software\DataLogicEngine\scripts\inventory_scan.py,3886,1769903512.5711427
c:\software\DataLogicEngine\scripts\migrate_legacy_kas.py,692,1768558703.6504202
c:\software\DataLogicEngine\scripts\persona_manager.py,7555,1768450129.7974143
c:\software\DataLogicEngine\scripts\profile_simulation.py,1398,1769728277.7775507
c:\software\DataLogicEngine\scripts\restore_database.sh,2749,1768450129.8057075
c:\software\DataLogicEngine\scripts\runtime_precheck.py,7613,1767661229.524571
c:\software\DataLogicEngine\scripts\run_enterprise_services.py,5738,1767661229.5181837
c:\software\DataLogicEngine\scripts\run_enterprise_ukg.py,11182,1767661229.5186834
c:\software\DataLogicEngine\scripts\run_security_tests.sh,7999,1767661229.5240722
c:\software\DataLogicEngine\scripts\run_tests.sh,3048,1768450129.8124201
c:\software\DataLogicEngine\scripts\run_ukg.py,3538,1767661229.5211835
c:\software\DataLogicEngine\scripts\run_ukg_server.py,854,1767661229.5226834
c:\software\DataLogicEngine\scripts\send_sentry_test_event.py,1543,1768450129.8212621
c:\software\DataLogicEngine\scripts\setup_database.sh,6221,1768450129.8292608
c:\software\DataLogicEngine\scripts\setup_gateway.py,5976,1767913730.1891923
c:\software\DataLogicEngine\scripts\setup_local_databases.ps1,11134,1769664924.8589938
c:\software\DataLogicEngine\scripts\setup_ssl_letsencrypt.sh,9036,1768450129.8354454
c:\software\DataLogicEngine\scripts\start_enterprise.sh,1005,1767661229.5320816
c:\software\DataLogicEngine\scripts\start_server.sh,444,1767661229.5325837
c:\software\DataLogicEngine\scripts\start_ukg.sh,535,1767661229.5325837
c:\software\DataLogicEngine\scripts\test_gateway.py,2992,1767913732.0931182
c:\software\DataLogicEngine\scripts\update_docs.py,2174,1769928699.7377417
c:\software\DataLogicEngine\scripts\validate_production_config.py,10629,1768450129.842288
c:\software\DataLogicEngine\scripts\verify_advanced_features.py,3640,1768461629.4987376
c:\software\DataLogicEngine\scripts\verify_agentic_simulation.py,1384,1769584072.6362138
c:\software\DataLogicEngine\scripts\verify_api_keys.py,3263,1769672806.9009826
c:\software\DataLogicEngine\scripts\verify_backup_cron.sh,1522,1768450129.8482912
c:\software\DataLogicEngine\scripts\verify_chat_persistence.py,3288,1769714483.535955
c:\software\DataLogicEngine\scripts\verify_gemini_integration.py,4347,1769669431.496235
c:\software\DataLogicEngine\scripts\verify_ka_upgrades.py,3509,1769671517.494257
c:\software\DataLogicEngine\scripts\verify_l1_l2_flow.py,3261,1768459725.0535438
c:\software\DataLogicEngine\scripts\verify_l1_l4_flow.py,2776,1768460084.010427
c:\software\DataLogicEngine\scripts\verify_l1_l5_flow.py,3513,1768461442.7282465
c:\software\DataLogicEngine\scripts\verify_layer3_pipeline.py,3482,1768558257.1340978
c:\software\DataLogicEngine\scripts\verify_layer5_new.py,3030,1768461323.700896
c:\software\DataLogicEngine\scripts\verify_mcp_system.py,1060,1769584579.5291452
c:\software\DataLogicEngine\scripts\verify_services.py,5690,1769672335.505584
c:\software\DataLogicEngine\scripts\verify_sqlite.py,990,1769798203.405779
c:\software\DataLogicEngine\scripts\verify_unified_system.py,4794,1768460380.1701086
c:\software\DataLogicEngine\scripts\archive\verify_axis_mapper.py,2093,1768115019.2612557
c:\software\DataLogicEngine\scripts\archive\verify_batch_e.py,906,1768113543.7911654
c:\software\DataLogicEngine\scripts\archive\verify_deep_logic.py,2637,1768110535.933107
c:\software\DataLogicEngine\scripts\archive\verify_final_integration.py,3964,1768118213.3871996
c:\software\DataLogicEngine\scripts\archive\verify_ka_infra.py,3103,1768114796.468763
c:\software\DataLogicEngine\scripts\archive\verify_ka_unified.py,1703,1768558295.4270997
c:\software\DataLogicEngine\scripts\archive\verify_phase2_full_flow.py,4561,1768115593.4491844
c:\software\DataLogicEngine\scripts\archive\verify_phase4_workflow.py,3739,1768115970.8123198
c:\software\DataLogicEngine\scripts\archive\verify_phase5_coordinates.py,3456,1768116290.8555555
c:\software\DataLogicEngine\scripts\archive\verify_phase6_full_axes.py,2975,1768116575.2374187
c:\software\DataLogicEngine\scripts\archive\verify_stack_integration.py,2891,1768230625.726267
c:\software\DataLogicEngine\scripts\archive\verify_truth_engine.py,2772,1768115086.737546
c:\software\DataLogicEngine\scripts\archive\verify_updates.py,2582,1768106150.7117405
c:\software\DataLogicEngine\scripts\archive\verify_workflow_wiring.py,1896,1768162576.8791976
c:\software\DataLogicEngine\scripts\windows\backup_data.ps1,1834,1768562730.1859474
c:\software\DataLogicEngine\scripts\windows\install.ps1,6483,1769796169.932858
c:\software\DataLogicEngine\scripts\windows\run_visual_audit.ps1,1926,1769796614.3494778
c:\software\DataLogicEngine\scripts\windows\setup_cache.ps1,2281,1768562662.8777761
c:\software\DataLogicEngine\scripts\windows\setup_db.ps1,4307,1768564024.9870212
c:\software\DataLogicEngine\scripts\windows\test_installer.ps1,3062,1769796625.2309794
c:\software\DataLogicEngine\scripts\windows\UKGWrapper.cs,2478,1769755414.5307891
c:\software\DataLogicEngine\scripts\windows\uninstall.ps1,4842,1769796203.737756
c:\software\DataLogicEngine\scripts\windows\verify_auditing.py,4457,1768563643.901551
c:\software\DataLogicEngine\scripts\windows\verify_components.py,1459,1768560407.1703925
c:\software\DataLogicEngine\scripts\windows\verify_identity_logic.py,5305,1768563470.1915743
c:\software\DataLogicEngine\sdk\UKG_Python_SDK\CHANGELOG.md,727,1769806189.7277749
c:\software\DataLogicEngine\sdk\UKG_Python_SDK\HOW_TO_USE.md,61,1767686198.0
c:\software\DataLogicEngine\sdk\UKG_Python_SDK\LICENSE,37,1767686198.0
c:\software\DataLogicEngine\sdk\UKG_Python_SDK\pyproject.toml,659,1767686434.0
c:\software\DataLogicEngine\sdk\UKG_Python_SDK\pytest.ini,45,1769804240.856354
c:\software\DataLogicEngine\sdk\UKG_Python_SDK\README.md,1723,1769806187.5987127
c:\software\DataLogicEngine\sdk\UKG_Python_SDK\docs\API_REFERENCE.md,3795,1769805802.2164338
c:\software\DataLogicEngine\sdk\UKG_Python_SDK\docs\DEVELOPER_API_REFERENCE.md,2730,1767686474.0
c:\software\DataLogicEngine\sdk\UKG_Python_SDK\docs\HOWTO.md,4770,1767686198.0
c:\software\DataLogicEngine\sdk\UKG_Python_SDK\docs\specs\AXIS-2 world wide codes systems.xlsx,27006,1767685082.0
c:\software\DataLogicEngine\sdk\UKG_Python_SDK\docs\specs\PL-1-107 with members.xlsx,14935,1767685082.0
c:\software\DataLogicEngine\sdk\UKG_Python_SDK\docs\specs\UKG_KA_1_to_114_Enterprise_Registry_with_Libraries.xlsx,41067,1767685046.0
c:\software\DataLogicEngine\sdk\UKG_Python_SDK\examples\basic_overlay.py,541,1767686198.0
c:\software\DataLogicEngine\sdk\UKG_Python_SDK\examples\quickstart.py,1790,1769806112.0618987
c:\software\DataLogicEngine\sdk\UKG_Python_SDK\tests\test_ka61_shield.py,2846,1768553725.5433009
c:\software\DataLogicEngine\sdk\UKG_Python_SDK\tests\test_smoke.py,259,1768559396.183395
c:\software\DataLogicEngine\sdk\UKG_Python_SDK\tests\test_truth_engine.py,1483,1769804992.9125402
c:\software\DataLogicEngine\sdk\UKG_Python_SDK\tests\test_workflow.py,1551,1769805566.9119346
c:\software\DataLogicEngine\sdk\UKG_Python_SDK\ukg_sdk\api.py,3596,1767686198.0
c:\software\DataLogicEngine\sdk\UKG_Python_SDK\ukg_sdk\api_client.py,23493,1769806039.9291449
c:\software\DataLogicEngine\sdk\UKG_Python_SDK\ukg_sdk\api_models.py,14402,1769803580.8555768
c:\software\DataLogicEngine\sdk\UKG_Python_SDK\ukg_sdk\auth.py,639,1767686198.0
c:\software\DataLogicEngine\sdk\UKG_Python_SDK\ukg_sdk\client.py,3805,1767686396.0
c:\software\DataLogicEngine\sdk\UKG_Python_SDK\ukg_sdk\coordinates17.py,5276,1769719728.3352337
c:\software\DataLogicEngine\sdk\UKG_Python_SDK\ukg_sdk\exceptions.py,1243,1769804452.4137287
c:\software\DataLogicEngine\sdk\UKG_Python_SDK\ukg_sdk\indexing.py,2039,1767686198.0
c:\software\DataLogicEngine\sdk\UKG_Python_SDK\ukg_sdk\mcp.py,394,1767686198.0
c:\software\DataLogicEngine\sdk\UKG_Python_SDK\ukg_sdk\models.py,1195,1767686198.0
c:\software\DataLogicEngine\sdk\UKG_Python_SDK\ukg_sdk\overlay.py,12163,1768561103.9683034
c:\software\DataLogicEngine\sdk\UKG_Python_SDK\ukg_sdk\py.typed,0,1769806028.7290306
c:\software\DataLogicEngine\sdk\UKG_Python_SDK\ukg_sdk\registries.py,1385,1767686198.0
c:\software\DataLogicEngine\sdk\UKG_Python_SDK\ukg_sdk\tenlayer.py,1658,1768515660.0039508
c:\software\DataLogicEngine\sdk\UKG_Python_SDK\ukg_sdk\truth_engine.py,281,1767686198.0
c:\software\DataLogicEngine\sdk\UKG_Python_SDK\ukg_sdk\twelve_step.py,1685,1767686198.0
c:\software\DataLogicEngine\sdk\UKG_Python_SDK\ukg_sdk\utils.py,967,1767686198.0
c:\software\DataLogicEngine\sdk\UKG_Python_SDK\ukg_sdk\workflow.py,2854,1769804904.0229335
c:\software\DataLogicEngine\sdk\UKG_Python_SDK\ukg_sdk\__init__.py,1440,1769806169.002394
c:\software\DataLogicEngine\sdk\UKG_Python_SDK\ukg_sdk\audit\base.py,736,1767924039.1219902
c:\software\DataLogicEngine\sdk\UKG_Python_SDK\ukg_sdk\audit\file_store.py,2182,1767686198.0
c:\software\DataLogicEngine\sdk\UKG_Python_SDK\ukg_sdk\audit\postgres.py,2147,1767686198.0
c:\software\DataLogicEngine\sdk\UKG_Python_SDK\ukg_sdk\audit\__init__.py,362,1767686198.0
c:\software\DataLogicEngine\sdk\UKG_Python_SDK\ukg_sdk\data\axis2.xlsx,59842,1767686198.0
c:\software\DataLogicEngine\sdk\UKG_Python_SDK\ukg_sdk\data\axis2_catalog.xlsx,59842,1767686198.0
c:\software\DataLogicEngine\sdk\UKG_Python_SDK\ukg_sdk\data\ka_registry.xlsx,41664,1767686198.0
c:\software\DataLogicEngine\sdk\UKG_Python_SDK\ukg_sdk\data\ka_registry_by_id.json,175708,1767686198.0
c:\software\DataLogicEngine\sdk\UKG_Python_SDK\ukg_sdk\data\openapi.json,162672,1767686198.0
c:\software\DataLogicEngine\sdk\UKG_Python_SDK\ukg_sdk\data\openapi.yaml,116157,1767686198.0
c:\software\DataLogicEngine\sdk\UKG_Python_SDK\ukg_sdk\data\pillar_catalog.xlsx,35177,1767686198.0
c:\software\DataLogicEngine\sdk\UKG_Python_SDK\ukg_sdk\data\pl1_107.xlsx,35177,1767686198.0
c:\software\DataLogicEngine\sdk\UKG_Python_SDK\ukg_sdk\data\truthgate.json,7386,1767686198.0
c:\software\DataLogicEngine\sdk\UKG_Python_SDK\ukg_sdk\data\truthlink.json,7999,1767686198.0
c:\software\DataLogicEngine\sdk\UKG_Python_SDK\ukg_sdk\data\truthmemory.json,13750,1767686198.0
c:\software\DataLogicEngine\sdk\UKG_Python_SDK\ukg_sdk\data\truth_engine_master.json,1708,1767686198.0
c:\software\DataLogicEngine\sdk\UKG_Python_SDK\ukg_sdk\data\truth_engine_master.yaml,3880,1767686198.0
c:\software\DataLogicEngine\sdk\UKG_Python_SDK\ukg_sdk\data\workflow.json,29812,1767686198.0
c:\software\DataLogicEngine\sdk\UKG_Python_SDK\ukg_sdk\data\audit\ukg_audit.jsonl,438,1769806121.3168619
c:\software\DataLogicEngine\sdk\UKG_Python_SDK\ukg_sdk\ka\builtins.py,5059,1768553584.3972943
c:\software\DataLogicEngine\sdk\UKG_Python_SDK\ukg_sdk\ka\executor.py,3539,1769805339.2705946
c:\software\DataLogicEngine\sdk\UKG_Python_SDK\ukg_sdk\ka\handlers.py,4041,1767686198.0
c:\software\DataLogicEngine\sdk\UKG_Python_SDK\ukg_sdk\ka\models.py,1560,1767686198.0
c:\software\DataLogicEngine\sdk\UKG_Python_SDK\ukg_sdk\ka\registry.py,3107,1767686198.0
c:\software\DataLogicEngine\sdk\UKG_Python_SDK\ukg_sdk\ka\__init__.py,285,1767686198.0
c:\software\DataLogicEngine\sdk\UKG_Python_SDK\ukg_sdk\memory\base.py,1184,1767686198.0
c:\software\DataLogicEngine\sdk\UKG_Python_SDK\ukg_sdk\memory\in_memory.py,1008,1767686198.0
c:\software\DataLogicEngine\sdk\UKG_Python_SDK\ukg_sdk\memory\postgres.py,2720,1767686198.0
c:\software\DataLogicEngine\sdk\UKG_Python_SDK\ukg_sdk\memory\redis.py,1221,1767686198.0
c:\software\DataLogicEngine\sdk\UKG_Python_SDK\ukg_sdk\memory\__init__.py,607,1767686198.0
c:\software\DataLogicEngine\sdk\UKG_Python_SDK\ukg_sdk\providers\anthropic.py,3567,1767923615.6148005
c:\software\DataLogicEngine\sdk\UKG_Python_SDK\ukg_sdk\providers\azure_openai.py,3222,1767923638.2564719
c:\software\DataLogicEngine\sdk\UKG_Python_SDK\ukg_sdk\providers\base.py,562,1767686198.0
c:\software\DataLogicEngine\sdk\UKG_Python_SDK\ukg_sdk\providers\google.py,4585,1769672272.2897072
c:\software\DataLogicEngine\sdk\UKG_Python_SDK\ukg_sdk\providers\local_slm.py,2004,1768490803.7027397
c:\software\DataLogicEngine\sdk\UKG_Python_SDK\ukg_sdk\providers\openai.py,3913,1769672604.9749882
c:\software\DataLogicEngine\sdk\UKG_Python_SDK\ukg_sdk\providers\__init__.py,425,1769668555.593456
c:\software\DataLogicEngine\sdk\UKG_Python_SDK\ukg_sdk\truth_engine\core.py,4615,1769805682.035748
c:\software\DataLogicEngine\sdk\UKG_Python_SDK\ukg_sdk\truth_engine\frost.py,2121,1768515685.2994528
c:\software\DataLogicEngine\sdk\UKG_Python_SDK\ukg_sdk\truth_engine\loader.py,1274,1767686198.0
c:\software\DataLogicEngine\sdk\UKG_Python_SDK\ukg_sdk\truth_engine\truthcore.py,3047,1769805527.6656497
c:\software\DataLogicEngine\sdk\UKG_Python_SDK\ukg_sdk\truth_engine\truthgate.py,3151,1769805232.1632347
c:\software\DataLogicEngine\sdk\UKG_Python_SDK\ukg_sdk\truth_engine\truthlink.py,893,1769805478.969285
c:\software\DataLogicEngine\sdk\UKG_Python_SDK\ukg_sdk\truth_engine\truthmemory.py,2575,1769805498.4474683
c:\software\DataLogicEngine\sdk\UKG_Python_SDK\ukg_sdk\truth_engine\__init__.py,514,1767686198.0
c:\software\DataLogicEngine\sdk\UKG_Python_SDK\ukg_sdk-0.3.1\ukg_sdk\data\truth_engine_master.json,1708,1767686198.0
c:\software\DataLogicEngine\sdk\UKG_Python_SDK\ukg_sdk.egg-info\dependency_links.txt,1,1769806819.6558096
c:\software\DataLogicEngine\sdk\UKG_Python_SDK\ukg_sdk.egg-info\PKG-INFO,2537,1769806819.654305
c:\software\DataLogicEngine\sdk\UKG_Python_SDK\ukg_sdk.egg-info\requires.txt,161,1769806819.656809
c:\software\DataLogicEngine\sdk\UKG_Python_SDK\ukg_sdk.egg-info\SOURCES.txt,1915,1769806819.6932044
c:\software\DataLogicEngine\sdk\UKG_Python_SDK\ukg_sdk.egg-info\top_level.txt,8,1769806819.656809
c:\software\DataLogicEngine\simulation\coordinate_system.py,21743,1768457875.771106
c:\software\DataLogicEngine\simulation\create_database_script.py,9794,1767661229.5255709
c:\software\DataLogicEngine\simulation\data_generator.py,14365,1767661229.5255709
c:\software\DataLogicEngine\simulation\gatekeeper_agent.py,20883,1767661229.5255709
c:\software\DataLogicEngine\simulation\layer10_self_awareness.py,25546,1767661229.526574
c:\software\DataLogicEngine\simulation\layer1_database.py,17012,1768492024.63757
c:\software\DataLogicEngine\simulation\layer1_entry.py,9497,1768507276.1899743
c:\software\DataLogicEngine\simulation\layer1_planning.py,8750,1768462151.2655694
c:\software\DataLogicEngine\simulation\layer2_knowledge.py,69823,1768507348.2097564
c:\software\DataLogicEngine\simulation\layer2_retrieval.py,4744,1768459691.296685
c:\software\DataLogicEngine\simulation\layer3_agents.py,24379,1768507390.006886
c:\software\DataLogicEngine\simulation\layer3_agent_engine.py,4207,1768558255.1056085
c:\software\DataLogicEngine\simulation\layer5_integration.py,8004,1768461542.7446122
c:\software\DataLogicEngine\simulation\layer5_pipeline.py,14974,1768558271.0875463
c:\software\DataLogicEngine\simulation\layer5_schemas.py,6189,1768461125.4377022
c:\software\DataLogicEngine\simulation\layer6_neural_analysis.py,6103,1768110426.369052
c:\software\DataLogicEngine\simulation\layer7_agi_system.py,62737,1767661229.529077
c:\software\DataLogicEngine\simulation\layer8_quantum_computer.py,53939,1767661229.529077
c:\software\DataLogicEngine\simulation\layer9_recursive_agi.py,34023,1767661229.529077
c:\software\DataLogicEngine\simulation\layer_controller.py,12952,1768558311.9974928
c:\software\DataLogicEngine\simulation\memory_manager.py,21653,1767661229.5300791
c:\software\DataLogicEngine\simulation\orchestrator.py,2698,1767661229.530582
c:\software\DataLogicEngine\simulation\pov_delta.py,24076,1768455375.106746
c:\software\DataLogicEngine\simulation\pov_engine.py,73313,1768507451.830761
c:\software\DataLogicEngine\simulation\pov_engine_enterprise.py,24630,1768455490.0412543
c:\software\DataLogicEngine\simulation\pov_policy.py,22289,1768455143.3130455
c:\software\DataLogicEngine\simulation\query_analysis_system.py,15631,1768456145.6602595
c:\software\DataLogicEngine\simulation\refinement_loop_handler.py,30268,1767661229.5315816
c:\software\DataLogicEngine\simulation\refinement_workflow.py,8955,1768161843.3628356
c:\software\DataLogicEngine\simulation\simulation_engine.py,13414,1769584245.1126776
c:\software\DataLogicEngine\simulation\trace_system.py,16244,1768456365.7497008
c:\software\DataLogicEngine\simulation\truth_engine.py,16416,1768456226.683112
c:\software\DataLogicEngine\simulation\viewpoint_registry.py,25004,1768455263.4178746
c:\software\DataLogicEngine\simulation\__init__.py,22,1768110805.36859
c:\software\DataLogicEngine\simulation\agentic\graph_state.py,680,1769583998.7176237
c:\software\DataLogicEngine\simulation\agentic\simulation_graph.py,4433,1769584012.2988272
c:\software\DataLogicEngine\static\swagger.json,3725,1767917471.7446406
c:\software\DataLogicEngine\styles\app.css,9129,1767661229.5355823
c:\software\DataLogicEngine\styles\chat.css,5267,1767661229.5355823
c:\software\DataLogicEngine\styles\globals.css,4829,1767661229.5360818
c:\software\DataLogicEngine\styles\theme.js,2878,1767661229.5360818
c:\software\DataLogicEngine\styles\timeline.css,1739,1767661229.5360818
c:\software\DataLogicEngine\tests\COMPLETE_TEST_COVERAGE_SUMMARY.md,13692,1769581249.1746726
c:\software\DataLogicEngine\tests\conftest.py,2440,1769801047.0886726
c:\software\DataLogicEngine\tests\PHASE_2_SUMMARY.md,14627,1769581249.1746726
c:\software\DataLogicEngine\tests\test_app_security.py,768,1767661229.5520592
c:\software\DataLogicEngine\tests\test_config.py,3242,1767661229.5520592
c:\software\DataLogicEngine\tests\test_critical_fixes.py,5088,1769753355.5012481
c:\software\DataLogicEngine\tests\test_db_migration.py,901,1767661229.5525594
c:\software\DataLogicEngine\tests\test_e2e_phases.py,7067,1769628605.9740405
c:\software\DataLogicEngine\tests\test_final_assembly.py,3854,1769904826.1408842
c:\software\DataLogicEngine\tests\test_hardening_assembly.py,4716,1768514178.8303883
c:\software\DataLogicEngine\tests\test_health_endpoint.py,955,1767661229.5525594
c:\software\DataLogicEngine\tests\TEST_IMPROVEMENTS_SUMMARY.md,12108,1769581249.1756763
c:\software\DataLogicEngine\tests\test_logging_config.py,633,1767661229.5525594
c:\software\DataLogicEngine\tests\test_password_policy.py,2013,1767661229.5530593
c:\software\DataLogicEngine\tests\test_production_fidelity.py,3459,1768558205.813687
c:\software\DataLogicEngine\tests\test_security_hardening.py,2896,1769654657.3856716
c:\software\DataLogicEngine\tests\test_simulation_stack.py,1787,1768244610.898229
c:\software\DataLogicEngine\tests\test_unified_services.py,2483,1768244441.2195053
c:\software\DataLogicEngine\tests\verify_consensus_v2.py,2749,1768558516.9414628
c:\software\DataLogicEngine\tests\verify_federated_sync_v2.py,3456,1768558203.4155219
c:\software\DataLogicEngine\tests\verify_ml_routing_v2.py,3832,1768490878.8511267
c:\software\DataLogicEngine\tests\axes\test_persona_axes.py,14278,1767661229.5485592
c:\software\DataLogicEngine\tests\compliance\test_gdpr_comprehensive.py,30051,1769801249.2412722
c:\software\DataLogicEngine\tests\contract\test_api_contract.py,1007,1769754044.4087787
c:\software\DataLogicEngine\tests\end_to_end\test_full_simulation.py,2722,1768559304.956429
c:\software\DataLogicEngine\tests\integration\test_additional_coverage.py,8414,1769926452.927283
c:\software\DataLogicEngine\tests\integration\test_analytics_api.py,2844,1769662382.5538664
c:\software\DataLogicEngine\tests\integration\test_api_endpoints.py,17980,1769662342.6758683
c:\software\DataLogicEngine\tests\integration\test_app_routes.py,576,1769663285.4221106
c:\software\DataLogicEngine\tests\integration\test_graphql_api.py,5644,1768327052.8232536
c:\software\DataLogicEngine\tests\integration_routes\test_admin_routes.py,13927,1769581249.1771832
c:\software\DataLogicEngine\tests\integration_routes\__init__.py,0,1769581249.1761796
c:\software\DataLogicEngine\tests\knowledge_algorithms\test_ka_master_controller.py,4323,1769906236.8583815
c:\software\DataLogicEngine\tests\knowledge_algorithms\test_ka_suite.py,3382,1769922457.0090287
c:\software\DataLogicEngine\tests\performance\locustfile.py,575,1767661229.5495594
c:\software\DataLogicEngine\tests\quad_persona\test_persona_scaling.py,21631,1768454093.0574489
c:\software\DataLogicEngine\tests\resilience\test_self_healing.py,2456,1768558356.477317
c:\software\DataLogicEngine\tests\security\test_active_defense.py,3084,1769800299.3276048
c:\software\DataLogicEngine\tests\security\test_adversarial.py,1467,1768558207.6980462
c:\software\DataLogicEngine\tests\security\test_ai_defense.py,3858,1768558354.4666705
c:\software\DataLogicEngine\tests\security\test_audit_logger_comprehensive.py,27671,1769581249.1776872
c:\software\DataLogicEngine\tests\security\test_data_discovery.py,2374,1768558352.446783
c:\software\DataLogicEngine\tests\security\test_dpapi_crypto.py,1410,1769799130.6360393
c:\software\DataLogicEngine\tests\security\test_mfa_comprehensive.py,30159,1769581249.1776872
c:\software\DataLogicEngine\tests\security\test_password_security_comprehensive.py,24567,1769581249.178691
c:\software\DataLogicEngine\tests\security\test_rbac_comprehensive.py,32857,1769581249.179195
c:\software\DataLogicEngine\tests\security\test_request_limits.py,2118,1767661229.550059
c:\software\DataLogicEngine\tests\security\test_request_schemas.py,1560,1769798412.9550867
c:\software\DataLogicEngine\tests\security\test_security_critical.py,7411,1769923910.6057124
c:\software\DataLogicEngine\tests\security\test_security_headers.py,2257,1767661229.5505593
c:\software\DataLogicEngine\tests\security\test_session_security.py,546,1767661229.5505593
c:\software\DataLogicEngine\tests\security\test_system_chaos.py,2787,1769797157.5844333
c:\software\DataLogicEngine\tests\simulation\test_e2e_simulation_pipeline.py,10634,1767661229.5515592
c:\software\DataLogicEngine\tests\simulation\test_simulation_layers.py,14386,1767661229.5515592
c:\software\DataLogicEngine\tests\truth_engine\test_layer10_emergence.py,5224,1768512142.3556018
c:\software\DataLogicEngine\tests\truth_engine\test_layer6_quant.py,2658,1768505761.6882463
c:\software\DataLogicEngine\tests\truth_engine\test_layer7_agi.py,2422,1768506465.4655304
c:\software\DataLogicEngine\tests\truth_engine\test_layer8_trust_gate.py,7869,1768508759.68286
c:\software\DataLogicEngine\tests\truth_engine\test_layer9_meta_reasoning.py,10360,1769905699.3551948
c:\software\DataLogicEngine\tests\truth_engine\test_master_workflow.py,3977,1769906407.0327222
c:\software\DataLogicEngine\tests\unit\test_email_service_comprehensive.py,26070,1769906752.564863
c:\software\DataLogicEngine\tests\unit\test_graphql_and_gdpr.py,739,1769211946.4905663
c:\software\DataLogicEngine\tests\unit\test_user_model_comprehensive.py,25425,1769906641.7933
c:\software\DataLogicEngine\tests\unit\test_user_model_concurrency.py,24219,1769906530.174498
c:\software\DataLogicEngine\tests\unit\test_websocket.py,3864,1768327054.8456352
c:\software\DataLogicEngine\tests\utils\test_db_migration_utils.py,2627,1767661229.5530593
c:\software\DataLogicEngine\tests\windows\installer_tests.Tests.ps1,1748,1768562214.9204204
c:\software\DataLogicEngine\tests\windows\test_windows_platform.py,2069,1768562115.437852
c:\software\DataLogicEngine\tests\windows\verify_registry.ps1,799,1769752762.9530966
c:\software\DataLogicEngine\utils\db_migration.py,4877,1767661229.5540593
c:\software\DataLogicEngine\utils\db_utils.py,8840,1767729798.4095669
c:\software\DataLogicEngine\utils\logging_config.py,1304,1767661229.5540593
c:\software\DataLogicEngine\utils\responsive.js,2686,1767661229.5545592
c:\software\DataLogicEngine\utils\__init__.py,34,1767661229.5535593
