canonical_id,name,implementation_owner,primary_owner,stage,required_or_optional,selector_policy,effect_class,effect_port,consumer_paths,positive_fixture,negative_fixture,functional_test,integration_test,trace_assertion,detected_call_site_count,detected_named_test_count,production_enabled
KA-001,Algorithm of Thought,backend/knowledge_algorithms/ka_01_algorithm_of_thought.py,truthcore_l1_l5,candidate_preparation,conditional,select_only_when_manifest_predicates_and_dependencies_match,pure_or_advisory_review_required,,api_sdk_desktop_evaluation;canonical_controller;contract_parity;governed_request;refinement;simulation;trace_evaluation,tests/knowledge_algorithms/phase19/ka_001.json#positive_selector,tests/knowledge_algorithms/phase19/ka_001.json#negative_selector,tests/knowledge_algorithms/test_phase19_per_ka_semantics.py::test_ka_001_semantic_contract,tests/integration/phase19/test_truthcore_l1_l5.py::test_ka_001_owning_path,planned_selected_admitted_executed_terminal_state,1,335,True
KA-002,Tree of Thought,backend/knowledge_algorithms/ka_02_tree_of_thought.py,truthcore_l6_l8,candidate_validation,conditional_effect_proposal,select_only_when_manifest_predicates_and_dependencies_match,effect_oriented_review_required,governed_execution_service,api_sdk_desktop_evaluation;authoritative_effect_service;canonical_controller;contract_parity;governed_request;refinement;trace_evaluation;truthgate,tests/knowledge_algorithms/phase19/ka_002.json#positive_selector,tests/knowledge_algorithms/phase19/ka_002.json#negative_selector,tests/knowledge_algorithms/test_phase19_per_ka_semantics.py::test_ka_002_semantic_contract,tests/integration/phase19/test_truthcore_l6_l8.py::test_ka_002_owning_path,planned_selected_admitted_executed_terminal_state_authoritative_effect_receipt,1,11,False
KA-003,Gap Analysis,backend/knowledge_algorithms/ka_03_gap_analysis.py,truthcore_l1_l5,candidate_preparation,conditional,select_only_when_manifest_predicates_and_dependencies_match,pure_or_advisory_review_required,,api_sdk_desktop_evaluation;canonical_controller;contract_parity;governed_request;refinement;simulation;trace_evaluation,tests/knowledge_algorithms/phase19/ka_003.json#positive_selector,tests/knowledge_algorithms/phase19/ka_003.json#negative_selector,tests/knowledge_algorithms/test_phase19_per_ka_semantics.py::test_ka_003_semantic_contract,tests/integration/phase19/test_truthcore_l1_l5.py::test_ka_003_owning_path,planned_selected_admitted_executed_terminal_state,1,10,True
KA-004,Input Validation & Normalization,backend/knowledge_algorithms/ka_04_input_validation__normalization.py,governed_request_dmrf,admission_and_routing,conditional,select_only_when_manifest_predicates_and_dependencies_match,pure_or_advisory_review_required,,api_sdk_desktop_evaluation;canonical_controller;contract_parity;providers_gateway;simulation;trace_evaluation;truthcore,tests/knowledge_algorithms/phase19/ka_004.json#positive_selector,tests/knowledge_algorithms/phase19/ka_004.json#negative_selector,tests/knowledge_algorithms/test_phase19_per_ka_semantics.py::test_ka_004_semantic_contract,tests/integration/phase19/test_governed_request_dmrf.py::test_ka_004_owning_path,planned_selected_admitted_executed_terminal_state,3,32,True
KA-005,Query Classification,backend/knowledge_algorithms/ka_05_query_classification.py,governed_request_dmrf,admission_and_routing,conditional,select_only_when_manifest_predicates_and_dependencies_match,pure_or_advisory_review_required,,api_sdk_desktop_evaluation;canonical_controller;contract_parity;providers_gateway;simulation;trace_evaluation;truthcore,tests/knowledge_algorithms/phase19/ka_005.json#positive_selector,tests/knowledge_algorithms/phase19/ka_005.json#negative_selector,tests/knowledge_algorithms/test_phase19_per_ka_semantics.py::test_ka_005_semantic_contract,tests/integration/phase19/test_governed_request_dmrf.py::test_ka_005_owning_path,planned_selected_admitted_executed_terminal_state,1,21,True
KA-006,Deep Planning,backend/knowledge_algorithms/ka_06_deep_planning.py,truthcore_l6_l8,candidate_validation,conditional,select_only_when_manifest_predicates_and_dependencies_match,pure_or_advisory_review_required,,api_sdk_desktop_evaluation;canonical_controller;contract_parity;governed_request;refinement;trace_evaluation;truthgate,tests/knowledge_algorithms/phase19/ka_006.json#positive_selector,tests/knowledge_algorithms/phase19/ka_006.json#negative_selector,tests/knowledge_algorithms/test_phase19_per_ka_semantics.py::test_ka_006_semantic_contract,tests/integration/phase19/test_truthcore_batches_30_34.py::test_ka_006_owning_path,planned_selected_admitted_executed_terminal_state,1,8,False
KA-007,Recursive Reasoning Control,backend/knowledge_algorithms/ka_07_recursive_reasoning_control.py,truthcore_l6_l8,candidate_validation,conditional,select_only_when_manifest_predicates_and_dependencies_match,pure_or_advisory_review_required,,api_sdk_desktop_evaluation;canonical_controller;contract_parity;governed_request;refinement;trace_evaluation;truthgate,tests/knowledge_algorithms/phase19/ka_007.json#positive_selector,tests/knowledge_algorithms/phase19/ka_007.json#negative_selector,tests/knowledge_algorithms/test_phase19_per_ka_semantics.py::test_ka_007_semantic_contract,tests/integration/phase19/test_truthcore_batches_30_34.py::test_ka_007_owning_path,planned_selected_admitted_executed_terminal_state,2,6,False
KA-008,Self-Critique & Reflection,backend/knowledge_algorithms/ka_08_self_critique__reflection.py,truthcore_l9,meta_evaluation_and_loop_control,conditional,select_only_when_manifest_predicates_and_dependencies_match,pure_or_advisory_review_required,,api_sdk_desktop_evaluation;canonical_controller;contract_parity;governed_request;refinement;trace_evaluation;truthcore_l10,tests/knowledge_algorithms/phase19/ka_008.json#positive_selector,tests/knowledge_algorithms/phase19/ka_008.json#negative_selector,tests/knowledge_algorithms/test_phase19_per_ka_semantics.py::test_ka_008_semantic_contract,tests/integration/phase19/test_truthcore_batches_30_34.py::test_ka_008_owning_path,planned_selected_admitted_executed_terminal_state,0,7,False
KA-009,Evidence Validation,backend/knowledge_algorithms/ka_09_evidence_validation.py,truthcore_l6_l8,candidate_validation,conditional,select_only_when_manifest_predicates_and_dependencies_match,pure_or_advisory_review_required,,api_sdk_desktop_evaluation;canonical_controller;contract_parity;governed_request;refinement;trace_evaluation;truthgate,tests/knowledge_algorithms/phase19/ka_009.json#positive_selector,tests/knowledge_algorithms/phase19/ka_009.json#negative_selector,tests/knowledge_algorithms/test_phase19_per_ka_semantics.py::test_ka_009_semantic_contract,tests/integration/phase19/test_truthcore_l6_l8.py::test_ka_009_owning_path,planned_selected_admitted_executed_terminal_state,0,4,True
KA-010,Bias Detection,backend/knowledge_algorithms/ka_10_bias_detection.py,truthgate,entry_and_l8_policy,required_when_stage_applicable,required_for_applicable_stage_and_policy_context,pure_or_advisory_review_required,,api_sdk_desktop_evaluation;canonical_controller;contract_parity;governed_request;ingestion;mcp_connectors;providers_gateway;trace_evaluation,tests/knowledge_algorithms/phase19/ka_010.json#positive_selector,tests/knowledge_algorithms/phase19/ka_010.json#negative_selector,tests/knowledge_algorithms/test_phase19_per_ka_semantics.py::test_ka_010_semantic_contract,tests/integration/phase19/test_truthgate.py::test_ka_010_owning_path,planned_selected_admitted_executed_terminal_state,0,168,False
KA-011,Analytical Modeling,backend/knowledge_algorithms/ka_11_analytical_modeling.py,truthcore_l1_l5,candidate_preparation,conditional,select_only_when_manifest_predicates_and_dependencies_match,pure_or_advisory_review_required,,api_sdk_desktop_evaluation;canonical_controller;contract_parity;governed_request;refinement;simulation;trace_evaluation,tests/knowledge_algorithms/phase19/ka_011.json#positive_selector,tests/knowledge_algorithms/phase19/ka_011.json#negative_selector,tests/knowledge_algorithms/test_phase19_per_ka_semantics.py::test_ka_011_semantic_contract,tests/integration/phase19/test_truthcore_l1_l5.py::test_ka_011_owning_path,planned_selected_admitted_executed_terminal_state,0,71,True
KA-012,Persona Simulation,backend/knowledge_algorithms/ka_12_persona_simulation.py,dsqp_quad_persona,persona_analysis,conditional_effect_proposal,select_only_when_manifest_predicates_and_dependencies_match,effect_oriented_review_required,persona_context_service,api_sdk_desktop_evaluation;authoritative_effect_service;canonical_controller;contract_parity;governed_request;refinement;trace_evaluation;truthcore,tests/knowledge_algorithms/phase19/ka_012.json#positive_selector,tests/knowledge_algorithms/phase19/ka_012.json#negative_selector,tests/knowledge_algorithms/test_phase19_per_ka_semantics.py::test_ka_012_semantic_contract,tests/integration/phase19/test_dsqp_quad_persona.py::test_ka_012_owning_path,planned_selected_admitted_executed_terminal_state_authoritative_effect_receipt,0,11,True
KA-013,Persona Weighting,backend/knowledge_algorithms/ka_13_persona_weighting.py,dsqp_quad_persona,persona_analysis,conditional,select_only_when_manifest_predicates_and_dependencies_match,pure_or_advisory_review_required,,api_sdk_desktop_evaluation;canonical_controller;contract_parity;governed_request;refinement;trace_evaluation;truthcore,tests/knowledge_algorithms/phase19/ka_013.json#positive_selector,tests/knowledge_algorithms/phase19/ka_013.json#negative_selector,tests/knowledge_algorithms/test_phase19_per_ka_semantics.py::test_ka_013_semantic_contract,tests/integration/phase19/test_dsqp_quad_persona.py::test_ka_013_owning_path,planned_selected_admitted_executed_terminal_state,0,20,True
KA-014,Confidence Scoring,backend/knowledge_algorithms/ka_14_confidence_scoring.py,truthcore_l6_l8,candidate_validation,conditional,select_only_when_manifest_predicates_and_dependencies_match,pure_or_advisory_review_required,,api_sdk_desktop_evaluation;canonical_controller;contract_parity;governed_request;refinement;trace_evaluation;truthgate,tests/knowledge_algorithms/phase19/ka_014.json#positive_selector,tests/knowledge_algorithms/phase19/ka_014.json#negative_selector,tests/knowledge_algorithms/test_phase19_per_ka_semantics.py::test_ka_014_semantic_contract,tests/integration/phase19/test_truthcore_l6_l8.py::test_ka_014_owning_path,planned_selected_admitted_executed_terminal_state,0,8,False
KA-015,Temporal Reasoning,backend/knowledge_algorithms/ka_15_temporal_reasoning.py,truthcore_l1_l5,candidate_preparation,conditional,select_only_when_manifest_predicates_and_dependencies_match,pure_or_advisory_review_required,,api_sdk_desktop_evaluation;canonical_controller;contract_parity;governed_request;refinement;simulation;trace_evaluation,tests/knowledge_algorithms/phase19/ka_015.json#positive_selector,tests/knowledge_algorithms/phase19/ka_015.json#negative_selector,tests/knowledge_algorithms/test_phase19_per_ka_semantics.py::test_ka_015_semantic_contract,tests/integration/phase19/test_truthcore_l1_l5.py::test_ka_015_owning_path,planned_selected_admitted_executed_terminal_state,0,2,False
KA-016,Regulatory Mapping,backend/knowledge_algorithms/ka_16_regulatory_mapping.py,truthgate,entry_and_l8_policy,required_when_stage_applicable,required_for_applicable_stage_and_policy_context,pure_or_advisory_review_required,,api_sdk_desktop_evaluation;canonical_controller;contract_parity;governed_request;ingestion;mcp_connectors;providers_gateway;trace_evaluation,tests/knowledge_algorithms/phase19/ka_016.json#positive_selector,tests/knowledge_algorithms/phase19/ka_016.json#negative_selector,tests/knowledge_algorithms/test_phase19_per_ka_semantics.py::test_ka_016_semantic_contract,tests/integration/phase19/test_truthgate.py::test_ka_016_owning_path,planned_selected_admitted_executed_terminal_state,0,27,False
KA-017,Spatial/Jurisdiction Mapping,backend/knowledge_algorithms/ka_17_spatial_jurisdiction_mapping.py,truthcore_l1_l5,candidate_preparation,conditional,select_only_when_manifest_predicates_and_dependencies_match,pure_or_advisory_review_required,,api_sdk_desktop_evaluation;canonical_controller;contract_parity;governed_request;refinement;simulation;trace_evaluation,tests/knowledge_algorithms/phase19/ka_017.json#positive_selector,tests/knowledge_algorithms/phase19/ka_017.json#negative_selector,tests/knowledge_algorithms/test_phase19_per_ka_semantics.py::test_ka_017_semantic_contract,tests/integration/phase19/test_truthcore_l1_l5.py::test_ka_017_owning_path,planned_selected_admitted_executed_terminal_state,1,27,False
KA-018,Source Provenance,backend/knowledge_algorithms/ka_18_source_provenance.py,retrieval_graph_memory,knowledge_data_plane,conditional,select_only_when_manifest_predicates_and_dependencies_match,pure_or_advisory_review_required,,api_sdk_desktop_evaluation;canonical_controller;contract_parity;governed_request;ingestion;trace_evaluation;truthcore,tests/knowledge_algorithms/phase19/ka_018.json#positive_selector,tests/knowledge_algorithms/phase19/ka_018.json#negative_selector,tests/knowledge_algorithms/test_phase19_per_ka_semantics.py::test_ka_018_semantic_contract,tests/integration/phase19/test_retrieval_graph_memory.py::test_ka_018_owning_path,planned_selected_admitted_executed_terminal_state,0,23,False
KA-019,Knowledge Synthesis,backend/knowledge_algorithms/ka_19_knowledge_synthesis.py,truthcore_l9,meta_evaluation_and_loop_control,conditional,select_only_when_manifest_predicates_and_dependencies_match,pure_or_advisory_review_required,,api_sdk_desktop_evaluation;canonical_controller;contract_parity;governed_request;refinement;trace_evaluation;truthcore_l10,tests/knowledge_algorithms/phase19/ka_019.json#positive_selector,tests/knowledge_algorithms/phase19/ka_019.json#negative_selector,tests/knowledge_algorithms/test_phase19_per_ka_semantics.py::test_ka_019_semantic_contract,tests/integration/phase19/test_truthcore_batches_30_34.py::test_ka_019_owning_path,planned_selected_admitted_executed_terminal_state,0,2,False
KA-020,Loopback Trigger,backend/knowledge_algorithms/ka_20_loopback_trigger.py,truthcore_l10,containment_and_release,conditional,select_only_when_manifest_predicates_and_dependencies_match,pure_or_advisory_review_required,,api_sdk_desktop_evaluation;canonical_controller;contract_parity;governed_request;knowledge_lifecycle;trace_evaluation,tests/knowledge_algorithms/phase19/ka_020.json#positive_selector,tests/knowledge_algorithms/phase19/ka_020.json#negative_selector,tests/knowledge_algorithms/test_phase19_per_ka_semantics.py::test_ka_020_semantic_contract,tests/integration/phase19/test_truthcore_l10.py::test_ka_020_owning_path,planned_selected_admitted_executed_terminal_state,0,2,False
KA-021,Emergence Detection,backend/knowledge_algorithms/ka_21_emergence_detection.py,truthcore_l10,containment_and_release,conditional,select_only_when_manifest_predicates_and_dependencies_match,pure_or_advisory_review_required,,api_sdk_desktop_evaluation;canonical_controller;contract_parity;governed_request;knowledge_lifecycle;trace_evaluation,tests/knowledge_algorithms/phase19/ka_021.json#positive_selector,tests/knowledge_algorithms/phase19/ka_021.json#negative_selector,tests/knowledge_algorithms/test_phase19_per_ka_semantics.py::test_ka_021_semantic_contract,tests/integration/phase19/test_truthcore_l10.py::test_ka_021_owning_path,planned_selected_admitted_executed_terminal_state,0,5,False
KA-022,Risk Assessment,backend/knowledge_algorithms/ka_22_risk_assessment.py,truthgate,entry_and_l8_policy,required_when_stage_applicable,required_for_applicable_stage_and_policy_context,pure_or_advisory_review_required,,api_sdk_desktop_evaluation;canonical_controller;contract_parity;governed_request;ingestion;mcp_connectors;providers_gateway;trace_evaluation,tests/knowledge_algorithms/phase19/ka_022.json#positive_selector,tests/knowledge_algorithms/phase19/ka_022.json#negative_selector,tests/knowledge_algorithms/test_phase19_per_ka_semantics.py::test_ka_022_semantic_contract,tests/integration/phase19/test_truthgate.py::test_ka_022_owning_path,planned_selected_admitted_executed_terminal_state,0,12,False
KA-023,Belief Decay,backend/knowledge_algorithms/ka_23_belief_decay.py,truthmemory_truthlink_frost,knowledge_lifecycle,conditional_effect_proposal,select_only_when_manifest_predicates_and_dependencies_match,effect_oriented_review_required,knowledge_lifecycle_service,api_sdk_desktop_evaluation;authoritative_effect_service;canonical_controller;contract_parity;retrieval_graph_memory;simulation;trace_evaluation;truthcore,tests/knowledge_algorithms/phase19/ka_023.json#positive_selector,tests/knowledge_algorithms/phase19/ka_023.json#negative_selector,tests/knowledge_algorithms/test_phase19_per_ka_semantics.py::test_ka_023_semantic_contract,tests/integration/phase19/test_truthmemory_truthlink_frost.py::test_ka_023_owning_path,planned_selected_admitted_executed_terminal_state_authoritative_effect_receipt,0,6,False
KA-024,Trust Gate,backend/knowledge_algorithms/ka_24_trust_gate.py,truthgate,entry_and_l8_policy,required_when_stage_applicable,required_for_applicable_stage_and_policy_context,pure_or_advisory_review_required,,api_sdk_desktop_evaluation;canonical_controller;contract_parity;governed_request;ingestion;mcp_connectors;providers_gateway;trace_evaluation,tests/knowledge_algorithms/phase19/ka_024.json#positive_selector,tests/knowledge_algorithms/phase19/ka_024.json#negative_selector,tests/knowledge_algorithms/test_phase19_per_ka_semantics.py::test_ka_024_semantic_contract,tests/integration/phase19/test_truthgate.py::test_ka_024_owning_path,planned_selected_admitted_executed_terminal_state,0,7,True
KA-025,Dependency Mapping,backend/knowledge_algorithms/ka_25_dependency_mapping.py,truthcore_l1_l5,candidate_preparation,conditional,select_only_when_manifest_predicates_and_dependencies_match,pure_or_advisory_review_required,,api_sdk_desktop_evaluation;canonical_controller;contract_parity;governed_request;refinement;simulation;trace_evaluation,tests/knowledge_algorithms/phase19/ka_025.json#positive_selector,tests/knowledge_algorithms/phase19/ka_025.json#negative_selector,tests/knowledge_algorithms/test_phase19_per_ka_semantics.py::test_ka_025_semantic_contract,tests/integration/phase19/test_truthcore_l1_l5.py::test_ka_025_owning_path,planned_selected_admitted_executed_terminal_state,1,11,True
KA-026,Contradiction Detection,backend/knowledge_algorithms/ka_26_contradiction_detection.py,truthcore_l6_l8,candidate_validation,conditional_effect_proposal,select_only_when_manifest_predicates_and_dependencies_match,effect_oriented_review_required,governed_execution_service,api_sdk_desktop_evaluation;authoritative_effect_service;canonical_controller;contract_parity;governed_request;refinement;trace_evaluation;truthgate,tests/knowledge_algorithms/phase19/ka_026.json#positive_selector,tests/knowledge_algorithms/phase19/ka_026.json#negative_selector,tests/knowledge_algorithms/test_phase19_per_ka_semantics.py::test_ka_026_semantic_contract,tests/integration/phase19/test_truthcore_l6_l8.py::test_ka_026_owning_path,planned_selected_admitted_executed_terminal_state_authoritative_effect_receipt,0,7,False
KA-027,Ethical Impact Analysis,backend/knowledge_algorithms/ka_27_ethical_impact_analysis.py,truthgate,entry_and_l8_policy,required_when_stage_applicable,required_for_applicable_stage_and_policy_context,pure_or_advisory_review_required,,api_sdk_desktop_evaluation;canonical_controller;contract_parity;governed_request;ingestion;mcp_connectors;providers_gateway;trace_evaluation,tests/knowledge_algorithms/phase19/ka_027.json#positive_selector,tests/knowledge_algorithms/phase19/ka_027.json#negative_selector,tests/knowledge_algorithms/test_phase19_per_ka_semantics.py::test_ka_027_semantic_contract,tests/integration/phase19/test_truthgate.py::test_ka_027_owning_path,planned_selected_admitted_executed_terminal_state,0,3,False
KA-028,Point-of-View Expansion,backend/knowledge_algorithms/ka_28_point_of_view_expansion.py,dsqp_quad_persona,persona_analysis,conditional_effect_proposal,select_only_when_manifest_predicates_and_dependencies_match,effect_oriented_review_required,persona_context_service,api_sdk_desktop_evaluation;authoritative_effect_service;canonical_controller;contract_parity;governed_request;refinement;trace_evaluation;truthcore,tests/knowledge_algorithms/phase19/ka_028.json#positive_selector,tests/knowledge_algorithms/phase19/ka_028.json#negative_selector,tests/knowledge_algorithms/test_phase19_per_ka_semantics.py::test_ka_028_semantic_contract,tests/integration/phase19/test_dsqp_quad_persona.py::test_ka_028_owning_path,planned_selected_admitted_executed_terminal_state_authoritative_effect_receipt,0,7,False
KA-029,Knowledge Expansion,backend/knowledge_algorithms/ka_29_knowledge_expansion.py,retrieval_graph_memory,knowledge_data_plane,conditional,select_only_when_manifest_predicates_and_dependencies_match,pure_or_advisory_review_required,,api_sdk_desktop_evaluation;canonical_controller;contract_parity;governed_request;ingestion;trace_evaluation;truthcore,tests/knowledge_algorithms/phase19/ka_029.json#positive_selector,tests/knowledge_algorithms/phase19/ka_029.json#negative_selector,tests/knowledge_algorithms/test_phase19_per_ka_semantics.py::test_ka_029_semantic_contract,tests/integration/phase19/test_retrieval_graph_memory.py::test_ka_029_owning_path,planned_selected_admitted_executed_terminal_state,0,3,False
KA-030,Conflict Resolution,backend/knowledge_algorithms/ka_30_conflict_resolution.py,dsqp_quad_persona,persona_analysis,conditional,select_only_when_manifest_predicates_and_dependencies_match,pure_or_advisory_review_required,,api_sdk_desktop_evaluation;canonical_controller;contract_parity;governed_request;refinement;trace_evaluation;truthcore,tests/knowledge_algorithms/phase19/ka_030.json#positive_selector,tests/knowledge_algorithms/phase19/ka_030.json#negative_selector,tests/knowledge_algorithms/test_phase19_per_ka_semantics.py::test_ka_030_semantic_contract,tests/integration/phase19/test_dsqp_quad_persona.py::test_ka_030_owning_path,planned_selected_admitted_executed_terminal_state,1,9,True
KA-031,Algorithm Selection Engine,backend/knowledge_algorithms/ka_31_algorithm_selection_engine.py,governed_request_dmrf,admission_and_routing,conditional,select_only_when_manifest_predicates_and_dependencies_match,pure_or_advisory_review_required,,api_sdk_desktop_evaluation;canonical_controller;contract_parity;providers_gateway;simulation;trace_evaluation;truthcore,tests/knowledge_algorithms/phase19/ka_031.json#positive_selector,tests/knowledge_algorithms/phase19/ka_031.json#negative_selector,tests/knowledge_algorithms/test_phase19_per_ka_semantics.py::test_ka_031_semantic_contract,tests/integration/phase19/test_governed_request_dmrf.py::test_ka_031_owning_path,planned_selected_admitted_executed_terminal_state,0,6,False
KA-032,Simulation Orchestration Controller,backend/knowledge_algorithms/ka_32_simulation_orchestration_controller.py,simulation,simulation_job,conditional_effect_proposal,select_only_when_manifest_predicates_and_dependencies_match,effect_oriented_review_required,simulation_job_service,api_sdk_desktop_evaluation;authoritative_effect_service;canonical_controller;contract_parity;governed_request;providers_gateway;trace_evaluation;truthcore,tests/knowledge_algorithms/phase19/ka_032.json#positive_selector,tests/knowledge_algorithms/phase19/ka_032.json#negative_selector,tests/knowledge_algorithms/test_phase19_per_ka_semantics.py::test_ka_032_semantic_contract,tests/integration/phase19/test_simulation.py::test_ka_032_owning_path,planned_selected_admitted_executed_terminal_state_authoritative_effect_receipt,0,6,False
KA-033,Reserved (Expansion Slot),backend/knowledge_algorithms/ka_33_reserved_expansion_slot.py,governed_request_dmrf,admission_and_routing,reserved_disabled,never_select_until_manifest_revision,pure_or_advisory_review_required,,api_sdk_desktop_evaluation;canonical_controller;contract_parity;providers_gateway;simulation;trace_evaluation;truthcore,tests/knowledge_algorithms/phase19/ka_033.json#positive_selector,tests/knowledge_algorithms/phase19/ka_033.json#negative_selector,tests/knowledge_algorithms/test_phase19_per_ka_semantics.py::test_ka_033_semantic_contract,tests/integration/phase19/test_governed_request_dmrf.py::test_ka_033_owning_path,planned_selected_admitted_executed_terminal_state,0,7,False
KA-034,Adversarial Reasoning,backend/knowledge_algorithms/ka_34_adversarial_reasoning.py,truthgate,entry_and_l8_policy,required_when_stage_applicable,required_for_applicable_stage_and_policy_context,effect_oriented_review_required,policy_decision_service,api_sdk_desktop_evaluation;authoritative_effect_service;canonical_controller;contract_parity;governed_request;ingestion;mcp_connectors;providers_gateway;trace_evaluation,tests/knowledge_algorithms/phase19/ka_034.json#positive_selector,tests/knowledge_algorithms/phase19/ka_034.json#negative_selector,tests/knowledge_algorithms/test_phase19_per_ka_semantics.py::test_ka_034_semantic_contract,tests/integration/phase19/test_truthgate.py::test_ka_034_owning_path,planned_selected_admitted_executed_terminal_state_authoritative_effect_receipt,0,6,False
KA-035,Bayesian Gap Imputation,backend/knowledge_algorithms/ka_35_bayesian_gap_imputation.py,truthcore_l6_l8,candidate_validation,conditional,select_only_when_manifest_predicates_and_dependencies_match,pure_or_advisory_review_required,,api_sdk_desktop_evaluation;canonical_controller;contract_parity;governed_request;refinement;trace_evaluation;truthgate,tests/knowledge_algorithms/phase19/ka_035.json#positive_selector,tests/knowledge_algorithms/phase19/ka_035.json#negative_selector,tests/knowledge_algorithms/test_phase19_per_ka_semantics.py::test_ka_035_semantic_contract,tests/integration/phase19/test_truthcore_l6_l8.py::test_ka_035_owning_path,planned_selected_admitted_executed_terminal_state,0,4,False
KA-036,Complexity Estimator,backend/knowledge_algorithms/ka_36_complexity_estimator.py,governed_request_dmrf,admission_and_routing,conditional,select_only_when_manifest_predicates_and_dependencies_match,pure_or_advisory_review_required,,api_sdk_desktop_evaluation;canonical_controller;contract_parity;providers_gateway;simulation;trace_evaluation;truthcore,tests/knowledge_algorithms/phase19/ka_036.json#positive_selector,tests/knowledge_algorithms/phase19/ka_036.json#negative_selector,tests/knowledge_algorithms/test_phase19_per_ka_semantics.py::test_ka_036_semantic_contract,tests/integration/phase19/test_governed_request_dmrf.py::test_ka_036_owning_path,planned_selected_admitted_executed_terminal_state,0,8,False
KA-037,Resource Allocator,backend/knowledge_algorithms/ka_37_resource_allocator.py,simulation,simulation_job,conditional,select_only_when_manifest_predicates_and_dependencies_match,pure_or_advisory_review_required,,api_sdk_desktop_evaluation;canonical_controller;contract_parity;governed_request;providers_gateway;trace_evaluation;truthcore,tests/knowledge_algorithms/phase19/ka_037.json#positive_selector,tests/knowledge_algorithms/phase19/ka_037.json#negative_selector,tests/knowledge_algorithms/test_phase19_per_ka_semantics.py::test_ka_037_semantic_contract,tests/integration/phase19/test_simulation.py::test_ka_037_owning_path,planned_selected_admitted_executed_terminal_state,0,4,False
KA-038,Consensus Engine,backend/knowledge_algorithms/ka_38_consensus_engine.py,dsqp_quad_persona,persona_analysis,conditional,select_only_when_manifest_predicates_and_dependencies_match,pure_or_advisory_review_required,,api_sdk_desktop_evaluation;canonical_controller;contract_parity;governed_request;refinement;trace_evaluation;truthcore,tests/knowledge_algorithms/phase19/ka_038.json#positive_selector,tests/knowledge_algorithms/phase19/ka_038.json#negative_selector,tests/knowledge_algorithms/test_phase19_per_ka_semantics.py::test_ka_038_semantic_contract,tests/integration/phase19/test_dsqp_quad_persona.py::test_ka_038_owning_path,planned_selected_admitted_executed_terminal_state,0,6,False
KA-039,Anomaly Detection,backend/knowledge_algorithms/ka_39_anomaly_detection.py,truthcore_l1_l5,candidate_preparation,conditional,select_only_when_manifest_predicates_and_dependencies_match,pure_or_advisory_review_required,,api_sdk_desktop_evaluation;canonical_controller;contract_parity;governed_request;refinement;simulation;trace_evaluation,tests/knowledge_algorithms/phase19/ka_039.json#positive_selector,tests/knowledge_algorithms/phase19/ka_039.json#negative_selector,tests/knowledge_algorithms/test_phase19_per_ka_semantics.py::test_ka_039_semantic_contract,tests/integration/phase19/test_batches_35_39.py::test_ka_039_owning_path,planned_selected_admitted_executed_terminal_state,0,3,False
KA-040,Hypothesis Generation,backend/knowledge_algorithms/ka_40_hypothesis_generation.py,truthcore_l1_l5,candidate_preparation,conditional,select_only_when_manifest_predicates_and_dependencies_match,pure_or_advisory_review_required,,api_sdk_desktop_evaluation;canonical_controller;contract_parity;governed_request;refinement;simulation;trace_evaluation,tests/knowledge_algorithms/phase19/ka_040.json#positive_selector,tests/knowledge_algorithms/phase19/ka_040.json#negative_selector,tests/knowledge_algorithms/test_phase19_per_ka_semantics.py::test_ka_040_semantic_contract,tests/integration/phase19/test_truthcore_l1_l5.py::test_ka_040_owning_path,planned_selected_admitted_executed_terminal_state,0,7,False
KA-041,Abductive Reasoning,backend/knowledge_algorithms/ka_41_abductive_reasoning.py,truthcore_l1_l5,candidate_preparation,conditional,select_only_when_manifest_predicates_and_dependencies_match,pure_or_advisory_review_required,,api_sdk_desktop_evaluation;canonical_controller;contract_parity;governed_request;refinement;simulation;trace_evaluation,tests/knowledge_algorithms/phase19/ka_041.json#positive_selector,tests/knowledge_algorithms/phase19/ka_041.json#negative_selector,tests/knowledge_algorithms/test_phase19_per_ka_semantics.py::test_ka_041_semantic_contract,tests/integration/phase19/test_batches_35_39.py::test_ka_041_owning_path,planned_selected_admitted_executed_terminal_state,0,6,False
KA-042,Counterfactual Simulator,backend/knowledge_algorithms/ka_42_counterfactual_simulator.py,simulation,simulation_job,conditional,select_only_when_manifest_predicates_and_dependencies_match,pure_or_advisory_review_required,,api_sdk_desktop_evaluation;canonical_controller;contract_parity;governed_request;providers_gateway;trace_evaluation;truthcore,tests/knowledge_algorithms/phase19/ka_042.json#positive_selector,tests/knowledge_algorithms/phase19/ka_042.json#negative_selector,tests/knowledge_algorithms/test_phase19_per_ka_semantics.py::test_ka_042_semantic_contract,tests/integration/phase19/test_simulation.py::test_ka_042_owning_path,planned_selected_admitted_executed_terminal_state,0,7,False
KA-043,Causal Inference,backend/knowledge_algorithms/ka_43_causal_inference.py,truthcore_l1_l5,candidate_preparation,conditional,select_only_when_manifest_predicates_and_dependencies_match,pure_or_advisory_review_required,,api_sdk_desktop_evaluation;canonical_controller;contract_parity;governed_request;refinement;simulation;trace_evaluation,tests/knowledge_algorithms/phase19/ka_043.json#positive_selector,tests/knowledge_algorithms/phase19/ka_043.json#negative_selector,tests/knowledge_algorithms/test_phase19_per_ka_semantics.py::test_ka_043_semantic_contract,tests/integration/phase19/test_batches_35_39.py::test_ka_043_owning_path,planned_selected_admitted_executed_terminal_state,0,4,False
KA-044,Analogical Mapping,backend/knowledge_algorithms/ka_44_analogical_mapping.py,truthcore_l1_l5,candidate_preparation,conditional,select_only_when_manifest_predicates_and_dependencies_match,pure_or_advisory_review_required,,api_sdk_desktop_evaluation;canonical_controller;contract_parity;governed_request;refinement;simulation;trace_evaluation,tests/knowledge_algorithms/phase19/ka_044.json#positive_selector,tests/knowledge_algorithms/phase19/ka_044.json#negative_selector,tests/knowledge_algorithms/test_phase19_per_ka_semantics.py::test_ka_044_semantic_contract,tests/integration/phase19/test_batches_35_39.py::test_ka_044_owning_path,planned_selected_admitted_executed_terminal_state,0,4,False
KA-045,Pattern Recognition,backend/knowledge_algorithms/ka_45_pattern_recognition.py,truthcore_l1_l5,candidate_preparation,conditional,select_only_when_manifest_predicates_and_dependencies_match,pure_or_advisory_review_required,,api_sdk_desktop_evaluation;canonical_controller;contract_parity;governed_request;refinement;simulation;trace_evaluation,tests/knowledge_algorithms/phase19/ka_045.json#positive_selector,tests/knowledge_algorithms/phase19/ka_045.json#negative_selector,tests/knowledge_algorithms/test_phase19_per_ka_semantics.py::test_ka_045_semantic_contract,tests/integration/phase19/test_batches_35_39.py::test_ka_045_owning_path,planned_selected_admitted_executed_terminal_state,0,4,False
KA-046,Trend Analysis,backend/knowledge_algorithms/ka_46_trend_analysis.py,truthcore_l1_l5,candidate_preparation,conditional,select_only_when_manifest_predicates_and_dependencies_match,pure_or_advisory_review_required,,api_sdk_desktop_evaluation;canonical_controller;contract_parity;governed_request;refinement;simulation;trace_evaluation,tests/knowledge_algorithms/phase19/ka_046.json#positive_selector,tests/knowledge_algorithms/phase19/ka_046.json#negative_selector,tests/knowledge_algorithms/test_phase19_per_ka_semantics.py::test_ka_046_semantic_contract,tests/integration/phase19/test_batches_35_39.py::test_ka_046_owning_path,planned_selected_admitted_executed_terminal_state,0,4,False
KA-047,Sentiment Analysis,backend/knowledge_algorithms/ka_47_sentiment_analysis.py,truthcore_l1_l5,candidate_preparation,conditional,select_only_when_manifest_predicates_and_dependencies_match,pure_or_advisory_review_required,,api_sdk_desktop_evaluation;canonical_controller;contract_parity;governed_request;refinement;simulation;trace_evaluation,tests/knowledge_algorithms/phase19/ka_047.json#positive_selector,tests/knowledge_algorithms/phase19/ka_047.json#negative_selector,tests/knowledge_algorithms/test_phase19_per_ka_semantics.py::test_ka_047_semantic_contract,tests/integration/phase19/test_batches_35_39.py::test_ka_047_owning_path,planned_selected_admitted_executed_terminal_state,0,4,False
KA-048,Entity Extraction,backend/knowledge_algorithms/ka_48_entity_extraction.py,truthcore_l1_l5,candidate_preparation,conditional,select_only_when_manifest_predicates_and_dependencies_match,pure_or_advisory_review_required,,api_sdk_desktop_evaluation;canonical_controller;contract_parity;governed_request;refinement;simulation;trace_evaluation,tests/knowledge_algorithms/phase19/ka_048.json#positive_selector,tests/knowledge_algorithms/phase19/ka_048.json#negative_selector,tests/knowledge_algorithms/test_phase19_per_ka_semantics.py::test_ka_048_semantic_contract,tests/integration/phase19/test_batches_35_39.py::test_ka_048_owning_path,planned_selected_admitted_executed_terminal_state,0,4,False
KA-049,Relation Extraction,backend/knowledge_algorithms/ka_49_relation_extraction.py,truthcore_l1_l5,candidate_preparation,conditional,select_only_when_manifest_predicates_and_dependencies_match,pure_or_advisory_review_required,,api_sdk_desktop_evaluation;canonical_controller;contract_parity;governed_request;refinement;simulation;trace_evaluation,tests/knowledge_algorithms/phase19/ka_049.json#positive_selector,tests/knowledge_algorithms/phase19/ka_049.json#negative_selector,tests/knowledge_algorithms/test_phase19_per_ka_semantics.py::test_ka_049_semantic_contract,tests/integration/phase19/test_batches_35_39.py::test_ka_049_owning_path,planned_selected_admitted_executed_terminal_state,0,4,False
KA-050,Summarization,backend/knowledge_algorithms/ka_50_summarization.py,truthcore_l1_l5,candidate_preparation,conditional,select_only_when_manifest_predicates_and_dependencies_match,pure_or_advisory_review_required,,api_sdk_desktop_evaluation;canonical_controller;contract_parity;governed_request;refinement;simulation;trace_evaluation,tests/knowledge_algorithms/phase19/ka_050.json#positive_selector,tests/knowledge_algorithms/phase19/ka_050.json#negative_selector,tests/knowledge_algorithms/test_phase19_per_ka_semantics.py::test_ka_050_semantic_contract,tests/integration/phase19/test_batches_35_39.py::test_ka_050_owning_path,planned_selected_admitted_executed_terminal_state,0,5,False
KA-051,Self-Correcting Knowledge Distillation,backend/knowledge_algorithms/ka_51_self_correcting_knowledge_distillation.py,truthmemory_truthlink_frost,knowledge_lifecycle,conditional_effect_proposal,select_only_when_manifest_predicates_and_dependencies_match,effect_oriented_review_required,knowledge_lifecycle_service,api_sdk_desktop_evaluation;authoritative_effect_service;canonical_controller;contract_parity;retrieval_graph_memory;simulation;trace_evaluation;truthcore,tests/knowledge_algorithms/phase19/ka_051.json#positive_selector,tests/knowledge_algorithms/phase19/ka_051.json#negative_selector,tests/knowledge_algorithms/test_phase19_per_ka_semantics.py::test_ka_051_semantic_contract,tests/integration/phase19/test_truthmemory_truthlink_frost.py::test_ka_051_owning_path,planned_selected_admitted_executed_terminal_state_authoritative_effect_receipt,0,3,False
KA-052,Temporal Knowledge Evolution,backend/knowledge_algorithms/ka_52_temporal_knowledge_evolution.py,truthmemory_truthlink_frost,knowledge_lifecycle,conditional_effect_proposal,select_only_when_manifest_predicates_and_dependencies_match,effect_oriented_review_required,knowledge_lifecycle_service,api_sdk_desktop_evaluation;authoritative_effect_service;canonical_controller;contract_parity;retrieval_graph_memory;simulation;trace_evaluation;truthcore,tests/knowledge_algorithms/phase19/ka_052.json#positive_selector,tests/knowledge_algorithms/phase19/ka_052.json#negative_selector,tests/knowledge_algorithms/test_phase19_per_ka_semantics.py::test_ka_052_semantic_contract,tests/integration/phase19/test_truthmemory_truthlink_frost.py::test_ka_052_owning_path,planned_selected_admitted_executed_terminal_state_authoritative_effect_receipt,0,5,False
KA-053,Dynamic Knowledge Compression,backend/knowledge_algorithms/ka_53_dynamic_knowledge_compression.py,truthmemory_truthlink_frost,knowledge_lifecycle,conditional_effect_proposal,select_only_when_manifest_predicates_and_dependencies_match,effect_oriented_review_required,knowledge_lifecycle_service,api_sdk_desktop_evaluation;authoritative_effect_service;canonical_controller;contract_parity;retrieval_graph_memory;simulation;trace_evaluation;truthcore,tests/knowledge_algorithms/phase19/ka_053.json#positive_selector,tests/knowledge_algorithms/phase19/ka_053.json#negative_selector,tests/knowledge_algorithms/test_phase19_per_ka_semantics.py::test_ka_053_semantic_contract,tests/integration/phase19/test_truthmemory_truthlink_frost.py::test_ka_053_owning_path,planned_selected_admitted_executed_terminal_state_authoritative_effect_receipt,0,3,False
KA-054,Cross-Lingual Knowledge Fusion,backend/knowledge_algorithms/ka_54_cross_lingual_knowledge_fusion.py,truthmemory_truthlink_frost,knowledge_lifecycle,conditional_effect_proposal,select_only_when_manifest_predicates_and_dependencies_match,effect_oriented_review_required,knowledge_lifecycle_service,api_sdk_desktop_evaluation;authoritative_effect_service;canonical_controller;contract_parity;retrieval_graph_memory;simulation;trace_evaluation;truthcore,tests/knowledge_algorithms/phase19/ka_054.json#positive_selector,tests/knowledge_algorithms/phase19/ka_054.json#negative_selector,tests/knowledge_algorithms/test_phase19_per_ka_semantics.py::test_ka_054_semantic_contract,tests/integration/phase19/test_truthmemory_truthlink_frost.py::test_ka_054_owning_path,planned_selected_admitted_executed_terminal_state_authoritative_effect_receipt,0,3,False
KA-055,Adaptive Multi-Modal Integration,backend/knowledge_algorithms/ka_55_adaptive_multi_modal_integration.py,truthmemory_truthlink_frost,knowledge_lifecycle,conditional_effect_proposal,select_only_when_manifest_predicates_and_dependencies_match,effect_oriented_review_required,knowledge_lifecycle_service,api_sdk_desktop_evaluation;authoritative_effect_service;canonical_controller;contract_parity;retrieval_graph_memory;simulation;trace_evaluation;truthcore,tests/knowledge_algorithms/phase19/ka_055.json#positive_selector,tests/knowledge_algorithms/phase19/ka_055.json#negative_selector,tests/knowledge_algorithms/test_phase19_per_ka_semantics.py::test_ka_055_semantic_contract,tests/integration/phase19/test_truthmemory_truthlink_frost.py::test_ka_055_owning_path,planned_selected_admitted_executed_terminal_state_authoritative_effect_receipt,0,3,False
KA-056,Narrative Explainability Engine,backend/knowledge_algorithms/ka_56_narrative_explainability_engine.py,truthcore_l9,meta_evaluation_and_loop_control,conditional,select_only_when_manifest_predicates_and_dependencies_match,pure_or_advisory_review_required,,api_sdk_desktop_evaluation;canonical_controller;contract_parity;governed_request;refinement;trace_evaluation;truthcore_l10,tests/knowledge_algorithms/phase19/ka_056.json#positive_selector,tests/knowledge_algorithms/phase19/ka_056.json#negative_selector,tests/knowledge_algorithms/test_phase19_per_ka_semantics.py::test_ka_056_semantic_contract,tests/integration/phase19/test_truthcore_batches_30_34.py::test_ka_056_owning_path,planned_selected_admitted_executed_terminal_state,0,2,False
KA-057,Persona/Emotion Adaptation,backend/knowledge_algorithms/ka_57_persona_emotion_adaptation.py,dsqp_quad_persona,persona_analysis,conditional,select_only_when_manifest_predicates_and_dependencies_match,pure_or_advisory_review_required,,api_sdk_desktop_evaluation;canonical_controller;contract_parity;governed_request;refinement;trace_evaluation;truthcore,tests/knowledge_algorithms/phase19/ka_057.json#positive_selector,tests/knowledge_algorithms/phase19/ka_057.json#negative_selector,tests/knowledge_algorithms/test_phase19_per_ka_semantics.py::test_ka_057_semantic_contract,tests/integration/phase19/test_dsqp_quad_persona.py::test_ka_057_owning_path,planned_selected_admitted_executed_terminal_state,0,4,False
KA-058,Interactive Clarification & Learning,backend/knowledge_algorithms/ka_58_interactive_clarification_learning.py,governed_request_dmrf,admission_and_routing,conditional,select_only_when_manifest_predicates_and_dependencies_match,pure_or_advisory_review_required,,api_sdk_desktop_evaluation;canonical_controller;contract_parity;providers_gateway;simulation;trace_evaluation;truthcore,tests/knowledge_algorithms/phase19/ka_058.json#positive_selector,tests/knowledge_algorithms/phase19/ka_058.json#negative_selector,tests/knowledge_algorithms/test_phase19_per_ka_semantics.py::test_ka_058_semantic_contract,tests/integration/phase19/test_governed_request_dmrf.py::test_ka_058_owning_path,planned_selected_admitted_executed_terminal_state,0,3,False
KA-059,Predictive Layer Preemption,backend/knowledge_algorithms/ka_59_predictive_layer_preemption.py,governed_request_dmrf,admission_and_routing,conditional,select_only_when_manifest_predicates_and_dependencies_match,pure_or_advisory_review_required,,api_sdk_desktop_evaluation;canonical_controller;contract_parity;providers_gateway;simulation;trace_evaluation;truthcore,tests/knowledge_algorithms/phase19/ka_059.json#positive_selector,tests/knowledge_algorithms/phase19/ka_059.json#negative_selector,tests/knowledge_algorithms/test_phase19_per_ka_semantics.py::test_ka_059_semantic_contract,tests/integration/phase19/test_governed_request_dmrf.py::test_ka_059_owning_path,planned_selected_admitted_executed_terminal_state,0,3,False
KA-060,Cognitive Load Balancer,backend/knowledge_algorithms/ka_60_cognitive_load_balancer.py,truthcore_l6_l8,candidate_validation,conditional,select_only_when_manifest_predicates_and_dependencies_match,pure_or_advisory_review_required,,api_sdk_desktop_evaluation;canonical_controller;contract_parity;governed_request;refinement;trace_evaluation;truthgate,tests/knowledge_algorithms/phase19/ka_060.json#positive_selector,tests/knowledge_algorithms/phase19/ka_060.json#negative_selector,tests/knowledge_algorithms/test_phase19_per_ka_semantics.py::test_ka_060_semantic_contract,tests/integration/phase19/test_truthcore_batches_30_34.py::test_ka_060_owning_path,planned_selected_admitted_executed_terminal_state,0,2,False
KA-061,Adversarial Input Shield,backend/knowledge_algorithms/ka_61_adversarial_input_shield.py,governed_request_dmrf,admission_and_routing,required_when_stage_applicable,required_for_applicable_stage_and_policy_context,pure_or_advisory_review_required,,api_sdk_desktop_evaluation;canonical_controller;contract_parity;providers_gateway;simulation;trace_evaluation;truthcore,tests/knowledge_algorithms/phase19/ka_061.json#positive_selector,tests/knowledge_algorithms/phase19/ka_061.json#negative_selector,tests/knowledge_algorithms/test_phase19_per_ka_semantics.py::test_ka_061_semantic_contract,tests/integration/phase19/test_governed_request_dmrf.py::test_ka_061_owning_path,planned_selected_admitted_executed_terminal_state,0,6,True
KA-062,Decentralized Trust Scoring,backend/knowledge_algorithms/ka_62_decentralized_trust_scoring.py,truthmemory_truthlink_frost,knowledge_lifecycle,conditional,select_only_when_manifest_predicates_and_dependencies_match,pure_or_advisory_review_required,,api_sdk_desktop_evaluation;canonical_controller;contract_parity;retrieval_graph_memory;simulation;trace_evaluation;truthcore,tests/knowledge_algorithms/phase19/ka_062.json#positive_selector,tests/knowledge_algorithms/phase19/ka_062.json#negative_selector,tests/knowledge_algorithms/test_phase19_per_ka_semantics.py::test_ka_062_semantic_contract,tests/integration/phase19/test_truthmemory_truthlink_frost.py::test_ka_062_owning_path,planned_selected_admitted_executed_terminal_state,0,2,False
KA-063,Continuous Performance Learning,backend/knowledge_algorithms/ka_63_continuous_performance_learning.py,truthmemory_truthlink_frost,knowledge_lifecycle,conditional_effect_proposal,select_only_when_manifest_predicates_and_dependencies_match,effect_oriented_review_required,knowledge_lifecycle_service,api_sdk_desktop_evaluation;authoritative_effect_service;canonical_controller;contract_parity;retrieval_graph_memory;simulation;trace_evaluation;truthcore,tests/knowledge_algorithms/phase19/ka_063.json#positive_selector,tests/knowledge_algorithms/phase19/ka_063.json#negative_selector,tests/knowledge_algorithms/test_phase19_per_ka_semantics.py::test_ka_063_semantic_contract,tests/integration/phase19/test_truthmemory_truthlink_frost.py::test_ka_063_owning_path,planned_selected_admitted_executed_terminal_state_authoritative_effect_receipt,0,3,False
KA-064,Failure Pattern Detection,backend/knowledge_algorithms/ka_64_failure_pattern_detection.py,truthmemory_truthlink_frost,knowledge_lifecycle,conditional_effect_proposal,select_only_when_manifest_predicates_and_dependencies_match,effect_oriented_review_required,knowledge_lifecycle_service,api_sdk_desktop_evaluation;authoritative_effect_service;canonical_controller;contract_parity;retrieval_graph_memory;simulation;trace_evaluation;truthcore,tests/knowledge_algorithms/phase19/ka_064.json#positive_selector,tests/knowledge_algorithms/phase19/ka_064.json#negative_selector,tests/knowledge_algorithms/test_phase19_per_ka_semantics.py::test_ka_064_semantic_contract,tests/integration/phase19/test_truthmemory_truthlink_frost.py::test_ka_064_owning_path,planned_selected_admitted_executed_terminal_state_authoritative_effect_receipt,0,5,False
KA-065,Knowledge Regression Tester,backend/knowledge_algorithms/ka_65_knowledge_regression_tester.py,truthmemory_truthlink_frost,knowledge_lifecycle,conditional,select_only_when_manifest_predicates_and_dependencies_match,pure_or_advisory_review_required,,api_sdk_desktop_evaluation;canonical_controller;contract_parity;retrieval_graph_memory;simulation;trace_evaluation;truthcore,tests/knowledge_algorithms/phase19/ka_065.json#positive_selector,tests/knowledge_algorithms/phase19/ka_065.json#negative_selector,tests/knowledge_algorithms/test_phase19_per_ka_semantics.py::test_ka_065_semantic_contract,tests/integration/phase19/test_truthmemory_truthlink_frost.py::test_ka_065_owning_path,planned_selected_admitted_executed_terminal_state,0,4,False
KA-066,Causal Inference Engine,backend/knowledge_algorithms/ka_66_causal_inference_engine.py,truthcore_l6_l8,candidate_validation,conditional,select_only_when_manifest_predicates_and_dependencies_match,pure_or_advisory_review_required,,api_sdk_desktop_evaluation;canonical_controller;contract_parity;governed_request;refinement;trace_evaluation;truthgate,tests/knowledge_algorithms/phase19/ka_066.json#positive_selector,tests/knowledge_algorithms/phase19/ka_066.json#negative_selector,tests/knowledge_algorithms/test_phase19_per_ka_semantics.py::test_ka_066_semantic_contract,tests/integration/phase19/test_truthcore_batches_30_34.py::test_ka_066_owning_path,planned_selected_admitted_executed_terminal_state,0,4,False
KA-067,Analogical Reasoning Engine,backend/knowledge_algorithms/ka_67_analogical_reasoning_engine.py,truthcore_l6_l8,candidate_validation,conditional,select_only_when_manifest_predicates_and_dependencies_match,pure_or_advisory_review_required,,api_sdk_desktop_evaluation;canonical_controller;contract_parity;governed_request;refinement;trace_evaluation;truthgate,tests/knowledge_algorithms/phase19/ka_067.json#positive_selector,tests/knowledge_algorithms/phase19/ka_067.json#negative_selector,tests/knowledge_algorithms/test_phase19_per_ka_semantics.py::test_ka_067_semantic_contract,tests/integration/phase19/test_truthcore_batches_30_34.py::test_ka_067_owning_path,planned_selected_admitted_executed_terminal_state,0,2,False
KA-068,Domain Specialization Tuner,backend/knowledge_algorithms/ka_68_domain_specialization_tuner.py,dsqp_quad_persona,persona_analysis,conditional,select_only_when_manifest_predicates_and_dependencies_match,pure_or_advisory_review_required,,api_sdk_desktop_evaluation;canonical_controller;contract_parity;governed_request;refinement;trace_evaluation;truthcore,tests/knowledge_algorithms/phase19/ka_068.json#positive_selector,tests/knowledge_algorithms/phase19/ka_068.json#negative_selector,tests/knowledge_algorithms/test_phase19_per_ka_semantics.py::test_ka_068_semantic_contract,tests/integration/phase19/test_dsqp_quad_persona.py::test_ka_068_owning_path,planned_selected_admitted_executed_terminal_state,0,4,False
KA-069,Cultural Context Adapter,backend/knowledge_algorithms/ka_69_cultural_context_adapter.py,dsqp_quad_persona,persona_analysis,conditional,select_only_when_manifest_predicates_and_dependencies_match,pure_or_advisory_review_required,,api_sdk_desktop_evaluation;canonical_controller;contract_parity;governed_request;refinement;trace_evaluation;truthcore,tests/knowledge_algorithms/phase19/ka_069.json#positive_selector,tests/knowledge_algorithms/phase19/ka_069.json#negative_selector,tests/knowledge_algorithms/test_phase19_per_ka_semantics.py::test_ka_069_semantic_contract,tests/integration/phase19/test_dsqp_quad_persona.py::test_ka_069_owning_path,planned_selected_admitted_executed_terminal_state,0,5,False
KA-070,Counterfactual Scenario Simulator,backend/knowledge_algorithms/ka_70_counterfactual_scenario_simulator.py,simulation,simulation_job,conditional_effect_proposal,select_only_when_manifest_predicates_and_dependencies_match,effect_oriented_review_required,simulation_job_service,api_sdk_desktop_evaluation;authoritative_effect_service;canonical_controller;contract_parity;governed_request;providers_gateway;trace_evaluation;truthcore,tests/knowledge_algorithms/phase19/ka_070.json#positive_selector,tests/knowledge_algorithms/phase19/ka_070.json#negative_selector,tests/knowledge_algorithms/test_phase19_per_ka_semantics.py::test_ka_070_semantic_contract,tests/integration/phase19/test_simulation.py::test_ka_070_owning_path,planned_selected_admitted_executed_terminal_state_authoritative_effect_receipt,0,6,False
KA-071,Data Ingestion,backend/knowledge_algorithms/ka_71_data_ingestion.py,ingestion,ingestion_pipeline,conditional_effect_proposal,select_only_when_manifest_predicates_and_dependencies_match,effect_oriented_review_required,ingestion_service,api_sdk_desktop_evaluation;authoritative_effect_service;canonical_controller;contract_parity;retrieval_graph_memory;trace_evaluation;truthgate,tests/knowledge_algorithms/phase19/ka_071.json#positive_selector,tests/knowledge_algorithms/phase19/ka_071.json#negative_selector,tests/knowledge_algorithms/test_phase19_per_ka_semantics.py::test_ka_071_semantic_contract,tests/integration/phase19/test_ingestion.py::test_ka_071_owning_path,planned_selected_admitted_executed_terminal_state_authoritative_effect_receipt,0,6,False
KA-072,Data Cleaning,backend/knowledge_algorithms/ka_72_data_cleaning.py,ingestion,ingestion_pipeline,conditional,select_only_when_manifest_predicates_and_dependencies_match,pure_or_advisory_review_required,,api_sdk_desktop_evaluation;canonical_controller;contract_parity;retrieval_graph_memory;trace_evaluation;truthgate,tests/knowledge_algorithms/phase19/ka_072.json#positive_selector,tests/knowledge_algorithms/phase19/ka_072.json#negative_selector,tests/knowledge_algorithms/test_phase19_per_ka_semantics.py::test_ka_072_semantic_contract,tests/integration/phase19/test_ingestion.py::test_ka_072_owning_path,planned_selected_admitted_executed_terminal_state,0,3,False
KA-073,Data Transformation,backend/knowledge_algorithms/ka_73_data_transformation.py,ingestion,ingestion_pipeline,conditional,select_only_when_manifest_predicates_and_dependencies_match,pure_or_advisory_review_required,,api_sdk_desktop_evaluation;canonical_controller;contract_parity;retrieval_graph_memory;trace_evaluation;truthgate,tests/knowledge_algorithms/phase19/ka_073.json#positive_selector,tests/knowledge_algorithms/phase19/ka_073.json#negative_selector,tests/knowledge_algorithms/test_phase19_per_ka_semantics.py::test_ka_073_semantic_contract,tests/integration/phase19/test_ingestion.py::test_ka_073_owning_path,planned_selected_admitted_executed_terminal_state,0,3,False
KA-074,Data Validation,backend/knowledge_algorithms/ka_74_data_validation.py,ingestion,ingestion_pipeline,conditional,select_only_when_manifest_predicates_and_dependencies_match,pure_or_advisory_review_required,,api_sdk_desktop_evaluation;canonical_controller;contract_parity;retrieval_graph_memory;trace_evaluation;truthgate,tests/knowledge_algorithms/phase19/ka_074.json#positive_selector,tests/knowledge_algorithms/phase19/ka_074.json#negative_selector,tests/knowledge_algorithms/test_phase19_per_ka_semantics.py::test_ka_074_semantic_contract,tests/integration/phase19/test_ingestion.py::test_ka_074_owning_path,planned_selected_admitted_executed_terminal_state,0,3,True
KA-075,Schema Mapping,backend/knowledge_algorithms/ka_75_schema_mapping.py,ingestion,ingestion_pipeline,conditional,select_only_when_manifest_predicates_and_dependencies_match,pure_or_advisory_review_required,,api_sdk_desktop_evaluation;canonical_controller;contract_parity;retrieval_graph_memory;trace_evaluation;truthgate,tests/knowledge_algorithms/phase19/ka_075.json#positive_selector,tests/knowledge_algorithms/phase19/ka_075.json#negative_selector,tests/knowledge_algorithms/test_phase19_per_ka_semantics.py::test_ka_075_semantic_contract,tests/integration/phase19/test_ingestion.py::test_ka_075_owning_path,planned_selected_admitted_executed_terminal_state,0,5,False
KA-076,Entity Resolution,backend/knowledge_algorithms/ka_76_entity_resolution.py,ingestion,ingestion_pipeline,conditional,select_only_when_manifest_predicates_and_dependencies_match,pure_or_advisory_review_required,,api_sdk_desktop_evaluation;canonical_controller;contract_parity;retrieval_graph_memory;trace_evaluation;truthgate,tests/knowledge_algorithms/phase19/ka_076.json#positive_selector,tests/knowledge_algorithms/phase19/ka_076.json#negative_selector,tests/knowledge_algorithms/test_phase19_per_ka_semantics.py::test_ka_076_semantic_contract,tests/integration/phase19/test_ingestion.py::test_ka_076_owning_path,planned_selected_admitted_executed_terminal_state,0,3,False
KA-077,Data Enrichment,backend/knowledge_algorithms/ka_77_data_enrichment.py,ingestion,ingestion_pipeline,conditional,select_only_when_manifest_predicates_and_dependencies_match,pure_or_advisory_review_required,,api_sdk_desktop_evaluation;canonical_controller;contract_parity;retrieval_graph_memory;trace_evaluation;truthgate,tests/knowledge_algorithms/phase19/ka_077.json#positive_selector,tests/knowledge_algorithms/phase19/ka_077.json#negative_selector,tests/knowledge_algorithms/test_phase19_per_ka_semantics.py::test_ka_077_semantic_contract,tests/integration/phase19/test_ingestion.py::test_ka_077_owning_path,planned_selected_admitted_executed_terminal_state,0,5,False
KA-078,Data Archival,backend/knowledge_algorithms/ka_78_data_archival.py,ingestion,ingestion_pipeline,conditional,select_only_when_manifest_predicates_and_dependencies_match,pure_or_advisory_review_required,,api_sdk_desktop_evaluation;canonical_controller;contract_parity;retrieval_graph_memory;trace_evaluation;truthgate,tests/knowledge_algorithms/phase19/ka_078.json#positive_selector,tests/knowledge_algorithms/phase19/ka_078.json#negative_selector,tests/knowledge_algorithms/test_phase19_per_ka_semantics.py::test_ka_078_semantic_contract,tests/integration/phase19/test_ingestion.py::test_ka_078_owning_path,planned_selected_admitted_executed_terminal_state,0,3,False
KA-079,Data Retrieval,backend/knowledge_algorithms/ka_79_data_retrieval.py,retrieval_graph_memory,knowledge_data_plane,conditional,select_only_when_manifest_predicates_and_dependencies_match,pure_or_advisory_review_required,,api_sdk_desktop_evaluation;canonical_controller;contract_parity;governed_request;ingestion;trace_evaluation;truthcore,tests/knowledge_algorithms/phase19/ka_079.json#positive_selector,tests/knowledge_algorithms/phase19/ka_079.json#negative_selector,tests/knowledge_algorithms/test_phase19_per_ka_semantics.py::test_ka_079_semantic_contract,tests/integration/phase19/test_retrieval_graph_memory.py::test_ka_079_owning_path,planned_selected_admitted_executed_terminal_state,0,7,False
KA-080,Cache Management,backend/knowledge_algorithms/ka_80_cache_management.py,retrieval_graph_memory,knowledge_data_plane,conditional_effect_proposal,select_only_when_manifest_predicates_and_dependencies_match,effect_oriented_review_required,knowledge_store_service,api_sdk_desktop_evaluation;authoritative_effect_service;canonical_controller;contract_parity;governed_request;ingestion;trace_evaluation;truthcore,tests/knowledge_algorithms/phase19/ka_080.json#positive_selector,tests/knowledge_algorithms/phase19/ka_080.json#negative_selector,tests/knowledge_algorithms/test_phase19_per_ka_semantics.py::test_ka_080_semantic_contract,tests/integration/phase19/test_retrieval_graph_memory.py::test_ka_080_owning_path,planned_selected_admitted_executed_terminal_state_authoritative_effect_receipt,0,5,False
KA-081,Model Training,backend/knowledge_algorithms/ka_81_model_training.py,provider_gateway,provider_and_external_capability,conditional_effect_proposal,select_only_when_manifest_predicates_and_dependencies_match,effect_oriented_review_required,provider_gateway_service,api_sdk_desktop_evaluation;authoritative_effect_service;canonical_controller;contract_parity;governed_request;mcp_connectors;simulation;trace_evaluation,tests/knowledge_algorithms/phase19/ka_081.json#positive_selector,tests/knowledge_algorithms/phase19/ka_081.json#negative_selector,tests/knowledge_algorithms/test_phase19_per_ka_semantics.py::test_ka_081_semantic_contract,tests/integration/phase19/test_provider_gateway.py::test_ka_081_owning_path,planned_selected_admitted_executed_terminal_state_authoritative_effect_receipt,0,7,False
KA-082,Model Evaluation,backend/knowledge_algorithms/ka_82_model_evaluation.py,provider_gateway,provider_and_external_capability,conditional,select_only_when_manifest_predicates_and_dependencies_match,pure_or_advisory_review_required,,api_sdk_desktop_evaluation;canonical_controller;contract_parity;governed_request;mcp_connectors;simulation;trace_evaluation,tests/knowledge_algorithms/phase19/ka_082.json#positive_selector,tests/knowledge_algorithms/phase19/ka_082.json#negative_selector,tests/knowledge_algorithms/test_phase19_per_ka_semantics.py::test_ka_082_semantic_contract,tests/integration/phase19/test_provider_gateway.py::test_ka_082_owning_path,planned_selected_admitted_executed_terminal_state,0,5,False
KA-083,Model Deployment,backend/knowledge_algorithms/ka_83_model_deployment.py,provider_gateway,provider_and_external_capability,conditional_effect_proposal,select_only_when_manifest_predicates_and_dependencies_match,effect_oriented_review_required,provider_gateway_service,api_sdk_desktop_evaluation;authoritative_effect_service;canonical_controller;contract_parity;governed_request;mcp_connectors;simulation;trace_evaluation,tests/knowledge_algorithms/phase19/ka_083.json#positive_selector,tests/knowledge_algorithms/phase19/ka_083.json#negative_selector,tests/knowledge_algorithms/test_phase19_per_ka_semantics.py::test_ka_083_semantic_contract,tests/integration/phase19/test_provider_gateway.py::test_ka_083_owning_path,planned_selected_admitted_executed_terminal_state_authoritative_effect_receipt,0,6,False
KA-084,Model Monitoring,backend/knowledge_algorithms/ka_84_model_monitoring.py,provider_gateway,provider_and_external_capability,conditional,select_only_when_manifest_predicates_and_dependencies_match,pure_or_advisory_review_required,,api_sdk_desktop_evaluation;canonical_controller;contract_parity;governed_request;mcp_connectors;simulation;trace_evaluation,tests/knowledge_algorithms/phase19/ka_084.json#positive_selector,tests/knowledge_algorithms/phase19/ka_084.json#negative_selector,tests/knowledge_algorithms/test_phase19_per_ka_semantics.py::test_ka_084_semantic_contract,tests/integration/phase19/test_provider_gateway.py::test_ka_084_owning_path,planned_selected_admitted_executed_terminal_state,0,5,False
KA-085,Feature Engineering,backend/knowledge_algorithms/ka_85_feature_engineering.py,provider_gateway,provider_and_external_capability,conditional,select_only_when_manifest_predicates_and_dependencies_match,pure_or_advisory_review_required,,api_sdk_desktop_evaluation;canonical_controller;contract_parity;governed_request;mcp_connectors;simulation;trace_evaluation,tests/knowledge_algorithms/phase19/ka_085.json#positive_selector,tests/knowledge_algorithms/phase19/ka_085.json#negative_selector,tests/knowledge_algorithms/test_phase19_per_ka_semantics.py::test_ka_085_semantic_contract,tests/integration/phase19/test_provider_gateway.py::test_ka_085_owning_path,planned_selected_admitted_executed_terminal_state,0,8,False
KA-086,Hyperparameter Tuning,backend/knowledge_algorithms/ka_86_hyperparameter_tuning.py,provider_gateway,provider_and_external_capability,conditional,select_only_when_manifest_predicates_and_dependencies_match,pure_or_advisory_review_required,,api_sdk_desktop_evaluation;canonical_controller;contract_parity;governed_request;mcp_connectors;simulation;trace_evaluation,tests/knowledge_algorithms/phase19/ka_086.json#positive_selector,tests/knowledge_algorithms/phase19/ka_086.json#negative_selector,tests/knowledge_algorithms/test_phase19_per_ka_semantics.py::test_ka_086_semantic_contract,tests/integration/phase19/test_provider_gateway.py::test_ka_086_owning_path,planned_selected_admitted_executed_terminal_state,0,9,False
KA-087,Model Versioning,backend/knowledge_algorithms/ka_87_model_versioning.py,provider_gateway,provider_and_external_capability,conditional,select_only_when_manifest_predicates_and_dependencies_match,pure_or_advisory_review_required,,api_sdk_desktop_evaluation;canonical_controller;contract_parity;governed_request;mcp_connectors;simulation;trace_evaluation,tests/knowledge_algorithms/phase19/ka_087.json#positive_selector,tests/knowledge_algorithms/phase19/ka_087.json#negative_selector,tests/knowledge_algorithms/test_phase19_per_ka_semantics.py::test_ka_087_semantic_contract,tests/integration/phase19/test_provider_gateway.py::test_ka_087_owning_path,planned_selected_admitted_executed_terminal_state,0,6,False
KA-088,A/B Testing,backend/knowledge_algorithms/ka_88_ab_testing.py,provider_gateway,provider_and_external_capability,conditional,select_only_when_manifest_predicates_and_dependencies_match,pure_or_advisory_review_required,,api_sdk_desktop_evaluation;canonical_controller;contract_parity;governed_request;mcp_connectors;simulation;trace_evaluation,tests/knowledge_algorithms/phase19/ka_088.json#positive_selector,tests/knowledge_algorithms/phase19/ka_088.json#negative_selector,tests/knowledge_algorithms/test_phase19_per_ka_semantics.py::test_ka_088_semantic_contract,tests/integration/phase19/test_provider_gateway.py::test_ka_088_owning_path,planned_selected_admitted_executed_terminal_state,0,7,False
KA-089,Model Pruning,backend/knowledge_algorithms/ka_89_model_pruning.py,provider_gateway,provider_and_external_capability,conditional,select_only_when_manifest_predicates_and_dependencies_match,pure_or_advisory_review_required,,api_sdk_desktop_evaluation;canonical_controller;contract_parity;governed_request;mcp_connectors;simulation;trace_evaluation,tests/knowledge_algorithms/phase19/ka_089.json#positive_selector,tests/knowledge_algorithms/phase19/ka_089.json#negative_selector,tests/knowledge_algorithms/test_phase19_per_ka_semantics.py::test_ka_089_semantic_contract,tests/integration/phase19/test_provider_gateway.py::test_ka_089_owning_path,planned_selected_admitted_executed_terminal_state,0,6,False
KA-090,Model Quantization,backend/knowledge_algorithms/ka_90_model_quantization.py,provider_gateway,provider_and_external_capability,conditional,select_only_when_manifest_predicates_and_dependencies_match,pure_or_advisory_review_required,,api_sdk_desktop_evaluation;canonical_controller;contract_parity;governed_request;mcp_connectors;simulation;trace_evaluation,tests/knowledge_algorithms/phase19/ka_090.json#positive_selector,tests/knowledge_algorithms/phase19/ka_090.json#negative_selector,tests/knowledge_algorithms/test_phase19_per_ka_semantics.py::test_ka_090_semantic_contract,tests/integration/phase19/test_provider_gateway.py::test_ka_090_owning_path,planned_selected_admitted_executed_terminal_state,0,7,False
KA-091,Visualization,backend/knowledge_algorithms/ka_91_visualization.py,security_operations_lifecycle,security_operations_lifecycle,conditional,select_only_when_manifest_predicates_and_dependencies_match,pure_or_advisory_review_required,,api_sdk_desktop_evaluation;canonical_controller;contract_parity;governed_request;ingestion;mcp_connectors;providers_gateway;simulation;trace_evaluation,tests/knowledge_algorithms/phase19/ka_091.json#positive_selector,tests/knowledge_algorithms/phase19/ka_091.json#negative_selector,tests/knowledge_algorithms/test_phase19_per_ka_semantics.py::test_ka_091_semantic_contract,tests/integration/phase19/test_security_operations_lifecycle.py::test_ka_091_owning_path,planned_selected_admitted_executed_terminal_state,0,4,False
KA-092,Dashboarding,backend/knowledge_algorithms/ka_92_dashboarding.py,security_operations_lifecycle,security_operations_lifecycle,conditional,select_only_when_manifest_predicates_and_dependencies_match,pure_or_advisory_review_required,,api_sdk_desktop_evaluation;canonical_controller;contract_parity;governed_request;ingestion;mcp_connectors;providers_gateway;simulation;trace_evaluation,tests/knowledge_algorithms/phase19/ka_092.json#positive_selector,tests/knowledge_algorithms/phase19/ka_092.json#negative_selector,tests/knowledge_algorithms/test_phase19_per_ka_semantics.py::test_ka_092_semantic_contract,tests/integration/phase19/test_security_operations_lifecycle.py::test_ka_092_owning_path,planned_selected_admitted_executed_terminal_state,0,3,False
KA-093,Notification,backend/knowledge_algorithms/ka_93_notification.py,security_operations_lifecycle,security_operations_lifecycle,conditional_effect_proposal,select_only_when_manifest_predicates_and_dependencies_match,effect_oriented_review_required,operations_control_service,api_sdk_desktop_evaluation;authoritative_effect_service;canonical_controller;contract_parity;governed_request;ingestion;mcp_connectors;providers_gateway;simulation;trace_evaluation,tests/knowledge_algorithms/phase19/ka_093.json#positive_selector,tests/knowledge_algorithms/phase19/ka_093.json#negative_selector,tests/knowledge_algorithms/test_phase19_per_ka_semantics.py::test_ka_093_semantic_contract,tests/integration/phase19/test_batches_35_39.py::test_ka_093_owning_path,planned_selected_admitted_executed_terminal_state_authoritative_effect_receipt,0,2,False
KA-094,Reporting,backend/knowledge_algorithms/ka_94_reporting.py,security_operations_lifecycle,security_operations_lifecycle,conditional,select_only_when_manifest_predicates_and_dependencies_match,pure_or_advisory_review_required,,api_sdk_desktop_evaluation;canonical_controller;contract_parity;governed_request;ingestion;mcp_connectors;providers_gateway;simulation;trace_evaluation,tests/knowledge_algorithms/phase19/ka_094.json#positive_selector,tests/knowledge_algorithms/phase19/ka_094.json#negative_selector,tests/knowledge_algorithms/test_phase19_per_ka_semantics.py::test_ka_094_semantic_contract,tests/integration/phase19/test_security_operations_lifecycle.py::test_ka_094_owning_path,planned_selected_admitted_executed_terminal_state,0,3,False
KA-095,Alerting,backend/knowledge_algorithms/ka_95_alerting.py,security_operations_lifecycle,security_operations_lifecycle,conditional,select_only_when_manifest_predicates_and_dependencies_match,pure_or_advisory_review_required,,api_sdk_desktop_evaluation;canonical_controller;contract_parity;governed_request;ingestion;mcp_connectors;providers_gateway;simulation;trace_evaluation,tests/knowledge_algorithms/phase19/ka_095.json#positive_selector,tests/knowledge_algorithms/phase19/ka_095.json#negative_selector,tests/knowledge_algorithms/test_phase19_per_ka_semantics.py::test_ka_095_semantic_contract,tests/integration/phase19/test_security_operations_lifecycle.py::test_ka_095_owning_path,planned_selected_admitted_executed_terminal_state,0,5,False
KA-096,Logging,backend/knowledge_algorithms/ka_96_logging.py,security_operations_lifecycle,security_operations_lifecycle,conditional,select_only_when_manifest_predicates_and_dependencies_match,pure_or_advisory_review_required,,api_sdk_desktop_evaluation;canonical_controller;contract_parity;governed_request;ingestion;mcp_connectors;providers_gateway;simulation;trace_evaluation,tests/knowledge_algorithms/phase19/ka_096.json#positive_selector,tests/knowledge_algorithms/phase19/ka_096.json#negative_selector,tests/knowledge_algorithms/test_phase19_per_ka_semantics.py::test_ka_096_semantic_contract,tests/integration/phase19/test_security_operations_lifecycle.py::test_ka_096_owning_path,planned_selected_admitted_executed_terminal_state,0,3,False
KA-097,Auditing,backend/knowledge_algorithms/ka_97_auditing.py,security_operations_lifecycle,security_operations_lifecycle,conditional,select_only_when_manifest_predicates_and_dependencies_match,pure_or_advisory_review_required,,api_sdk_desktop_evaluation;canonical_controller;contract_parity;governed_request;ingestion;mcp_connectors;providers_gateway;simulation;trace_evaluation,tests/knowledge_algorithms/phase19/ka_097.json#positive_selector,tests/knowledge_algorithms/phase19/ka_097.json#negative_selector,tests/knowledge_algorithms/test_phase19_per_ka_semantics.py::test_ka_097_semantic_contract,tests/integration/phase19/test_security_operations_lifecycle.py::test_ka_097_owning_path,planned_selected_admitted_executed_terminal_state,0,5,False
KA-098,Profiling,backend/knowledge_algorithms/ka_98_profiling.py,security_operations_lifecycle,security_operations_lifecycle,conditional,select_only_when_manifest_predicates_and_dependencies_match,pure_or_advisory_review_required,,api_sdk_desktop_evaluation;canonical_controller;contract_parity;governed_request;ingestion;mcp_connectors;providers_gateway;simulation;trace_evaluation,tests/knowledge_algorithms/phase19/ka_098.json#positive_selector,tests/knowledge_algorithms/phase19/ka_098.json#negative_selector,tests/knowledge_algorithms/test_phase19_per_ka_semantics.py::test_ka_098_semantic_contract,tests/integration/phase19/test_security_operations_lifecycle.py::test_ka_098_owning_path,planned_selected_admitted_executed_terminal_state,0,4,False
KA-099,Debugging,backend/knowledge_algorithms/ka_99_debugging.py,security_operations_lifecycle,security_operations_lifecycle,conditional,select_only_when_manifest_predicates_and_dependencies_match,pure_or_advisory_review_required,,api_sdk_desktop_evaluation;canonical_controller;contract_parity;governed_request;ingestion;mcp_connectors;providers_gateway;simulation;trace_evaluation,tests/knowledge_algorithms/phase19/ka_099.json#positive_selector,tests/knowledge_algorithms/phase19/ka_099.json#negative_selector,tests/knowledge_algorithms/test_phase19_per_ka_semantics.py::test_ka_099_semantic_contract,tests/integration/phase19/test_security_operations_lifecycle.py::test_ka_099_owning_path,planned_selected_admitted_executed_terminal_state,0,5,False
KA-100,Optimization,backend/knowledge_algorithms/ka_100_optimization.py,security_operations_lifecycle,security_operations_lifecycle,conditional,select_only_when_manifest_predicates_and_dependencies_match,pure_or_advisory_review_required,,api_sdk_desktop_evaluation;canonical_controller;contract_parity;governed_request;ingestion;mcp_connectors;providers_gateway;simulation;trace_evaluation,tests/knowledge_algorithms/phase19/ka_100.json#positive_selector,tests/knowledge_algorithms/phase19/ka_100.json#negative_selector,tests/knowledge_algorithms/test_phase19_per_ka_semantics.py::test_ka_100_semantic_contract,tests/integration/phase19/test_security_operations_lifecycle.py::test_ka_100_owning_path,planned_selected_admitted_executed_terminal_state,0,3,False
KA-101,Environment Management,backend/knowledge_algorithms/ka_101_environment_management.py,security_operations_lifecycle,security_operations_lifecycle,conditional_effect_proposal,select_only_when_manifest_predicates_and_dependencies_match,effect_oriented_review_required,operations_control_service,api_sdk_desktop_evaluation;authoritative_effect_service;canonical_controller;contract_parity;governed_request;ingestion;mcp_connectors;providers_gateway;simulation;trace_evaluation,tests/knowledge_algorithms/phase19/ka_101.json#positive_selector,tests/knowledge_algorithms/phase19/ka_101.json#negative_selector,tests/knowledge_algorithms/test_phase19_per_ka_semantics.py::test_ka_101_semantic_contract,tests/integration/phase19/test_batches_40_43.py::test_ka_101_owning_path,planned_selected_admitted_executed_terminal_state_authoritative_effect_receipt,0,4,False
KA-102,Dependency Injection,backend/knowledge_algorithms/ka_102_dependency_injection.py,security_operations_lifecycle,security_operations_lifecycle,conditional_effect_proposal,select_only_when_manifest_predicates_and_dependencies_match,effect_oriented_review_required,operations_control_service,api_sdk_desktop_evaluation;authoritative_effect_service;canonical_controller;contract_parity;governed_request;ingestion;mcp_connectors;providers_gateway;simulation;trace_evaluation,tests/knowledge_algorithms/phase19/ka_102.json#positive_selector,tests/knowledge_algorithms/phase19/ka_102.json#negative_selector,tests/knowledge_algorithms/test_phase19_per_ka_semantics.py::test_ka_102_semantic_contract,tests/integration/phase19/test_batches_40_43.py::test_ka_102_owning_path,planned_selected_admitted_executed_terminal_state_authoritative_effect_receipt,0,2,False
KA-103,Service Mesh,backend/knowledge_algorithms/ka_103_service_mesh.py,security_operations_lifecycle,security_operations_lifecycle,conditional_effect_proposal,select_only_when_manifest_predicates_and_dependencies_match,effect_oriented_review_required,operations_control_service,api_sdk_desktop_evaluation;authoritative_effect_service;canonical_controller;contract_parity;governed_request;ingestion;mcp_connectors;providers_gateway;simulation;trace_evaluation,tests/knowledge_algorithms/phase19/ka_103.json#positive_selector,tests/knowledge_algorithms/phase19/ka_103.json#negative_selector,tests/knowledge_algorithms/test_phase19_per_ka_semantics.py::test_ka_103_semantic_contract,tests/integration/phase19/test_batches_40_43.py::test_ka_103_owning_path,planned_selected_admitted_executed_terminal_state_authoritative_effect_receipt,0,15,False
KA-1036,Pareto Optimization Engine,backend/knowledge_algorithms/ka_1036_pareto_optimization_engine.py,truthcore_l6_l8,candidate_validation,conditional,select_only_when_manifest_predicates_and_dependencies_match,pure_or_advisory_review_required,,api_sdk_desktop_evaluation;canonical_controller;contract_parity;governed_request;refinement;trace_evaluation;truthgate,tests/knowledge_algorithms/phase19/ka_1036.json#positive_selector,tests/knowledge_algorithms/phase19/ka_1036.json#negative_selector,tests/knowledge_algorithms/test_phase19_per_ka_semantics.py::test_ka_1036_semantic_contract,tests/integration/phase19/test_truthcore_batches_30_34.py::test_ka_1036_owning_path,planned_selected_admitted_executed_terminal_state,0,4,False
KA-1037,Norm Emergence Detector,backend/knowledge_algorithms/ka_1037_norm_emergence_detector.py,dsqp_quad_persona,persona_analysis,conditional,select_only_when_manifest_predicates_and_dependencies_match,pure_or_advisory_review_required,,api_sdk_desktop_evaluation;canonical_controller;contract_parity;governed_request;refinement;trace_evaluation;truthcore,tests/knowledge_algorithms/phase19/ka_1037.json#positive_selector,tests/knowledge_algorithms/phase19/ka_1037.json#negative_selector,tests/knowledge_algorithms/test_phase19_per_ka_semantics.py::test_ka_1037_semantic_contract,tests/integration/phase19/test_dsqp_quad_persona.py::test_ka_1037_owning_path,planned_selected_admitted_executed_terminal_state,0,5,False
KA-1038,Cross-Modal Synthesis,backend/knowledge_algorithms/ka_1038_cross_modal_synthesis.py,truthcore_l9,meta_evaluation_and_loop_control,conditional,select_only_when_manifest_predicates_and_dependencies_match,pure_or_advisory_review_required,,api_sdk_desktop_evaluation;canonical_controller;contract_parity;governed_request;refinement;trace_evaluation;truthcore_l10,tests/knowledge_algorithms/phase19/ka_1038.json#positive_selector,tests/knowledge_algorithms/phase19/ka_1038.json#negative_selector,tests/knowledge_algorithms/test_phase19_per_ka_semantics.py::test_ka_1038_semantic_contract,tests/integration/phase19/test_truthcore_batches_30_34.py::test_ka_1038_owning_path,planned_selected_admitted_executed_terminal_state,0,3,False
KA-1039,Ontology Drift Detection,backend/knowledge_algorithms/ka_1039_ontology_drift_detection.py,retrieval_graph_memory,knowledge_data_plane,conditional_effect_proposal,select_only_when_manifest_predicates_and_dependencies_match,effect_oriented_review_required,knowledge_store_service,api_sdk_desktop_evaluation;authoritative_effect_service;canonical_controller;contract_parity;governed_request;ingestion;trace_evaluation;truthcore,tests/knowledge_algorithms/phase19/ka_1039.json#positive_selector,tests/knowledge_algorithms/phase19/ka_1039.json#negative_selector,tests/knowledge_algorithms/test_phase19_per_ka_semantics.py::test_ka_1039_semantic_contract,tests/integration/phase19/test_retrieval_graph_memory.py::test_ka_1039_owning_path,planned_selected_admitted_executed_terminal_state_authoritative_effect_receipt,0,6,False
KA-104,Load Balancing,backend/knowledge_algorithms/ka_104_load_balancing.py,security_operations_lifecycle,security_operations_lifecycle,conditional,select_only_when_manifest_predicates_and_dependencies_match,pure_or_advisory_review_required,,api_sdk_desktop_evaluation;canonical_controller;contract_parity;governed_request;ingestion;mcp_connectors;providers_gateway;simulation;trace_evaluation,tests/knowledge_algorithms/phase19/ka_104.json#positive_selector,tests/knowledge_algorithms/phase19/ka_104.json#negative_selector,tests/knowledge_algorithms/test_phase19_per_ka_semantics.py::test_ka_104_semantic_contract,tests/integration/phase19/test_batches_40_43.py::test_ka_104_owning_path,planned_selected_admitted_executed_terminal_state,0,33,False
KA-1040,Semantic Alignment Engine,backend/knowledge_algorithms/ka_1040_semantic_alignment_engine.py,retrieval_graph_memory,knowledge_data_plane,conditional_effect_proposal,select_only_when_manifest_predicates_and_dependencies_match,effect_oriented_review_required,knowledge_store_service,api_sdk_desktop_evaluation;authoritative_effect_service;canonical_controller;contract_parity;governed_request;ingestion;trace_evaluation;truthcore,tests/knowledge_algorithms/phase19/ka_1040.json#positive_selector,tests/knowledge_algorithms/phase19/ka_1040.json#negative_selector,tests/knowledge_algorithms/test_phase19_per_ka_semantics.py::test_ka_1040_semantic_contract,tests/integration/phase19/test_retrieval_graph_memory.py::test_ka_1040_owning_path,planned_selected_admitted_executed_terminal_state_authoritative_effect_receipt,0,3,False
KA-1041,Concept Confidence Normalization,backend/knowledge_algorithms/ka_1041_concept_confidence_normalization.py,truthcore_l6_l8,candidate_validation,conditional,select_only_when_manifest_predicates_and_dependencies_match,pure_or_advisory_review_required,,api_sdk_desktop_evaluation;canonical_controller;contract_parity;governed_request;refinement;trace_evaluation;truthgate,tests/knowledge_algorithms/phase19/ka_1041.json#positive_selector,tests/knowledge_algorithms/phase19/ka_1041.json#negative_selector,tests/knowledge_algorithms/test_phase19_per_ka_semantics.py::test_ka_1041_semantic_contract,tests/integration/phase19/test_truthcore_l6_l8.py::test_ka_1041_owning_path,planned_selected_admitted_executed_terminal_state,0,4,False
KA-1042,Contradiction Propagation Analysis,backend/knowledge_algorithms/ka_1042_contradiction_propagation_analysis.py,truthcore_l6_l8,candidate_validation,conditional,select_only_when_manifest_predicates_and_dependencies_match,pure_or_advisory_review_required,,api_sdk_desktop_evaluation;canonical_controller;contract_parity;governed_request;refinement;trace_evaluation;truthgate,tests/knowledge_algorithms/phase19/ka_1042.json#positive_selector,tests/knowledge_algorithms/phase19/ka_1042.json#negative_selector,tests/knowledge_algorithms/test_phase19_per_ka_semantics.py::test_ka_1042_semantic_contract,tests/integration/phase19/test_truthcore_l6_l8.py::test_ka_1042_owning_path,planned_selected_admitted_executed_terminal_state,0,3,False
KA-1043,Knowledge Lineage Tracker,backend/knowledge_algorithms/ka_1043_knowledge_lineage_tracker.py,retrieval_graph_memory,knowledge_data_plane,conditional_effect_proposal,select_only_when_manifest_predicates_and_dependencies_match,effect_oriented_review_required,knowledge_store_service,api_sdk_desktop_evaluation;authoritative_effect_service;canonical_controller;contract_parity;governed_request;ingestion;trace_evaluation;truthcore,tests/knowledge_algorithms/phase19/ka_1043.json#positive_selector,tests/knowledge_algorithms/phase19/ka_1043.json#negative_selector,tests/knowledge_algorithms/test_phase19_per_ka_semantics.py::test_ka_1043_semantic_contract,tests/integration/phase19/test_retrieval_graph_memory.py::test_ka_1043_owning_path,planned_selected_admitted_executed_terminal_state_authoritative_effect_receipt,0,3,False
KA-1044,Creative Knowledge Composer,backend/knowledge_algorithms/ka_1044_creative_knowledge_composer.py,truthcore_l6_l8,candidate_validation,conditional,select_only_when_manifest_predicates_and_dependencies_match,pure_or_advisory_review_required,,api_sdk_desktop_evaluation;canonical_controller;contract_parity;governed_request;refinement;trace_evaluation;truthgate,tests/knowledge_algorithms/phase19/ka_1044.json#positive_selector,tests/knowledge_algorithms/phase19/ka_1044.json#negative_selector,tests/knowledge_algorithms/test_phase19_per_ka_semantics.py::test_ka_1044_semantic_contract,tests/integration/phase19/test_truthcore_batches_30_34.py::test_ka_1044_owning_path,planned_selected_admitted_executed_terminal_state,0,3,False
KA-1045,Bias Pattern Analyzer,backend/knowledge_algorithms/ka_1045_bias_pattern_analyzer.py,truthgate,entry_and_l8_policy,required_when_stage_applicable,required_for_applicable_stage_and_policy_context,pure_or_advisory_review_required,,api_sdk_desktop_evaluation;canonical_controller;contract_parity;governed_request;ingestion;mcp_connectors;providers_gateway;trace_evaluation,tests/knowledge_algorithms/phase19/ka_1045.json#positive_selector,tests/knowledge_algorithms/phase19/ka_1045.json#negative_selector,tests/knowledge_algorithms/test_phase19_per_ka_semantics.py::test_ka_1045_semantic_contract,tests/integration/phase19/test_truthgate.py::test_ka_1045_owning_path,planned_selected_admitted_executed_terminal_state,0,5,False
KA-1046,Hierarchical Memory Patcher,backend/knowledge_algorithms/ka_1046_hierarchical_memory_patcher.py,retrieval_graph_memory,knowledge_data_plane,conditional_effect_proposal,select_only_when_manifest_predicates_and_dependencies_match,effect_oriented_review_required,knowledge_store_service,api_sdk_desktop_evaluation;authoritative_effect_service;canonical_controller;contract_parity;governed_request;ingestion;trace_evaluation;truthcore,tests/knowledge_algorithms/phase19/ka_1046.json#positive_selector,tests/knowledge_algorithms/phase19/ka_1046.json#negative_selector,tests/knowledge_algorithms/test_phase19_per_ka_semantics.py::test_ka_1046_semantic_contract,tests/integration/phase19/test_retrieval_graph_memory.py::test_ka_1046_owning_path,planned_selected_admitted_executed_terminal_state_authoritative_effect_receipt,0,3,False
KA-1047,Meta-Algorithm Selection,backend/knowledge_algorithms/ka_1047_meta_algorithm_selection.py,truthcore_l6_l8,candidate_validation,conditional,select_only_when_manifest_predicates_and_dependencies_match,pure_or_advisory_review_required,,api_sdk_desktop_evaluation;canonical_controller;contract_parity;governed_request;refinement;trace_evaluation;truthgate,tests/knowledge_algorithms/phase19/ka_1047.json#positive_selector,tests/knowledge_algorithms/phase19/ka_1047.json#negative_selector,tests/knowledge_algorithms/test_phase19_per_ka_semantics.py::test_ka_1047_semantic_contract,tests/integration/phase19/test_truthcore_batches_30_34.py::test_ka_1047_owning_path,planned_selected_admitted_executed_terminal_state,0,3,False
KA-1048,Ontological Conflict Resolver,backend/knowledge_algorithms/ka_1048_ontological_conflict_resolver.py,retrieval_graph_memory,knowledge_data_plane,conditional_effect_proposal,select_only_when_manifest_predicates_and_dependencies_match,effect_oriented_review_required,knowledge_store_service,api_sdk_desktop_evaluation;authoritative_effect_service;canonical_controller;contract_parity;governed_request;ingestion;trace_evaluation;truthcore,tests/knowledge_algorithms/phase19/ka_1048.json#positive_selector,tests/knowledge_algorithms/phase19/ka_1048.json#negative_selector,tests/knowledge_algorithms/test_phase19_per_ka_semantics.py::test_ka_1048_semantic_contract,tests/integration/phase19/test_retrieval_graph_memory.py::test_ka_1048_owning_path,planned_selected_admitted_executed_terminal_state_authoritative_effect_receipt,0,3,False
KA-1049,Knowledge Redundancy Detector,backend/knowledge_algorithms/ka_1049_knowledge_redundancy_detector.py,retrieval_graph_memory,knowledge_data_plane,conditional,select_only_when_manifest_predicates_and_dependencies_match,pure_or_advisory_review_required,,api_sdk_desktop_evaluation;canonical_controller;contract_parity;governed_request;ingestion;trace_evaluation;truthcore,tests/knowledge_algorithms/phase19/ka_1049.json#positive_selector,tests/knowledge_algorithms/phase19/ka_1049.json#negative_selector,tests/knowledge_algorithms/test_phase19_per_ka_semantics.py::test_ka_1049_semantic_contract,tests/integration/phase19/test_retrieval_graph_memory.py::test_ka_1049_owning_path,planned_selected_admitted_executed_terminal_state,0,4,False
KA-105,Scalability Manager,backend/knowledge_algorithms/ka_105_scalability_manager.py,security_operations_lifecycle,security_operations_lifecycle,conditional,select_only_when_manifest_predicates_and_dependencies_match,pure_or_advisory_review_required,,api_sdk_desktop_evaluation;canonical_controller;contract_parity;governed_request;ingestion;mcp_connectors;providers_gateway;simulation;trace_evaluation,tests/knowledge_algorithms/phase19/ka_105.json#positive_selector,tests/knowledge_algorithms/phase19/ka_105.json#negative_selector,tests/knowledge_algorithms/test_phase19_per_ka_semantics.py::test_ka_105_semantic_contract,tests/integration/phase19/test_batches_40_43.py::test_ka_105_owning_path,planned_selected_admitted_executed_terminal_state,0,2,False
KA-106,Fault Tolerance,backend/knowledge_algorithms/ka_106_fault_tolerance.py,security_operations_lifecycle,security_operations_lifecycle,conditional,select_only_when_manifest_predicates_and_dependencies_match,pure_or_advisory_review_required,,api_sdk_desktop_evaluation;canonical_controller;contract_parity;governed_request;ingestion;mcp_connectors;providers_gateway;simulation;trace_evaluation,tests/knowledge_algorithms/phase19/ka_106.json#positive_selector,tests/knowledge_algorithms/phase19/ka_106.json#negative_selector,tests/knowledge_algorithms/test_phase19_per_ka_semantics.py::test_ka_106_semantic_contract,tests/integration/phase19/test_security_operations_lifecycle.py::test_ka_106_owning_path,planned_selected_admitted_executed_terminal_state,0,4,False
KA-107,Disaster Recovery,backend/knowledge_algorithms/ka_107_disaster_recovery.py,security_operations_lifecycle,security_operations_lifecycle,conditional_effect_proposal,select_only_when_manifest_predicates_and_dependencies_match,effect_oriented_review_required,operations_control_service,api_sdk_desktop_evaluation;authoritative_effect_service;canonical_controller;contract_parity;governed_request;ingestion;mcp_connectors;providers_gateway;simulation;trace_evaluation,tests/knowledge_algorithms/phase19/ka_107.json#positive_selector,tests/knowledge_algorithms/phase19/ka_107.json#negative_selector,tests/knowledge_algorithms/test_phase19_per_ka_semantics.py::test_ka_107_semantic_contract,tests/integration/phase19/test_batches_40_43.py::test_ka_107_owning_path,planned_selected_admitted_executed_terminal_state_authoritative_effect_receipt,0,30,False
KA-1071,Knowledge Provenance Tracker,backend/knowledge_algorithms/ka_1071_knowledge_provenance_tracker.py,truthmemory_truthlink_frost,knowledge_lifecycle,conditional_effect_proposal,select_only_when_manifest_predicates_and_dependencies_match,effect_oriented_review_required,knowledge_lifecycle_service,api_sdk_desktop_evaluation;authoritative_effect_service;canonical_controller;contract_parity;retrieval_graph_memory;simulation;trace_evaluation;truthcore,tests/knowledge_algorithms/phase19/ka_1071.json#positive_selector,tests/knowledge_algorithms/phase19/ka_1071.json#negative_selector,tests/knowledge_algorithms/test_phase19_per_ka_semantics.py::test_ka_1071_semantic_contract,tests/integration/phase19/test_truthmemory_truthlink_frost.py::test_ka_1071_owning_path,planned_selected_admitted_executed_terminal_state_authoritative_effect_receipt,0,4,False
KA-1072,Context Window Optimizer,backend/knowledge_algorithms/ka_1072_context_window_optimizer.py,provider_gateway,provider_and_external_capability,conditional,select_only_when_manifest_predicates_and_dependencies_match,pure_or_advisory_review_required,,api_sdk_desktop_evaluation;canonical_controller;contract_parity;governed_request;mcp_connectors;simulation;trace_evaluation,tests/knowledge_algorithms/phase19/ka_1072.json#positive_selector,tests/knowledge_algorithms/phase19/ka_1072.json#negative_selector,tests/knowledge_algorithms/test_phase19_per_ka_semantics.py::test_ka_1072_semantic_contract,tests/integration/phase19/test_provider_gateway.py::test_ka_1072_owning_path,planned_selected_admitted_executed_terminal_state,0,6,False
KA-1073,Intent Clarifier,backend/knowledge_algorithms/ka_1073_intent_clarifier.py,governed_request_dmrf,admission_and_routing,conditional,select_only_when_manifest_predicates_and_dependencies_match,pure_or_advisory_review_required,,api_sdk_desktop_evaluation;canonical_controller;contract_parity;providers_gateway;simulation;trace_evaluation;truthcore,tests/knowledge_algorithms/phase19/ka_1073.json#positive_selector,tests/knowledge_algorithms/phase19/ka_1073.json#negative_selector,tests/knowledge_algorithms/test_phase19_per_ka_semantics.py::test_ka_1073_semantic_contract,tests/integration/phase19/test_governed_request_dmrf.py::test_ka_1073_owning_path,planned_selected_admitted_executed_terminal_state,0,7,False
KA-1074,Privacy Preserver,backend/knowledge_algorithms/ka_1074_privacy_preserver.py,truthgate,entry_and_l8_policy,required_when_stage_applicable,required_for_applicable_stage_and_policy_context,pure_or_advisory_review_required,,api_sdk_desktop_evaluation;canonical_controller;contract_parity;governed_request;ingestion;mcp_connectors;providers_gateway;trace_evaluation,tests/knowledge_algorithms/phase19/ka_1074.json#positive_selector,tests/knowledge_algorithms/phase19/ka_1074.json#negative_selector,tests/knowledge_algorithms/test_phase19_per_ka_semantics.py::test_ka_1074_semantic_contract,tests/integration/phase19/test_truthgate.py::test_ka_1074_owning_path,planned_selected_admitted_executed_terminal_state,0,5,False
KA-1075,Bias Mitigation Engine,backend/knowledge_algorithms/ka_1075_bias_mitigation_engine.py,dsqp_quad_persona,persona_analysis,conditional,select_only_when_manifest_predicates_and_dependencies_match,pure_or_advisory_review_required,,api_sdk_desktop_evaluation;canonical_controller;contract_parity;governed_request;refinement;trace_evaluation;truthcore,tests/knowledge_algorithms/phase19/ka_1075.json#positive_selector,tests/knowledge_algorithms/phase19/ka_1075.json#negative_selector,tests/knowledge_algorithms/test_phase19_per_ka_semantics.py::test_ka_1075_semantic_contract,tests/integration/phase19/test_dsqp_quad_persona.py::test_ka_1075_owning_path,planned_selected_admitted_executed_terminal_state,0,5,False
KA-1076,Knowledge Graph Pruner,backend/knowledge_algorithms/ka_1076_knowledge_graph_pruner.py,retrieval_graph_memory,knowledge_data_plane,conditional_effect_proposal,select_only_when_manifest_predicates_and_dependencies_match,effect_oriented_review_required,knowledge_store_service,api_sdk_desktop_evaluation;authoritative_effect_service;canonical_controller;contract_parity;governed_request;ingestion;trace_evaluation;truthcore,tests/knowledge_algorithms/phase19/ka_1076.json#positive_selector,tests/knowledge_algorithms/phase19/ka_1076.json#negative_selector,tests/knowledge_algorithms/test_phase19_per_ka_semantics.py::test_ka_1076_semantic_contract,tests/integration/phase19/test_retrieval_graph_memory.py::test_ka_1076_owning_path,planned_selected_admitted_executed_terminal_state_authoritative_effect_receipt,0,3,False
KA-1077,Knowledge Importance Scorer,backend/knowledge_algorithms/ka_1077_knowledge_importance_scorer.py,retrieval_graph_memory,knowledge_data_plane,conditional,select_only_when_manifest_predicates_and_dependencies_match,pure_or_advisory_review_required,,api_sdk_desktop_evaluation;canonical_controller;contract_parity;governed_request;ingestion;trace_evaluation;truthcore,tests/knowledge_algorithms/phase19/ka_1077.json#positive_selector,tests/knowledge_algorithms/phase19/ka_1077.json#negative_selector,tests/knowledge_algorithms/test_phase19_per_ka_semantics.py::test_ka_1077_semantic_contract,tests/integration/phase19/test_retrieval_graph_memory.py::test_ka_1077_owning_path,planned_selected_admitted_executed_terminal_state,0,6,False
KA-1078,Memory Tier Classifier,backend/knowledge_algorithms/ka_1078_memory_tier_classifier.py,retrieval_graph_memory,knowledge_data_plane,conditional_effect_proposal,select_only_when_manifest_predicates_and_dependencies_match,effect_oriented_review_required,knowledge_store_service,api_sdk_desktop_evaluation;authoritative_effect_service;canonical_controller;contract_parity;governed_request;ingestion;trace_evaluation;truthcore,tests/knowledge_algorithms/phase19/ka_1078.json#positive_selector,tests/knowledge_algorithms/phase19/ka_1078.json#negative_selector,tests/knowledge_algorithms/test_phase19_per_ka_semantics.py::test_ka_1078_semantic_contract,tests/integration/phase19/test_retrieval_graph_memory.py::test_ka_1078_owning_path,planned_selected_admitted_executed_terminal_state_authoritative_effect_receipt,0,3,False
KA-1079,Knowledge Promotion Gate,backend/knowledge_algorithms/ka_1079_knowledge_promotion_gate.py,retrieval_graph_memory,knowledge_data_plane,conditional,select_only_when_manifest_predicates_and_dependencies_match,pure_or_advisory_review_required,,api_sdk_desktop_evaluation;canonical_controller;contract_parity;governed_request;ingestion;trace_evaluation;truthcore,tests/knowledge_algorithms/phase19/ka_1079.json#positive_selector,tests/knowledge_algorithms/phase19/ka_1079.json#negative_selector,tests/knowledge_algorithms/test_phase19_per_ka_semantics.py::test_ka_1079_semantic_contract,tests/integration/phase19/test_retrieval_graph_memory.py::test_ka_1079_owning_path,planned_selected_admitted_executed_terminal_state,0,14,False
KA-108,Backup Strategy,backend/knowledge_algorithms/ka_108_backup_strategy.py,security_operations_lifecycle,security_operations_lifecycle,conditional_effect_proposal,select_only_when_manifest_predicates_and_dependencies_match,effect_oriented_review_required,operations_control_service,api_sdk_desktop_evaluation;authoritative_effect_service;canonical_controller;contract_parity;governed_request;ingestion;mcp_connectors;providers_gateway;simulation;trace_evaluation,tests/knowledge_algorithms/phase19/ka_108.json#positive_selector,tests/knowledge_algorithms/phase19/ka_108.json#negative_selector,tests/knowledge_algorithms/test_phase19_per_ka_semantics.py::test_ka_108_semantic_contract,tests/integration/phase19/test_batches_40_43.py::test_ka_108_owning_path,planned_selected_admitted_executed_terminal_state_authoritative_effect_receipt,0,38,False
KA-1080,Simulation Cost Estimator,backend/knowledge_algorithms/ka_1080_simulation_cost_estimator.py,simulation,simulation_job,conditional,select_only_when_manifest_predicates_and_dependencies_match,pure_or_advisory_review_required,,api_sdk_desktop_evaluation;canonical_controller;contract_parity;governed_request;providers_gateway;trace_evaluation;truthcore,tests/knowledge_algorithms/phase19/ka_1080.json#positive_selector,tests/knowledge_algorithms/phase19/ka_1080.json#negative_selector,tests/knowledge_algorithms/test_phase19_per_ka_semantics.py::test_ka_1080_semantic_contract,tests/integration/phase19/test_simulation.py::test_ka_1080_owning_path,planned_selected_admitted_executed_terminal_state,0,5,False
KA-1081,Simulation Budget Enforcer,backend/knowledge_algorithms/ka_1081_simulation_budget_enforcer.py,simulation,simulation_job,conditional,select_only_when_manifest_predicates_and_dependencies_match,pure_or_advisory_review_required,,api_sdk_desktop_evaluation;canonical_controller;contract_parity;governed_request;providers_gateway;trace_evaluation;truthcore,tests/knowledge_algorithms/phase19/ka_1081.json#positive_selector,tests/knowledge_algorithms/phase19/ka_1081.json#negative_selector,tests/knowledge_algorithms/test_phase19_per_ka_semantics.py::test_ka_1081_semantic_contract,tests/integration/phase19/test_simulation.py::test_ka_1081_owning_path,planned_selected_admitted_executed_terminal_state,0,5,False
KA-1082,Confidence Drift Monitor,backend/knowledge_algorithms/ka_1082_confidence_drift_monitor.py,truthmemory_truthlink_frost,knowledge_lifecycle,conditional_effect_proposal,select_only_when_manifest_predicates_and_dependencies_match,effect_oriented_review_required,knowledge_lifecycle_service,api_sdk_desktop_evaluation;authoritative_effect_service;canonical_controller;contract_parity;retrieval_graph_memory;simulation;trace_evaluation;truthcore,tests/knowledge_algorithms/phase19/ka_1082.json#positive_selector,tests/knowledge_algorithms/phase19/ka_1082.json#negative_selector,tests/knowledge_algorithms/test_phase19_per_ka_semantics.py::test_ka_1082_semantic_contract,tests/integration/phase19/test_truthmemory_truthlink_frost.py::test_ka_1082_owning_path,planned_selected_admitted_executed_terminal_state_authoritative_effect_receipt,0,7,False
KA-1083,Knowledge Revalidation Scheduler,backend/knowledge_algorithms/ka_1083_knowledge_revalidation_scheduler.py,truthmemory_truthlink_frost,knowledge_lifecycle,conditional_effect_proposal,select_only_when_manifest_predicates_and_dependencies_match,effect_oriented_review_required,knowledge_lifecycle_service,api_sdk_desktop_evaluation;authoritative_effect_service;canonical_controller;contract_parity;retrieval_graph_memory;simulation;trace_evaluation;truthcore,tests/knowledge_algorithms/phase19/ka_1083.json#positive_selector,tests/knowledge_algorithms/phase19/ka_1083.json#negative_selector,tests/knowledge_algorithms/test_phase19_per_ka_semantics.py::test_ka_1083_semantic_contract,tests/integration/phase19/test_truthmemory_truthlink_frost.py::test_ka_1083_owning_path,planned_selected_admitted_executed_terminal_state_authoritative_effect_receipt,0,7,False
KA-1084,Cross-Instance Consensus Engine,backend/knowledge_algorithms/ka_1084_cross_instance_consensus_engine.py,dsqp_quad_persona,persona_analysis,conditional,select_only_when_manifest_predicates_and_dependencies_match,pure_or_advisory_review_required,,api_sdk_desktop_evaluation;canonical_controller;contract_parity;governed_request;refinement;trace_evaluation;truthcore,tests/knowledge_algorithms/phase19/ka_1084.json#positive_selector,tests/knowledge_algorithms/phase19/ka_1084.json#negative_selector,tests/knowledge_algorithms/test_phase19_per_ka_semantics.py::test_ka_1084_semantic_contract,tests/integration/phase19/test_dsqp_quad_persona.py::test_ka_1084_owning_path,planned_selected_admitted_executed_terminal_state,0,5,False
KA-1085,Anomaly Detection Engine,backend/knowledge_algorithms/ka_1085_anomaly_detection_engine.py,truthcore_l6_l8,candidate_validation,conditional,select_only_when_manifest_predicates_and_dependencies_match,pure_or_advisory_review_required,,api_sdk_desktop_evaluation;canonical_controller;contract_parity;governed_request;refinement;trace_evaluation;truthgate,tests/knowledge_algorithms/phase19/ka_1085.json#positive_selector,tests/knowledge_algorithms/phase19/ka_1085.json#negative_selector,tests/knowledge_algorithms/test_phase19_per_ka_semantics.py::test_ka_1085_semantic_contract,tests/integration/phase19/test_truthcore_batches_30_34.py::test_ka_1085_owning_path,planned_selected_admitted_executed_terminal_state,0,3,False
KA-1086,Knowledge Usage Analytics,backend/knowledge_algorithms/ka_1086_knowledge_usage_analytics.py,truthmemory_truthlink_frost,knowledge_lifecycle,conditional,select_only_when_manifest_predicates_and_dependencies_match,pure_or_advisory_review_required,,api_sdk_desktop_evaluation;canonical_controller;contract_parity;retrieval_graph_memory;simulation;trace_evaluation;truthcore,tests/knowledge_algorithms/phase19/ka_1086.json#positive_selector,tests/knowledge_algorithms/phase19/ka_1086.json#negative_selector,tests/knowledge_algorithms/test_phase19_per_ka_semantics.py::test_ka_1086_semantic_contract,tests/integration/phase19/test_truthmemory_truthlink_frost.py::test_ka_1086_owning_path,planned_selected_admitted_executed_terminal_state,0,3,False
KA-1087,Explainability Coverage Checker,backend/knowledge_algorithms/ka_1087_explainability_coverage_checker.py,truthcore_l9,meta_evaluation_and_loop_control,conditional,select_only_when_manifest_predicates_and_dependencies_match,pure_or_advisory_review_required,,api_sdk_desktop_evaluation;canonical_controller;contract_parity;governed_request;refinement;trace_evaluation;truthcore_l10,tests/knowledge_algorithms/phase19/ka_1087.json#positive_selector,tests/knowledge_algorithms/phase19/ka_1087.json#negative_selector,tests/knowledge_algorithms/test_phase19_per_ka_semantics.py::test_ka_1087_semantic_contract,tests/integration/phase19/test_truthcore_batches_30_34.py::test_ka_1087_owning_path,planned_selected_admitted_executed_terminal_state,0,3,False
KA-1088,Knowledge Lifecycle Manager,backend/knowledge_algorithms/ka_1088_knowledge_lifecycle_manager.py,truthmemory_truthlink_frost,knowledge_lifecycle,conditional_effect_proposal,select_only_when_manifest_predicates_and_dependencies_match,effect_oriented_review_required,knowledge_lifecycle_service,api_sdk_desktop_evaluation;authoritative_effect_service;canonical_controller;contract_parity;retrieval_graph_memory;simulation;trace_evaluation;truthcore,tests/knowledge_algorithms/phase19/ka_1088.json#positive_selector,tests/knowledge_algorithms/phase19/ka_1088.json#negative_selector,tests/knowledge_algorithms/test_phase19_per_ka_semantics.py::test_ka_1088_semantic_contract,tests/integration/phase19/test_truthmemory_truthlink_frost.py::test_ka_1088_owning_path,planned_selected_admitted_executed_terminal_state_authoritative_effect_receipt,0,3,False
KA-1089,Policy Evolution Tracker,backend/knowledge_algorithms/ka_1089_policy_evolution_tracker.py,truthmemory_truthlink_frost,knowledge_lifecycle,conditional,select_only_when_manifest_predicates_and_dependencies_match,pure_or_advisory_review_required,,api_sdk_desktop_evaluation;canonical_controller;contract_parity;retrieval_graph_memory;simulation;trace_evaluation;truthcore,tests/knowledge_algorithms/phase19/ka_1089.json#positive_selector,tests/knowledge_algorithms/phase19/ka_1089.json#negative_selector,tests/knowledge_algorithms/test_phase19_per_ka_semantics.py::test_ka_1089_semantic_contract,tests/integration/phase19/test_truthmemory_truthlink_frost.py::test_ka_1089_owning_path,planned_selected_admitted_executed_terminal_state,0,5,False
KA-109,System Health,backend/knowledge_algorithms/ka_109_system_health.py,security_operations_lifecycle,security_operations_lifecycle,conditional,select_only_when_manifest_predicates_and_dependencies_match,pure_or_advisory_review_required,,api_sdk_desktop_evaluation;canonical_controller;contract_parity;governed_request;ingestion;mcp_connectors;providers_gateway;simulation;trace_evaluation,tests/knowledge_algorithms/phase19/ka_109.json#positive_selector,tests/knowledge_algorithms/phase19/ka_109.json#negative_selector,tests/knowledge_algorithms/test_phase19_per_ka_semantics.py::test_ka_109_semantic_contract,tests/integration/phase19/test_batches_40_43.py::test_ka_109_owning_path,planned_selected_admitted_executed_terminal_state,0,37,False
KA-1090,Compliance Regression Validator,backend/knowledge_algorithms/ka_1090_compliance_regression_validator.py,truthgate,entry_and_l8_policy,required_when_stage_applicable,required_for_applicable_stage_and_policy_context,pure_or_advisory_review_required,,api_sdk_desktop_evaluation;canonical_controller;contract_parity;governed_request;ingestion;mcp_connectors;providers_gateway;trace_evaluation,tests/knowledge_algorithms/phase19/ka_1090.json#positive_selector,tests/knowledge_algorithms/phase19/ka_1090.json#negative_selector,tests/knowledge_algorithms/test_phase19_per_ka_semantics.py::test_ka_1090_semantic_contract,tests/integration/phase19/test_truthgate.py::test_ka_1090_owning_path,planned_selected_admitted_executed_terminal_state,0,3,False
KA-1091,Scenario Outcome Archivist,backend/knowledge_algorithms/ka_1091_scenario_outcome_archivist.py,simulation,simulation_job,conditional_effect_proposal,select_only_when_manifest_predicates_and_dependencies_match,effect_oriented_review_required,simulation_job_service,api_sdk_desktop_evaluation;authoritative_effect_service;canonical_controller;contract_parity;governed_request;providers_gateway;trace_evaluation;truthcore,tests/knowledge_algorithms/phase19/ka_1091.json#positive_selector,tests/knowledge_algorithms/phase19/ka_1091.json#negative_selector,tests/knowledge_algorithms/test_phase19_per_ka_semantics.py::test_ka_1091_semantic_contract,tests/integration/phase19/test_simulation.py::test_ka_1091_owning_path,planned_selected_admitted_executed_terminal_state_authoritative_effect_receipt,0,4,False
KA-1092,Knowledge Dependency Auditor,backend/knowledge_algorithms/ka_1092_knowledge_dependency_auditor.py,retrieval_graph_memory,knowledge_data_plane,conditional,select_only_when_manifest_predicates_and_dependencies_match,pure_or_advisory_review_required,,api_sdk_desktop_evaluation;canonical_controller;contract_parity;governed_request;ingestion;trace_evaluation;truthcore,tests/knowledge_algorithms/phase19/ka_1092.json#positive_selector,tests/knowledge_algorithms/phase19/ka_1092.json#negative_selector,tests/knowledge_algorithms/test_phase19_per_ka_semantics.py::test_ka_1092_semantic_contract,tests/integration/phase19/test_retrieval_graph_memory.py::test_ka_1092_owning_path,planned_selected_admitted_executed_terminal_state,0,4,False
KA-1093,Trust Decay Engine,backend/knowledge_algorithms/ka_1093_trust_decay_engine.py,truthmemory_truthlink_frost,knowledge_lifecycle,conditional_effect_proposal,select_only_when_manifest_predicates_and_dependencies_match,effect_oriented_review_required,knowledge_lifecycle_service,api_sdk_desktop_evaluation;authoritative_effect_service;canonical_controller;contract_parity;retrieval_graph_memory;simulation;trace_evaluation;truthcore,tests/knowledge_algorithms/phase19/ka_1093.json#positive_selector,tests/knowledge_algorithms/phase19/ka_1093.json#negative_selector,tests/knowledge_algorithms/test_phase19_per_ka_semantics.py::test_ka_1093_semantic_contract,tests/integration/phase19/test_truthmemory_truthlink_frost.py::test_ka_1093_owning_path,planned_selected_admitted_executed_terminal_state_authoritative_effect_receipt,0,5,False
KA-1094,Knowledge Quarantine Engine,backend/knowledge_algorithms/ka_1094_knowledge_quarantine_engine.py,truthmemory_truthlink_frost,knowledge_lifecycle,conditional_effect_proposal,select_only_when_manifest_predicates_and_dependencies_match,effect_oriented_review_required,knowledge_lifecycle_service,api_sdk_desktop_evaluation;authoritative_effect_service;canonical_controller;contract_parity;retrieval_graph_memory;simulation;trace_evaluation;truthcore,tests/knowledge_algorithms/phase19/ka_1094.json#positive_selector,tests/knowledge_algorithms/phase19/ka_1094.json#negative_selector,tests/knowledge_algorithms/test_phase19_per_ka_semantics.py::test_ka_1094_semantic_contract,tests/integration/phase19/test_truthmemory_truthlink_frost.py::test_ka_1094_owning_path,planned_selected_admitted_executed_terminal_state_authoritative_effect_receipt,0,6,False
KA-1095,Human-in-the-Loop Escalation,backend/knowledge_algorithms/ka_1095_human_in_the_loop_escalation.py,truthmemory_truthlink_frost,knowledge_lifecycle,conditional,select_only_when_manifest_predicates_and_dependencies_match,pure_or_advisory_review_required,,api_sdk_desktop_evaluation;canonical_controller;contract_parity;retrieval_graph_memory;simulation;trace_evaluation;truthcore,tests/knowledge_algorithms/phase19/ka_1095.json#positive_selector,tests/knowledge_algorithms/phase19/ka_1095.json#negative_selector,tests/knowledge_algorithms/test_phase19_per_ka_semantics.py::test_ka_1095_semantic_contract,tests/integration/phase19/test_truthmemory_truthlink_frost.py::test_ka_1095_owning_path,planned_selected_admitted_executed_terminal_state,0,4,False
KA-1096,Knowledge Release Manager,backend/knowledge_algorithms/ka_1096_knowledge_release_manager.py,truthmemory_truthlink_frost,knowledge_lifecycle,conditional_effect_proposal,select_only_when_manifest_predicates_and_dependencies_match,effect_oriented_review_required,knowledge_lifecycle_service,api_sdk_desktop_evaluation;authoritative_effect_service;canonical_controller;contract_parity;retrieval_graph_memory;simulation;trace_evaluation;truthcore,tests/knowledge_algorithms/phase19/ka_1096.json#positive_selector,tests/knowledge_algorithms/phase19/ka_1096.json#negative_selector,tests/knowledge_algorithms/test_phase19_per_ka_semantics.py::test_ka_1096_semantic_contract,tests/integration/phase19/test_truthmemory_truthlink_frost.py::test_ka_1096_owning_path,planned_selected_admitted_executed_terminal_state_authoritative_effect_receipt,0,3,False
KA-1097,System Performance Optimizer,backend/knowledge_algorithms/ka_1097_system_performance_optimizer.py,security_operations_lifecycle,security_operations_lifecycle,conditional_effect_proposal,select_only_when_manifest_predicates_and_dependencies_match,effect_oriented_review_required,operations_control_service,api_sdk_desktop_evaluation;authoritative_effect_service;canonical_controller;contract_parity;governed_request;ingestion;mcp_connectors;providers_gateway;simulation;trace_evaluation,tests/knowledge_algorithms/phase19/ka_1097.json#positive_selector,tests/knowledge_algorithms/phase19/ka_1097.json#negative_selector,tests/knowledge_algorithms/test_phase19_per_ka_semantics.py::test_ka_1097_semantic_contract,tests/integration/phase19/test_batches_40_43.py::test_ka_1097_owning_path,planned_selected_admitted_executed_terminal_state_authoritative_effect_receipt,0,3,False
KA-1098,Self-Evaluation & Benchmarking,backend/knowledge_algorithms/ka_1098_self_evaluation_benchmarking.py,security_operations_lifecycle,security_operations_lifecycle,conditional,select_only_when_manifest_predicates_and_dependencies_match,pure_or_advisory_review_required,,api_sdk_desktop_evaluation;canonical_controller;contract_parity;governed_request;ingestion;mcp_connectors;providers_gateway;simulation;trace_evaluation,tests/knowledge_algorithms/phase19/ka_1098.json#positive_selector,tests/knowledge_algorithms/phase19/ka_1098.json#negative_selector,tests/knowledge_algorithms/test_phase19_per_ka_semantics.py::test_ka_1098_semantic_contract,tests/integration/phase19/test_batches_40_43.py::test_ka_1098_owning_path,planned_selected_admitted_executed_terminal_state,0,3,False
KA-1099,System Integrity Auditor,backend/knowledge_algorithms/ka_1099_system_integrity_auditor.py,truthgate,entry_and_l8_policy,required_when_stage_applicable,required_for_applicable_stage_and_policy_context,pure_or_advisory_review_required,,api_sdk_desktop_evaluation;canonical_controller;contract_parity;governed_request;ingestion;mcp_connectors;providers_gateway;trace_evaluation,tests/knowledge_algorithms/phase19/ka_1099.json#positive_selector,tests/knowledge_algorithms/phase19/ka_1099.json#negative_selector,tests/knowledge_algorithms/test_phase19_per_ka_semantics.py::test_ka_1099_semantic_contract,tests/integration/phase19/test_truthgate.py::test_ka_1099_owning_path,planned_selected_admitted_executed_terminal_state,0,3,False
KA-110,Integration Bus,backend/knowledge_algorithms/ka_110_integration_bus.py,security_operations_lifecycle,security_operations_lifecycle,conditional_effect_proposal,select_only_when_manifest_predicates_and_dependencies_match,effect_oriented_review_required,operations_control_service,api_sdk_desktop_evaluation;authoritative_effect_service;canonical_controller;contract_parity;governed_request;ingestion;mcp_connectors;providers_gateway;simulation;trace_evaluation,tests/knowledge_algorithms/phase19/ka_110.json#positive_selector,tests/knowledge_algorithms/phase19/ka_110.json#negative_selector,tests/knowledge_algorithms/test_phase19_per_ka_semantics.py::test_ka_110_semantic_contract,tests/integration/phase19/test_batches_35_39.py::test_ka_110_owning_path,planned_selected_admitted_executed_terminal_state_authoritative_effect_receipt,0,35,False
KA-1100,Autonomous System Evolution Controller,backend/knowledge_algorithms/ka_1100_autonomous_system_evolution_controller.py,security_operations_lifecycle,security_operations_lifecycle,conditional_effect_proposal,select_only_when_manifest_predicates_and_dependencies_match,effect_oriented_review_required,operations_control_service,api_sdk_desktop_evaluation;authoritative_effect_service;canonical_controller;contract_parity;governed_request;ingestion;mcp_connectors;providers_gateway;simulation;trace_evaluation,tests/knowledge_algorithms/phase19/ka_1100.json#positive_selector,tests/knowledge_algorithms/phase19/ka_1100.json#negative_selector,tests/knowledge_algorithms/test_phase19_per_ka_semantics.py::test_ka_1100_semantic_contract,tests/integration/phase19/test_batches_40_43.py::test_ka_1100_owning_path,planned_selected_admitted_executed_terminal_state_authoritative_effect_receipt,0,3,False
KA-1101,Chaos Injection Governor,backend/knowledge_algorithms/ka_1101_chaos_injection_governor.py,simulation,simulation_job,conditional_effect_proposal,select_only_when_manifest_predicates_and_dependencies_match,effect_oriented_review_required,simulation_job_service,api_sdk_desktop_evaluation;authoritative_effect_service;canonical_controller;contract_parity;governed_request;providers_gateway;trace_evaluation;truthcore,tests/knowledge_algorithms/phase19/ka_1101.json#positive_selector,tests/knowledge_algorithms/phase19/ka_1101.json#negative_selector,tests/knowledge_algorithms/test_phase19_per_ka_semantics.py::test_ka_1101_semantic_contract,tests/integration/phase19/test_batches_40_43.py::test_ka_1101_owning_path,planned_selected_admitted_executed_terminal_state_authoritative_effect_receipt,0,5,False
KA-1102,Global Entropy Quantifier,backend/knowledge_algorithms/ka_1102_global_entropy_quantifier.py,truthcore_l6_l8,candidate_validation,conditional,select_only_when_manifest_predicates_and_dependencies_match,pure_or_advisory_review_required,,api_sdk_desktop_evaluation;canonical_controller;contract_parity;governed_request;refinement;trace_evaluation;truthgate,tests/knowledge_algorithms/phase19/ka_1102.json#positive_selector,tests/knowledge_algorithms/phase19/ka_1102.json#negative_selector,tests/knowledge_algorithms/test_phase19_per_ka_semantics.py::test_ka_1102_semantic_contract,tests/integration/phase19/test_truthcore_l6_l8.py::test_ka_1102_owning_path,planned_selected_admitted_executed_terminal_state,0,8,False
KA-1103,Simulation State Rollback Manager,backend/knowledge_algorithms/ka_1103_simulation_state_rollback_manager.py,simulation,simulation_job,conditional_effect_proposal,select_only_when_manifest_predicates_and_dependencies_match,effect_oriented_review_required,simulation_job_service,api_sdk_desktop_evaluation;authoritative_effect_service;canonical_controller;contract_parity;governed_request;providers_gateway;trace_evaluation;truthcore,tests/knowledge_algorithms/phase19/ka_1103.json#positive_selector,tests/knowledge_algorithms/phase19/ka_1103.json#negative_selector,tests/knowledge_algorithms/test_phase19_per_ka_semantics.py::test_ka_1103_semantic_contract,tests/integration/phase19/test_batches_40_43.py::test_ka_1103_owning_path,planned_selected_admitted_executed_terminal_state_authoritative_effect_receipt,0,3,False
KA-1104,Truth vs Utility Arbiter,backend/knowledge_algorithms/ka_1104_truth_vs_utility_arbiter.py,truthgate,entry_and_l8_policy,required_when_stage_applicable,required_for_applicable_stage_and_policy_context,pure_or_advisory_review_required,,api_sdk_desktop_evaluation;canonical_controller;contract_parity;governed_request;ingestion;mcp_connectors;providers_gateway;trace_evaluation,tests/knowledge_algorithms/phase19/ka_1104.json#positive_selector,tests/knowledge_algorithms/phase19/ka_1104.json#negative_selector,tests/knowledge_algorithms/test_phase19_per_ka_semantics.py::test_ka_1104_semantic_contract,tests/integration/phase19/test_truthgate.py::test_ka_1104_owning_path,planned_selected_admitted_executed_terminal_state,0,3,False
KA-1105,Conceptual Obsolescence Monitor,backend/knowledge_algorithms/ka_1105_conceptual_obsolescence_monitor.py,truthmemory_truthlink_frost,knowledge_lifecycle,conditional_effect_proposal,select_only_when_manifest_predicates_and_dependencies_match,effect_oriented_review_required,knowledge_lifecycle_service,api_sdk_desktop_evaluation;authoritative_effect_service;canonical_controller;contract_parity;retrieval_graph_memory;simulation;trace_evaluation;truthcore,tests/knowledge_algorithms/phase19/ka_1105.json#positive_selector,tests/knowledge_algorithms/phase19/ka_1105.json#negative_selector,tests/knowledge_algorithms/test_phase19_per_ka_semantics.py::test_ka_1105_semantic_contract,tests/integration/phase19/test_truthmemory_truthlink_frost.py::test_ka_1105_owning_path,planned_selected_admitted_executed_terminal_state_authoritative_effect_receipt,0,5,False
KA-1106,Human Override Reason Capture,backend/knowledge_algorithms/ka_1106_human_override_reason_capture.py,truthcore_l10,containment_and_release,conditional,select_only_when_manifest_predicates_and_dependencies_match,pure_or_advisory_review_required,,api_sdk_desktop_evaluation;canonical_controller;contract_parity;governed_request;knowledge_lifecycle;trace_evaluation,tests/knowledge_algorithms/phase19/ka_1106.json#positive_selector,tests/knowledge_algorithms/phase19/ka_1106.json#negative_selector,tests/knowledge_algorithms/test_phase19_per_ka_semantics.py::test_ka_1106_semantic_contract,tests/integration/phase19/test_truthcore_l10.py::test_ka_1106_owning_path,planned_selected_admitted_executed_terminal_state,0,3,False
KA-1107,Reasoning Boundary Enforcer,backend/knowledge_algorithms/ka_1107_reasoning_boundary_enforcer.py,governed_request_dmrf,admission_and_routing,required_when_stage_applicable,required_for_applicable_stage_and_policy_context,pure_or_advisory_review_required,,api_sdk_desktop_evaluation;canonical_controller;contract_parity;providers_gateway;simulation;trace_evaluation;truthcore,tests/knowledge_algorithms/phase19/ka_1107.json#positive_selector,tests/knowledge_algorithms/phase19/ka_1107.json#negative_selector,tests/knowledge_algorithms/test_phase19_per_ka_semantics.py::test_ka_1107_semantic_contract,tests/integration/phase19/test_governed_request_dmrf.py::test_ka_1107_owning_path,planned_selected_admitted_executed_terminal_state,0,5,False
KA-1108,Capability Escalation Detector,backend/knowledge_algorithms/ka_1108_capability_escalation_detector.py,truthgate,entry_and_l8_policy,required_when_stage_applicable,required_for_applicable_stage_and_policy_context,pure_or_advisory_review_required,,api_sdk_desktop_evaluation;canonical_controller;contract_parity;governed_request;ingestion;mcp_connectors;providers_gateway;trace_evaluation,tests/knowledge_algorithms/phase19/ka_1108.json#positive_selector,tests/knowledge_algorithms/phase19/ka_1108.json#negative_selector,tests/knowledge_algorithms/test_phase19_per_ka_semantics.py::test_ka_1108_semantic_contract,tests/integration/phase19/test_truthgate.py::test_ka_1108_owning_path,planned_selected_admitted_executed_terminal_state,0,5,False
KA-1109,Knowledge Containment Classifier,backend/knowledge_algorithms/ka_1109_knowledge_containment_classifier.py,truthmemory_truthlink_frost,knowledge_lifecycle,conditional_effect_proposal,select_only_when_manifest_predicates_and_dependencies_match,effect_oriented_review_required,knowledge_lifecycle_service,api_sdk_desktop_evaluation;authoritative_effect_service;canonical_controller;contract_parity;retrieval_graph_memory;simulation;trace_evaluation;truthcore,tests/knowledge_algorithms/phase19/ka_1109.json#positive_selector,tests/knowledge_algorithms/phase19/ka_1109.json#negative_selector,tests/knowledge_algorithms/test_phase19_per_ka_semantics.py::test_ka_1109_semantic_contract,tests/integration/phase19/test_truthmemory_truthlink_frost.py::test_ka_1109_owning_path,planned_selected_admitted_executed_terminal_state_authoritative_effect_receipt,0,12,False
KA-111,API Gateway,backend/knowledge_algorithms/ka_111_api_gateway.py,provider_gateway,provider_and_external_capability,conditional_effect_proposal,select_only_when_manifest_predicates_and_dependencies_match,effect_oriented_review_required,provider_gateway_service,api_sdk_desktop_evaluation;authoritative_effect_service;canonical_controller;contract_parity;governed_request;mcp_connectors;simulation;trace_evaluation,tests/knowledge_algorithms/phase19/ka_111.json#positive_selector,tests/knowledge_algorithms/phase19/ka_111.json#negative_selector,tests/knowledge_algorithms/test_phase19_per_ka_semantics.py::test_ka_111_semantic_contract,tests/integration/phase19/test_batches_35_39.py::test_ka_111_owning_path,planned_selected_admitted_executed_terminal_state_authoritative_effect_receipt,1,15,False
KA-1110,Cross-Domain Coupling Risk Analyzer,backend/knowledge_algorithms/ka_1110_cross_domain_coupling_risk_analyzer.py,truthgate,entry_and_l8_policy,required_when_stage_applicable,required_for_applicable_stage_and_policy_context,pure_or_advisory_review_required,,api_sdk_desktop_evaluation;canonical_controller;contract_parity;governed_request;ingestion;mcp_connectors;providers_gateway;trace_evaluation,tests/knowledge_algorithms/phase19/ka_1110.json#positive_selector,tests/knowledge_algorithms/phase19/ka_1110.json#negative_selector,tests/knowledge_algorithms/test_phase19_per_ka_semantics.py::test_ka_1110_semantic_contract,tests/integration/phase19/test_truthgate.py::test_ka_1110_owning_path,planned_selected_admitted_executed_terminal_state,0,3,False
KA-1111,Long-Horizon Goal Drift Monitor,backend/knowledge_algorithms/ka_1111_long_horizon_goal_drift_monitor.py,truthmemory_truthlink_frost,knowledge_lifecycle,conditional,select_only_when_manifest_predicates_and_dependencies_match,pure_or_advisory_review_required,,api_sdk_desktop_evaluation;canonical_controller;contract_parity;retrieval_graph_memory;simulation;trace_evaluation;truthcore,tests/knowledge_algorithms/phase19/ka_1111.json#positive_selector,tests/knowledge_algorithms/phase19/ka_1111.json#negative_selector,tests/knowledge_algorithms/test_phase19_per_ka_semantics.py::test_ka_1111_semantic_contract,tests/integration/phase19/test_truthmemory_truthlink_frost.py::test_ka_1111_owning_path,planned_selected_admitted_executed_terminal_state,0,3,False
KA-1112,System Self-Introspection Auditor,backend/knowledge_algorithms/ka_1112_system_self_introspection_auditor.py,truthcore_l10,containment_and_release,conditional,select_only_when_manifest_predicates_and_dependencies_match,pure_or_advisory_review_required,,api_sdk_desktop_evaluation;canonical_controller;contract_parity;governed_request;knowledge_lifecycle;trace_evaluation,tests/knowledge_algorithms/phase19/ka_1112.json#positive_selector,tests/knowledge_algorithms/phase19/ka_1112.json#negative_selector,tests/knowledge_algorithms/test_phase19_per_ka_semantics.py::test_ka_1112_semantic_contract,tests/integration/phase19/test_truthcore_l10.py::test_ka_1112_owning_path,planned_selected_admitted_executed_terminal_state,0,7,False
KA-1114,External Deep Research Invocation,backend/knowledge_algorithms/ka_1114_external_deep_research_invocation.py,provider_gateway,provider_and_external_capability,conditional_effect_proposal,select_only_when_manifest_predicates_and_dependencies_match,effect_oriented_review_required,provider_gateway_service,api_sdk_desktop_evaluation;authoritative_effect_service;canonical_controller;contract_parity;governed_request;mcp_connectors;simulation;trace_evaluation,tests/knowledge_algorithms/phase19/ka_1114.json#positive_selector,tests/knowledge_algorithms/phase19/ka_1114.json#negative_selector,tests/knowledge_algorithms/test_phase19_per_ka_semantics.py::test_ka_1114_semantic_contract,tests/integration/phase19/test_batches_35_39.py::test_ka_1114_owning_path,planned_selected_admitted_executed_terminal_state_authoritative_effect_receipt,0,4,False
KA-112,Message Broker,backend/knowledge_algorithms/ka_112_message_broker.py,security_operations_lifecycle,security_operations_lifecycle,conditional_effect_proposal,select_only_when_manifest_predicates_and_dependencies_match,effect_oriented_review_required,operations_control_service,api_sdk_desktop_evaluation;authoritative_effect_service;canonical_controller;contract_parity;governed_request;ingestion;mcp_connectors;providers_gateway;simulation;trace_evaluation,tests/knowledge_algorithms/phase19/ka_112.json#positive_selector,tests/knowledge_algorithms/phase19/ka_112.json#negative_selector,tests/knowledge_algorithms/test_phase19_per_ka_semantics.py::test_ka_112_semantic_contract,tests/integration/phase19/test_batches_35_39.py::test_ka_112_owning_path,planned_selected_admitted_executed_terminal_state_authoritative_effect_receipt,0,3,False
KA-113,Complexity Router,backend/knowledge_algorithms/ka_113_complexity_router.py,governed_request_dmrf,admission_and_routing,conditional,select_only_when_manifest_predicates_and_dependencies_match,pure_or_advisory_review_required,,api_sdk_desktop_evaluation;canonical_controller;contract_parity;providers_gateway;simulation;trace_evaluation;truthcore,tests/knowledge_algorithms/phase19/ka_113.json#positive_selector,tests/knowledge_algorithms/phase19/ka_113.json#negative_selector,tests/knowledge_algorithms/test_phase19_per_ka_semantics.py::test_ka_113_semantic_contract,tests/integration/phase19/test_governed_request_dmrf.py::test_ka_113_owning_path,planned_selected_admitted_executed_terminal_state,0,12,True
KA-114,Federated Outbox,backend/knowledge_algorithms/ka_114_federated_outbox.py,security_operations_lifecycle,security_operations_lifecycle,conditional_effect_proposal,select_only_when_manifest_predicates_and_dependencies_match,effect_oriented_review_required,operations_control_service,api_sdk_desktop_evaluation;authoritative_effect_service;canonical_controller;contract_parity;governed_request;ingestion;mcp_connectors;providers_gateway;simulation;trace_evaluation,tests/knowledge_algorithms/phase19/ka_114.json#positive_selector,tests/knowledge_algorithms/phase19/ka_114.json#negative_selector,tests/knowledge_algorithms/test_phase19_per_ka_semantics.py::test_ka_114_semantic_contract,tests/integration/phase19/test_batches_35_39.py::test_ka_114_owning_path,planned_selected_admitted_executed_terminal_state_authoritative_effect_receipt,0,2,False
KA-115,Federated Inbox,backend/knowledge_algorithms/ka_115_federated_inbox.py,security_operations_lifecycle,security_operations_lifecycle,conditional_effect_proposal,select_only_when_manifest_predicates_and_dependencies_match,effect_oriented_review_required,operations_control_service,api_sdk_desktop_evaluation;authoritative_effect_service;canonical_controller;contract_parity;governed_request;ingestion;mcp_connectors;providers_gateway;simulation;trace_evaluation,tests/knowledge_algorithms/phase19/ka_115.json#positive_selector,tests/knowledge_algorithms/phase19/ka_115.json#negative_selector,tests/knowledge_algorithms/test_phase19_per_ka_semantics.py::test_ka_115_semantic_contract,tests/integration/phase19/test_batches_35_39.py::test_ka_115_owning_path,planned_selected_admitted_executed_terminal_state_authoritative_effect_receipt,0,2,False
KA-116,Entropy Detection,backend/knowledge_algorithms/ka_116_entropy_detection.py,truthcore_l10,containment_and_release,conditional,select_only_when_manifest_predicates_and_dependencies_match,pure_or_advisory_review_required,,api_sdk_desktop_evaluation;canonical_controller;contract_parity;governed_request;knowledge_lifecycle;trace_evaluation,tests/knowledge_algorithms/phase19/ka_116.json#positive_selector,tests/knowledge_algorithms/phase19/ka_116.json#negative_selector,tests/knowledge_algorithms/test_phase19_per_ka_semantics.py::test_ka_116_semantic_contract,tests/integration/phase19/test_truthcore_l10.py::test_ka_116_owning_path,planned_selected_admitted_executed_terminal_state,0,3,False
KA-117,Knowledge Integrity Validator,backend/knowledge_algorithms/ka_117_knowledge_integrity_validator.py,truthmemory_truthlink_frost,knowledge_lifecycle,conditional,select_only_when_manifest_predicates_and_dependencies_match,pure_or_advisory_review_required,,api_sdk_desktop_evaluation;canonical_controller;contract_parity;retrieval_graph_memory;simulation;trace_evaluation;truthcore,tests/knowledge_algorithms/phase19/ka_117.json#positive_selector,tests/knowledge_algorithms/phase19/ka_117.json#negative_selector,tests/knowledge_algorithms/test_phase19_per_ka_semantics.py::test_ka_117_semantic_contract,tests/integration/phase19/test_truthmemory_truthlink_frost.py::test_ka_117_owning_path,planned_selected_admitted_executed_terminal_state,0,6,True
KA-136,Threat Model Agent,backend/knowledge_algorithms/ka_136_threat_model_agent.py,security_operations_lifecycle,security_operations_lifecycle,conditional,select_only_when_manifest_predicates_and_dependencies_match,pure_or_advisory_review_required,,api_sdk_desktop_evaluation;canonical_controller;contract_parity;governed_request;ingestion;mcp_connectors;providers_gateway;simulation;trace_evaluation,tests/knowledge_algorithms/phase19/ka_136.json#positive_selector,tests/knowledge_algorithms/phase19/ka_136.json#negative_selector,tests/knowledge_algorithms/test_phase19_per_ka_semantics.py::test_ka_136_semantic_contract,tests/integration/phase19/test_security_operations_lifecycle.py::test_ka_136_owning_path,planned_selected_admitted_executed_terminal_state,0,6,False
KA-137,Sensitive Data Discovery,backend/knowledge_algorithms/ka_137_sensitive_data_discovery.py,security_operations_lifecycle,security_operations_lifecycle,conditional,select_only_when_manifest_predicates_and_dependencies_match,pure_or_advisory_review_required,,api_sdk_desktop_evaluation;canonical_controller;contract_parity;governed_request;ingestion;mcp_connectors;providers_gateway;simulation;trace_evaluation,tests/knowledge_algorithms/phase19/ka_137.json#positive_selector,tests/knowledge_algorithms/phase19/ka_137.json#negative_selector,tests/knowledge_algorithms/test_phase19_per_ka_semantics.py::test_ka_137_semantic_contract,tests/integration/phase19/test_security_operations_lifecycle.py::test_ka_137_owning_path,planned_selected_admitted_executed_terminal_state,0,6,False
KA-138,Predictive Health,backend/knowledge_algorithms/ka_138_predictive_health.py,security_operations_lifecycle,security_operations_lifecycle,conditional,select_only_when_manifest_predicates_and_dependencies_match,pure_or_advisory_review_required,,api_sdk_desktop_evaluation;canonical_controller;contract_parity;governed_request;ingestion;mcp_connectors;providers_gateway;simulation;trace_evaluation,tests/knowledge_algorithms/phase19/ka_138.json#positive_selector,tests/knowledge_algorithms/phase19/ka_138.json#negative_selector,tests/knowledge_algorithms/test_phase19_per_ka_semantics.py::test_ka_138_semantic_contract,tests/integration/phase19/test_batches_40_43.py::test_ka_138_owning_path,planned_selected_admitted_executed_terminal_state,0,4,False
KA-139,Purple Team,backend/knowledge_algorithms/ka_139_purple_team.py,security_operations_lifecycle,security_operations_lifecycle,conditional,select_only_when_manifest_predicates_and_dependencies_match,pure_or_advisory_review_required,,api_sdk_desktop_evaluation;canonical_controller;contract_parity;governed_request;ingestion;mcp_connectors;providers_gateway;simulation;trace_evaluation,tests/knowledge_algorithms/phase19/ka_139.json#positive_selector,tests/knowledge_algorithms/phase19/ka_139.json#negative_selector,tests/knowledge_algorithms/test_phase19_per_ka_semantics.py::test_ka_139_semantic_contract,tests/integration/phase19/test_batches_40_43.py::test_ka_139_owning_path,planned_selected_admitted_executed_terminal_state,0,4,False
KA-161,Translation,backend/knowledge_algorithms/ka_161_translation.py,truthcore_l1_l5,candidate_preparation,conditional,select_only_when_manifest_predicates_and_dependencies_match,pure_or_advisory_review_required,,api_sdk_desktop_evaluation;canonical_controller;contract_parity;governed_request;refinement;simulation;trace_evaluation,tests/knowledge_algorithms/phase19/ka_161.json#positive_selector,tests/knowledge_algorithms/phase19/ka_161.json#negative_selector,tests/knowledge_algorithms/test_phase19_per_ka_semantics.py::test_ka_161_semantic_contract,tests/integration/phase19/test_batches_35_39.py::test_ka_161_owning_path,planned_selected_admitted_executed_terminal_state,0,3,False
KA-162,Paraphrasing,backend/knowledge_algorithms/ka_162_paraphrasing.py,truthcore_l1_l5,candidate_preparation,conditional,select_only_when_manifest_predicates_and_dependencies_match,pure_or_advisory_review_required,,api_sdk_desktop_evaluation;canonical_controller;contract_parity;governed_request;refinement;simulation;trace_evaluation,tests/knowledge_algorithms/phase19/ka_162.json#positive_selector,tests/knowledge_algorithms/phase19/ka_162.json#negative_selector,tests/knowledge_algorithms/test_phase19_per_ka_semantics.py::test_ka_162_semantic_contract,tests/integration/phase19/test_batches_35_39.py::test_ka_162_owning_path,planned_selected_admitted_executed_terminal_state,0,3,False
KA-163,Style Transfer,backend/knowledge_algorithms/ka_163_style_transfer.py,truthcore_l1_l5,candidate_preparation,conditional,select_only_when_manifest_predicates_and_dependencies_match,pure_or_advisory_review_required,,api_sdk_desktop_evaluation;canonical_controller;contract_parity;governed_request;refinement;simulation;trace_evaluation,tests/knowledge_algorithms/phase19/ka_163.json#positive_selector,tests/knowledge_algorithms/phase19/ka_163.json#negative_selector,tests/knowledge_algorithms/test_phase19_per_ka_semantics.py::test_ka_163_semantic_contract,tests/integration/phase19/test_batches_35_39.py::test_ka_163_owning_path,planned_selected_admitted_executed_terminal_state,0,3,False
KA-165,Topic Modeling,backend/knowledge_algorithms/ka_165_topic_modeling.py,truthcore_l1_l5,candidate_preparation,conditional,select_only_when_manifest_predicates_and_dependencies_match,pure_or_advisory_review_required,,api_sdk_desktop_evaluation;canonical_controller;contract_parity;governed_request;refinement;simulation;trace_evaluation,tests/knowledge_algorithms/phase19/ka_165.json#positive_selector,tests/knowledge_algorithms/phase19/ka_165.json#negative_selector,tests/knowledge_algorithms/test_phase19_per_ka_semantics.py::test_ka_165_semantic_contract,tests/integration/phase19/test_batches_35_39.py::test_ka_165_owning_path,planned_selected_admitted_executed_terminal_state,0,3,False
KA-167,Keyword Extraction,backend/knowledge_algorithms/ka_167_keyword_extraction.py,truthcore_l1_l5,candidate_preparation,conditional,select_only_when_manifest_predicates_and_dependencies_match,pure_or_advisory_review_required,,api_sdk_desktop_evaluation;canonical_controller;contract_parity;governed_request;refinement;simulation;trace_evaluation,tests/knowledge_algorithms/phase19/ka_167.json#positive_selector,tests/knowledge_algorithms/phase19/ka_167.json#negative_selector,tests/knowledge_algorithms/test_phase19_per_ka_semantics.py::test_ka_167_semantic_contract,tests/integration/phase19/test_batches_35_39.py::test_ka_167_owning_path,planned_selected_admitted_executed_terminal_state,0,3,False
KA-168,Explainability,backend/knowledge_algorithms/ka_168_explainability.py,truthcore_l1_l5,candidate_preparation,conditional,select_only_when_manifest_predicates_and_dependencies_match,pure_or_advisory_review_required,,api_sdk_desktop_evaluation;canonical_controller;contract_parity;governed_request;refinement;simulation;trace_evaluation,tests/knowledge_algorithms/phase19/ka_168.json#positive_selector,tests/knowledge_algorithms/phase19/ka_168.json#negative_selector,tests/knowledge_algorithms/test_phase19_per_ka_semantics.py::test_ka_168_semantic_contract,tests/integration/phase19/test_batches_35_39.py::test_ka_168_owning_path,planned_selected_admitted_executed_terminal_state,0,3,False
KA-169,Fairness Audit,backend/knowledge_algorithms/ka_169_fairness_audit.py,truthgate,entry_and_l8_policy,required_when_stage_applicable,required_for_applicable_stage_and_policy_context,pure_or_advisory_review_required,,api_sdk_desktop_evaluation;canonical_controller;contract_parity;governed_request;ingestion;mcp_connectors;providers_gateway;trace_evaluation,tests/knowledge_algorithms/phase19/ka_169.json#positive_selector,tests/knowledge_algorithms/phase19/ka_169.json#negative_selector,tests/knowledge_algorithms/test_phase19_per_ka_semantics.py::test_ka_169_semantic_contract,tests/integration/phase19/test_truthgate.py::test_ka_169_owning_path,planned_selected_admitted_executed_terminal_state,0,3,False
KA-172,Safety Check,backend/knowledge_algorithms/ka_172_safety_check.py,truthgate,entry_and_l8_policy,required_when_stage_applicable,required_for_applicable_stage_and_policy_context,pure_or_advisory_review_required,,api_sdk_desktop_evaluation;canonical_controller;contract_parity;governed_request;ingestion;mcp_connectors;providers_gateway;trace_evaluation,tests/knowledge_algorithms/phase19/ka_172.json#positive_selector,tests/knowledge_algorithms/phase19/ka_172.json#negative_selector,tests/knowledge_algorithms/test_phase19_per_ka_semantics.py::test_ka_172_semantic_contract,tests/integration/phase19/test_truthgate.py::test_ka_172_owning_path,planned_selected_admitted_executed_terminal_state,0,5,False
KA-173,Privacy Filter,backend/knowledge_algorithms/ka_173_privacy_filter.py,truthgate,entry_and_l8_policy,required_when_stage_applicable,required_for_applicable_stage_and_policy_context,pure_or_advisory_review_required,,api_sdk_desktop_evaluation;canonical_controller;contract_parity;governed_request;ingestion;mcp_connectors;providers_gateway;trace_evaluation,tests/knowledge_algorithms/phase19/ka_173.json#positive_selector,tests/knowledge_algorithms/phase19/ka_173.json#negative_selector,tests/knowledge_algorithms/test_phase19_per_ka_semantics.py::test_ka_173_semantic_contract,tests/integration/phase19/test_truthgate.py::test_ka_173_owning_path,planned_selected_admitted_executed_terminal_state,0,4,False
KA-174,Compliance Check,backend/knowledge_algorithms/ka_174_compliance_check.py,truthgate,entry_and_l8_policy,required_when_stage_applicable,required_for_applicable_stage_and_policy_context,pure_or_advisory_review_required,,api_sdk_desktop_evaluation;canonical_controller;contract_parity;governed_request;ingestion;mcp_connectors;providers_gateway;trace_evaluation,tests/knowledge_algorithms/phase19/ka_174.json#positive_selector,tests/knowledge_algorithms/phase19/ka_174.json#negative_selector,tests/knowledge_algorithms/test_phase19_per_ka_semantics.py::test_ka_174_semantic_contract,tests/integration/phase19/test_truthgate.py::test_ka_174_owning_path,planned_selected_admitted_executed_terminal_state,0,4,False
KA-175,Security Audit,backend/knowledge_algorithms/ka_175_security_audit.py,security_operations_lifecycle,security_operations_lifecycle,conditional,select_only_when_manifest_predicates_and_dependencies_match,pure_or_advisory_review_required,,api_sdk_desktop_evaluation;canonical_controller;contract_parity;governed_request;ingestion;mcp_connectors;providers_gateway;simulation;trace_evaluation,tests/knowledge_algorithms/phase19/ka_175.json#positive_selector,tests/knowledge_algorithms/phase19/ka_175.json#negative_selector,tests/knowledge_algorithms/test_phase19_per_ka_semantics.py::test_ka_175_semantic_contract,tests/integration/phase19/test_security_operations_lifecycle.py::test_ka_175_owning_path,planned_selected_admitted_executed_terminal_state,0,4,False
KA-176,Governance Validation,backend/knowledge_algorithms/ka_176_governance_validation.py,truthgate,entry_and_l8_policy,required_when_stage_applicable,required_for_applicable_stage_and_policy_context,pure_or_advisory_review_required,,api_sdk_desktop_evaluation;canonical_controller;contract_parity;governed_request;ingestion;mcp_connectors;providers_gateway;trace_evaluation,tests/knowledge_algorithms/phase19/ka_176.json#positive_selector,tests/knowledge_algorithms/phase19/ka_176.json#negative_selector,tests/knowledge_algorithms/test_phase19_per_ka_semantics.py::test_ka_176_semantic_contract,tests/integration/phase19/test_truthgate.py::test_ka_176_owning_path,planned_selected_admitted_executed_terminal_state,0,4,False
KA-177,Policy Enforcement,backend/knowledge_algorithms/ka_177_policy_enforcement.py,truthgate,entry_and_l8_policy,required_when_stage_applicable,required_for_applicable_stage_and_policy_context,effect_oriented_review_required,policy_decision_service,api_sdk_desktop_evaluation;authoritative_effect_service;canonical_controller;contract_parity;governed_request;ingestion;mcp_connectors;providers_gateway;trace_evaluation,tests/knowledge_algorithms/phase19/ka_177.json#positive_selector,tests/knowledge_algorithms/phase19/ka_177.json#negative_selector,tests/knowledge_algorithms/test_phase19_per_ka_semantics.py::test_ka_177_semantic_contract,tests/integration/phase19/test_truthgate.py::test_ka_177_owning_path,planned_selected_admitted_executed_terminal_state_authoritative_effect_receipt,0,8,False
KA-178,Identity Resolution,backend/knowledge_algorithms/ka_178_identity_resolution.py,truthcore_l1_l5,candidate_preparation,conditional,select_only_when_manifest_predicates_and_dependencies_match,pure_or_advisory_review_required,,api_sdk_desktop_evaluation;canonical_controller;contract_parity;governed_request;refinement;simulation;trace_evaluation,tests/knowledge_algorithms/phase19/ka_178.json#positive_selector,tests/knowledge_algorithms/phase19/ka_178.json#negative_selector,tests/knowledge_algorithms/test_phase19_per_ka_semantics.py::test_ka_178_semantic_contract,tests/integration/phase19/test_batches_35_39.py::test_ka_178_owning_path,planned_selected_admitted_executed_terminal_state,0,3,False
KA-179,Access Control,backend/knowledge_algorithms/ka_179_access_control.py,security_operations_lifecycle,security_operations_lifecycle,conditional_effect_proposal,select_only_when_manifest_predicates_and_dependencies_match,effect_oriented_review_required,operations_control_service,api_sdk_desktop_evaluation;authoritative_effect_service;canonical_controller;contract_parity;governed_request;ingestion;mcp_connectors;providers_gateway;simulation;trace_evaluation,tests/knowledge_algorithms/phase19/ka_179.json#positive_selector,tests/knowledge_algorithms/phase19/ka_179.json#negative_selector,tests/knowledge_algorithms/test_phase19_per_ka_semantics.py::test_ka_179_semantic_contract,tests/integration/phase19/test_security_operations_lifecycle.py::test_ka_179_owning_path,planned_selected_admitted_executed_terminal_state_authoritative_effect_receipt,0,6,False
KA-180,Encryption Manager,backend/knowledge_algorithms/ka_180_encryption_manager.py,security_operations_lifecycle,security_operations_lifecycle,conditional_effect_proposal,select_only_when_manifest_predicates_and_dependencies_match,effect_oriented_review_required,operations_control_service,api_sdk_desktop_evaluation;authoritative_effect_service;canonical_controller;contract_parity;governed_request;ingestion;mcp_connectors;providers_gateway;simulation;trace_evaluation,tests/knowledge_algorithms/phase19/ka_180.json#positive_selector,tests/knowledge_algorithms/phase19/ka_180.json#negative_selector,tests/knowledge_algorithms/test_phase19_per_ka_semantics.py::test_ka_180_semantic_contract,tests/integration/phase19/test_batches_40_43.py::test_ka_180_owning_path,planned_selected_admitted_executed_terminal_state_authoritative_effect_receipt,0,3,False
KA-181,Key Management,backend/knowledge_algorithms/ka_181_key_management.py,security_operations_lifecycle,security_operations_lifecycle,conditional_effect_proposal,select_only_when_manifest_predicates_and_dependencies_match,effect_oriented_review_required,operations_control_service,api_sdk_desktop_evaluation;authoritative_effect_service;canonical_controller;contract_parity;governed_request;ingestion;mcp_connectors;providers_gateway;simulation;trace_evaluation,tests/knowledge_algorithms/phase19/ka_181.json#positive_selector,tests/knowledge_algorithms/phase19/ka_181.json#negative_selector,tests/knowledge_algorithms/test_phase19_per_ka_semantics.py::test_ka_181_semantic_contract,tests/integration/phase19/test_batches_40_43.py::test_ka_181_owning_path,planned_selected_admitted_executed_terminal_state_authoritative_effect_receipt,0,3,False
KA-182,Threat Detection,backend/knowledge_algorithms/ka_182_threat_detection.py,security_operations_lifecycle,security_operations_lifecycle,conditional,select_only_when_manifest_predicates_and_dependencies_match,pure_or_advisory_review_required,,api_sdk_desktop_evaluation;canonical_controller;contract_parity;governed_request;ingestion;mcp_connectors;providers_gateway;simulation;trace_evaluation,tests/knowledge_algorithms/phase19/ka_182.json#positive_selector,tests/knowledge_algorithms/phase19/ka_182.json#negative_selector,tests/knowledge_algorithms/test_phase19_per_ka_semantics.py::test_ka_182_semantic_contract,tests/integration/phase19/test_security_operations_lifecycle.py::test_ka_182_owning_path,planned_selected_admitted_executed_terminal_state,0,4,False
KA-183,Vulnerability Scanning,backend/knowledge_algorithms/ka_183_vulnerability_scanning.py,security_operations_lifecycle,security_operations_lifecycle,conditional,select_only_when_manifest_predicates_and_dependencies_match,pure_or_advisory_review_required,,api_sdk_desktop_evaluation;canonical_controller;contract_parity;governed_request;ingestion;mcp_connectors;providers_gateway;simulation;trace_evaluation,tests/knowledge_algorithms/phase19/ka_183.json#positive_selector,tests/knowledge_algorithms/phase19/ka_183.json#negative_selector,tests/knowledge_algorithms/test_phase19_per_ka_semantics.py::test_ka_183_semantic_contract,tests/integration/phase19/test_batches_40_43.py::test_ka_183_owning_path,planned_selected_admitted_executed_terminal_state,0,3,False
KA-184,Incident Response,backend/knowledge_algorithms/ka_184_incident_response.py,security_operations_lifecycle,security_operations_lifecycle,conditional_effect_proposal,select_only_when_manifest_predicates_and_dependencies_match,effect_oriented_review_required,operations_control_service,api_sdk_desktop_evaluation;authoritative_effect_service;canonical_controller;contract_parity;governed_request;ingestion;mcp_connectors;providers_gateway;simulation;trace_evaluation,tests/knowledge_algorithms/phase19/ka_184.json#positive_selector,tests/knowledge_algorithms/phase19/ka_184.json#negative_selector,tests/knowledge_algorithms/test_phase19_per_ka_semantics.py::test_ka_184_semantic_contract,tests/integration/phase19/test_security_operations_lifecycle.py::test_ka_184_owning_path,planned_selected_admitted_executed_terminal_state_authoritative_effect_receipt,0,4,False
KA-Master,KA Master Controller,backend/knowledge_algorithms/ka_master_controller.py,governed_request_dmrf,admission_and_routing,conditional,select_only_when_manifest_predicates_and_dependencies_match,pure_or_advisory_review_required,,api_sdk_desktop_evaluation;canonical_controller;contract_parity;providers_gateway;simulation;trace_evaluation;truthcore,tests/knowledge_algorithms/phase19/ka_master.json#positive_selector,tests/knowledge_algorithms/phase19/ka_master.json#negative_selector,tests/knowledge_algorithms/test_phase19_per_ka_semantics.py::test_ka_master_semantic_contract,tests/integration/phase19/test_governed_request_dmrf.py::test_ka_master_owning_path,planned_selected_admitted_executed_terminal_state,0,4,False
L10-KA-001,Entropy Scorer,backend/knowledge_algorithms/l10/l10_ka_001_entropy_scorer.py,truthcore_l10,containment_and_release,required_when_stage_applicable,required_for_applicable_stage_and_policy_context,pure_or_advisory_review_required,,api_sdk_desktop_evaluation;canonical_controller;contract_parity;governed_request;knowledge_lifecycle;trace_evaluation,tests/knowledge_algorithms/phase19/l10_ka_001.json#positive_selector,tests/knowledge_algorithms/phase19/l10_ka_001.json#negative_selector,tests/knowledge_algorithms/test_phase19_per_ka_semantics.py::test_l10_ka_001_semantic_contract,tests/integration/phase19/test_truthcore_batches_30_34.py::test_l10_ka_001_owning_path,planned_selected_admitted_executed_terminal_state,0,4,True
L10-KA-002,Self Awareness,backend/knowledge_algorithms/l10/l10_ka_002_self_awareness.py,truthcore_l10,containment_and_release,required_when_stage_applicable,required_for_applicable_stage_and_policy_context,pure_or_advisory_review_required,,api_sdk_desktop_evaluation;canonical_controller;contract_parity;governed_request;knowledge_lifecycle;trace_evaluation,tests/knowledge_algorithms/phase19/l10_ka_002.json#positive_selector,tests/knowledge_algorithms/phase19/l10_ka_002.json#negative_selector,tests/knowledge_algorithms/test_phase19_per_ka_semantics.py::test_l10_ka_002_semantic_contract,tests/integration/phase19/test_truthcore_batches_30_34.py::test_l10_ka_002_owning_path,planned_selected_admitted_executed_terminal_state,0,4,True
L10-KA-003,PII Redactor,backend/knowledge_algorithms/l10/l10_ka_003_pii_redactor.py,truthcore_l10,containment_and_release,required_when_stage_applicable,required_for_applicable_stage_and_policy_context,pure_or_advisory_review_required,,api_sdk_desktop_evaluation;canonical_controller;contract_parity;governed_request;knowledge_lifecycle;trace_evaluation,tests/knowledge_algorithms/phase19/l10_ka_003.json#positive_selector,tests/knowledge_algorithms/phase19/l10_ka_003.json#negative_selector,tests/knowledge_algorithms/test_phase19_per_ka_semantics.py::test_l10_ka_003_semantic_contract,tests/integration/phase19/test_truthcore_batches_30_34.py::test_l10_ka_003_owning_path,planned_selected_admitted_executed_terminal_state,0,5,True
L10-KA-004,Ethics Validator,backend/knowledge_algorithms/l10/l10_ka_004_ethics_validator.py,truthcore_l10,containment_and_release,required_when_stage_applicable,required_for_applicable_stage_and_policy_context,pure_or_advisory_review_required,,api_sdk_desktop_evaluation;canonical_controller;contract_parity;governed_request;knowledge_lifecycle;trace_evaluation,tests/knowledge_algorithms/phase19/l10_ka_004.json#positive_selector,tests/knowledge_algorithms/phase19/l10_ka_004.json#negative_selector,tests/knowledge_algorithms/test_phase19_per_ka_semantics.py::test_l10_ka_004_semantic_contract,tests/integration/phase19/test_truthcore_batches_30_34.py::test_l10_ka_004_owning_path,planned_selected_admitted_executed_terminal_state,0,5,True
L10-KA-005,Containment,backend/knowledge_algorithms/l10/l10_ka_005_containment.py,truthcore_l10,containment_and_release,required_when_stage_applicable,required_for_applicable_stage_and_policy_context,pure_or_advisory_review_required,,api_sdk_desktop_evaluation;canonical_controller;contract_parity;governed_request;knowledge_lifecycle;trace_evaluation,tests/knowledge_algorithms/phase19/l10_ka_005.json#positive_selector,tests/knowledge_algorithms/phase19/l10_ka_005.json#negative_selector,tests/knowledge_algorithms/test_phase19_per_ka_semantics.py::test_l10_ka_005_semantic_contract,tests/integration/phase19/test_truthcore_batches_30_34.py::test_l10_ka_005_owning_path,planned_selected_admitted_executed_terminal_state,0,5,True
L10-KA-006,Layer-10 Belief-Decay Trust Gate,backend/knowledge_algorithms/l10/l10_ka_006_trust_gate.py,truthcore_l10,containment_and_release,required_when_stage_applicable,required_for_applicable_stage_and_policy_context,pure_or_advisory_review_required,,api_sdk_desktop_evaluation;canonical_controller;contract_parity;governed_request;knowledge_lifecycle;trace_evaluation,tests/knowledge_algorithms/phase19/l10_ka_006.json#positive_selector,tests/knowledge_algorithms/phase19/l10_ka_006.json#negative_selector,tests/knowledge_algorithms/test_phase19_per_ka_semantics.py::test_l10_ka_006_semantic_contract,tests/integration/phase19/test_truthcore_batches_30_34.py::test_l10_ka_006_owning_path,planned_selected_admitted_executed_terminal_state,0,8,True
L10-KA-007,Escalation Router,backend/knowledge_algorithms/l10/l10_ka_007_escalation_router.py,truthcore_l10,containment_and_release,required_when_stage_applicable,required_for_applicable_stage_and_policy_context,pure_or_advisory_review_required,,api_sdk_desktop_evaluation;canonical_controller;contract_parity;governed_request;knowledge_lifecycle;trace_evaluation,tests/knowledge_algorithms/phase19/l10_ka_007.json#positive_selector,tests/knowledge_algorithms/phase19/l10_ka_007.json#negative_selector,tests/knowledge_algorithms/test_phase19_per_ka_semantics.py::test_l10_ka_007_semantic_contract,tests/integration/phase19/test_truthcore_batches_30_34.py::test_l10_ka_007_owning_path,planned_selected_admitted_executed_terminal_state,0,7,True
L9-KA-001,Trace Analyzer,backend/knowledge_algorithms/l9/l9_ka_001_trace_analyzer.py,truthcore_l9,meta_evaluation_and_loop_control,required_when_stage_applicable,required_for_applicable_stage_and_policy_context,pure_or_advisory_review_required,,api_sdk_desktop_evaluation;canonical_controller;contract_parity;governed_request;refinement;trace_evaluation;truthcore_l10,tests/knowledge_algorithms/phase19/l9_ka_001.json#positive_selector,tests/knowledge_algorithms/phase19/l9_ka_001.json#negative_selector,tests/knowledge_algorithms/test_phase19_per_ka_semantics.py::test_l9_ka_001_semantic_contract,tests/integration/phase19/test_truthcore_batches_30_34.py::test_l9_ka_001_owning_path,planned_selected_admitted_executed_terminal_state,0,10,True
L9-KA-002,Belief Drift,backend/knowledge_algorithms/l9/l9_ka_002_belief_drift.py,truthcore_l9,meta_evaluation_and_loop_control,required_when_stage_applicable,required_for_applicable_stage_and_policy_context,pure_or_advisory_review_required,,api_sdk_desktop_evaluation;canonical_controller;contract_parity;governed_request;refinement;trace_evaluation;truthcore_l10,tests/knowledge_algorithms/phase19/l9_ka_002.json#positive_selector,tests/knowledge_algorithms/phase19/l9_ka_002.json#negative_selector,tests/knowledge_algorithms/test_phase19_per_ka_semantics.py::test_l9_ka_002_semantic_contract,tests/integration/phase19/test_truthcore_batches_30_34.py::test_l9_ka_002_owning_path,planned_selected_admitted_executed_terminal_state,0,6,True
L9-KA-003,Persona Auditor,backend/knowledge_algorithms/l9/l9_ka_003_persona_auditor.py,truthcore_l9,meta_evaluation_and_loop_control,required_when_stage_applicable,required_for_applicable_stage_and_policy_context,pure_or_advisory_review_required,,api_sdk_desktop_evaluation;canonical_controller;contract_parity;governed_request;refinement;trace_evaluation;truthcore_l10,tests/knowledge_algorithms/phase19/l9_ka_003.json#positive_selector,tests/knowledge_algorithms/phase19/l9_ka_003.json#negative_selector,tests/knowledge_algorithms/test_phase19_per_ka_semantics.py::test_l9_ka_003_semantic_contract,tests/integration/phase19/test_truthcore_batches_30_34.py::test_l9_ka_003_owning_path,planned_selected_admitted_executed_terminal_state,0,5,True
L9-KA-004,Meta Evaluator,backend/knowledge_algorithms/l9/l9_ka_004_meta_evaluator.py,truthcore_l9,meta_evaluation_and_loop_control,required_when_stage_applicable,required_for_applicable_stage_and_policy_context,pure_or_advisory_review_required,,api_sdk_desktop_evaluation;canonical_controller;contract_parity;governed_request;refinement;trace_evaluation;truthcore_l10,tests/knowledge_algorithms/phase19/l9_ka_004.json#positive_selector,tests/knowledge_algorithms/phase19/l9_ka_004.json#negative_selector,tests/knowledge_algorithms/test_phase19_per_ka_semantics.py::test_l9_ka_004_semantic_contract,tests/integration/phase19/test_truthcore_batches_30_34.py::test_l9_ka_004_owning_path,planned_selected_admitted_executed_terminal_state,0,5,True
L9-KA-005,Recursion Trigger,backend/knowledge_algorithms/l9/l9_ka_005_recursion_trigger.py,truthcore_l9,meta_evaluation_and_loop_control,required_when_stage_applicable,required_for_applicable_stage_and_policy_context,pure_or_advisory_review_required,,api_sdk_desktop_evaluation;canonical_controller;contract_parity;governed_request;refinement;trace_evaluation;truthcore_l10,tests/knowledge_algorithms/phase19/l9_ka_005.json#positive_selector,tests/knowledge_algorithms/phase19/l9_ka_005.json#negative_selector,tests/knowledge_algorithms/test_phase19_per_ka_semantics.py::test_l9_ka_005_semantic_contract,tests/integration/phase19/test_truthcore_batches_30_34.py::test_l9_ka_005_owning_path,planned_selected_admitted_executed_terminal_state,0,7,True
L9-KA-006,Confidence Calc,backend/knowledge_algorithms/l9/l9_ka_006_confidence_calc.py,truthcore_l9,meta_evaluation_and_loop_control,required_when_stage_applicable,required_for_applicable_stage_and_policy_context,pure_or_advisory_review_required,,api_sdk_desktop_evaluation;canonical_controller;contract_parity;governed_request;refinement;trace_evaluation;truthcore_l10,tests/knowledge_algorithms/phase19/l9_ka_006.json#positive_selector,tests/knowledge_algorithms/phase19/l9_ka_006.json#negative_selector,tests/knowledge_algorithms/test_phase19_per_ka_semantics.py::test_l9_ka_006_semantic_contract,tests/integration/phase19/test_truthcore_batches_30_34.py::test_l9_ka_006_owning_path,planned_selected_admitted_executed_terminal_state,0,5,True
L9-KA-007,Loop Controller,backend/knowledge_algorithms/l9/l9_ka_007_loop_controller.py,truthcore_l9,meta_evaluation_and_loop_control,required_when_stage_applicable,required_for_applicable_stage_and_policy_context,pure_or_advisory_review_required,,api_sdk_desktop_evaluation;canonical_controller;contract_parity;governed_request;refinement;trace_evaluation;truthcore_l10,tests/knowledge_algorithms/phase19/l9_ka_007.json#positive_selector,tests/knowledge_algorithms/phase19/l9_ka_007.json#negative_selector,tests/knowledge_algorithms/test_phase19_per_ka_semantics.py::test_l9_ka_007_semantic_contract,tests/integration/phase19/test_truthcore_batches_30_34.py::test_l9_ka_007_owning_path,planned_selected_admitted_executed_terminal_state,0,6,True
