Path,Size_Bytes,Extension,Last_Modified
.coverage,114688,,2026-02-04 00:17:27
.env,4608,,2026-01-28 23:50:54
.env.template,8449,.template,2026-01-14 20:39:09
.eslintrc.json,43,.json,2026-01-05 17:00:27
.gitignore,739,,2026-01-06 16:20:48
app.py,21766,.py,2026-01-31 22:06:40
backend.spec,2188,.spec,2026-02-02 13:03:02
backend_test.log,34650,.log,2026-02-02 19:51:58
CHANGELOG.md,22321,.md,2026-02-02 22:38:33
CODE_OF_CONDUCT.md,5663,.md,2026-01-05 17:00:29
COMMERCIAL_LICENSE.md,855,.md,2026-01-15 19:51:58
CONTRIBUTING.md,11038,.md,2026-01-15 19:51:58
coverage.json,1391518,.json,2026-02-04 00:17:53
docker-compose.yml,1486,.yml,2026-01-08 16:01:17
Dockerfile.cloud,2017,.cloud,2026-01-29 21:45:37
extensions.py,2138,.py,2026-01-30 10:49:39
extract_cov.py,364,.py,2026-02-03 23:32:07
LICENSE,6481,,2026-01-15 19:51:58
main.py,2136,.py,2026-01-28 00:00:22
models.py,93091,.py,2026-02-03 15:58:39
pyproject.toml,1628,.toml,2026-02-03 23:43:05
README.md,6754,.md,2026-02-04 00:35:25
run_test_suite.py,2271,.py,2026-02-03 23:43:07
SECURITY.md,10746,.md,2026-02-03 11:25:58
TESTING.md,2914,.md,2026-02-04 00:32:14
uv.lock,134101,.lock,2026-01-05 17:00:29
verify_models_schema.py,363,.py,2026-01-29 00:42:01
wsgi.py,549,.py,2026-01-08 17:26:16
.github\pull_request_template.md,4127,.md,2026-01-05 17:00:27
.github\ISSUE_TEMPLATE\bug_report.yml,3041,.yml,2026-01-05 17:00:27
.github\ISSUE_TEMPLATE\config.yml,508,.yml,2026-01-05 17:00:27
.github\ISSUE_TEMPLATE\feature_request.yml,3006,.yml,2026-01-05 17:00:27
.github\workflows\ci.yml,2388,.yml,2026-01-15 10:24:05
.github\workflows\deploy.yml,2773,.yml,2026-01-14 20:08:49
.github\workflows\security.yml,4617,.yml,2026-01-15 10:22:28
.vscode\extensions.json,110,.json,2026-01-15 19:51:47
archive\.replit,13347,,2026-01-05 17:00:29
archive\coverage_audit_75.txt,31751,.txt,2026-02-03 22:57:06
archive\coverage_breakdown.txt,38930,.txt,2026-02-03 23:39:40
archive\coverage_core.txt,45702,.txt,2026-01-31 23:27:52
archive\coverage_expanded.txt,164918,.txt,2026-02-01 09:45:10
archive\coverage_final.txt,499,.txt,2026-02-01 09:36:22
archive\coverage_results.txt,38063,.txt,2026-01-31 23:26:52
archive\debug_ukg_tests.txt,35326,.txt,2026-02-03 20:04:58
archive\exe_list.txt,468,.txt,2026-01-31 16:05:27
archive\failures.txt,62571,.txt,2026-01-31 21:19:59
archive\FILE_STRUCTURE_MAP.txt,2171038,.txt,2026-02-03 16:18:30
archive\final_coverage.txt,196798,.txt,2026-02-03 20:41:32
archive\final_unified_coverage_breakdown.txt,38922,.txt,2026-02-03 23:47:32
archive\full_coverage.txt,537446,.txt,2026-02-03 19:24:05
archive\full_coverage_55_retry.txt,80699,.txt,2026-02-03 20:09:13
archive\full_coverage_55_sprint.txt,69702,.txt,2026-02-03 20:07:45
archive\full_coverage_final.txt,48374,.txt,2026-02-03 19:35:19
archive\full_coverage_refactor_check.txt,69704,.txt,2026-02-03 20:18:43
archive\full_coverage_sprint.txt,48526,.txt,2026-02-03 19:52:11
archive\FULL_FILE_INVENTORY.csv,4189001,.csv,2026-02-03 16:18:29
archive\gateway_failures.txt,37396,.txt,2026-02-02 12:56:38
archive\inventory_report.json,28948,.json,2026-01-31 22:23:16
archive\ka_failures.txt,170243,.txt,2026-02-03 23:49:14
archive\models_isolation_check.txt,32460,.txt,2026-02-03 20:19:48
archive\phase1_failures.txt,179192,.txt,2026-01-31 16:39:30
archive\phase1_failures_2.txt,124836,.txt,2026-01-31 16:43:19
archive\phase1_failures_3.txt,102145,.txt,2026-01-31 16:48:50
archive\replit.md,4557,.md,2026-01-05 17:00:29
archive\replit_auth.py,14882,.py,2026-01-05 17:00:29
archive\requirements-enterprise.txt,213,.txt,2026-01-05 17:00:29
archive\requirements-phase1.txt,562,.txt,2026-01-05 17:00:29
archive\simulation_profile.html,88182,.html,2026-01-29 15:12:12
archive\test_log.txt,88421,.txt,2026-01-31 16:33:29
archive\test_log_2.txt,75500,.txt,2026-01-31 16:36:49
archive\test_results.txt,166744,.txt,2026-02-01 09:54:04
archive\test_results_2.txt,39853,.txt,2026-02-01 20:03:49
archive\test_results_3.txt,39045,.txt,2026-02-01 20:05:53
archive\test_run_debug.txt,4136,.txt,2026-01-31 23:21:04
archive\ukg_api_traceback.txt,43500,.txt,2026-02-03 20:39:30
archive\audit_scripts\all_ka_specs.txt,12095,.txt,2026-01-10 22:49:00
archive\audit_scripts\audit_ka_suite.py,2533,.py,2026-01-10 22:47:06
archive\audit_scripts\audit_report.txt,0,.txt,2026-01-10 22:45:58
archive\audit_scripts\audit_results.md,210,.md,2026-01-10 22:51:17
archive\audit_scripts\dump_all_specs.py,790,.py,2026-01-10 22:48:55
archive\audit_scripts\find_batch_c_kas.py,897,.py,2026-01-10 22:30:40
archive\audit_scripts\read_low_ids.py,602,.py,2026-01-10 22:47:51
archive\one-offs\test_all_imports.py,2804,.py,2026-01-28 11:29:29
archive\one-offs\verify_production_libs.py,1360,.py,2026-01-28 18:07:37
archive\output_logs\e2e_error.log,688,.log,2026-01-10 21:56:14
archive\output_logs\final_regression_output.txt,84886,.txt,2026-01-10 23:42:12
archive\output_logs\flow_output.txt,38450,.txt,2026-01-10 23:08:35
archive\output_logs\flow_output_final.txt,37665,.txt,2026-01-10 23:12:47
archive\output_logs\flow_output_v2.txt,25921,.txt,2026-01-10 23:09:22
archive\output_logs\flow_output_v3.txt,37665,.txt,2026-01-10 23:09:44
archive\output_logs\output.txt,16006,.txt,2026-01-10 20:56:14
archive\output_logs\output2.txt,4484,.txt,2026-01-10 20:58:10
archive\output_logs\output_integ.txt,291953,.txt,2026-01-10 21:03:49
archive\output_logs\output_integ_2.txt,328087,.txt,2026-01-10 21:06:58
archive\output_logs\output_integ_final.txt,326252,.txt,2026-01-10 21:11:35
archive\output_logs\output_integ_verify.txt,326253,.txt,2026-01-10 21:16:15
archive\output_logs\output_integ_verify_final.txt,189395,.txt,2026-01-10 21:17:59
archive\output_logs\output_integ_verify_final_2.txt,189395,.txt,2026-01-10 21:19:34
archive\output_logs\output_integ_verify_final_3.txt,189395,.txt,2026-01-10 21:20:59
archive\output_logs\output_integ_verify_final_green.txt,1224,.txt,2026-01-10 21:29:51
archive\output_logs\output_integ_verify_green.txt,95115,.txt,2026-01-10 21:25:54
archive\output_logs\output_integ_verify_green_2.txt,3153,.txt,2026-01-10 21:28:06
archive\output_logs\pylint_final.txt,45021,.txt,2026-01-10 21:35:38
archive\output_logs\pylint_final_v2.txt,22656,.txt,2026-01-10 21:36:15
archive\output_logs\pylint_report.txt,330792,.txt,2026-01-10 21:30:43
archive\output_logs\verification_output.txt,16174,.txt,2026-01-10 23:30:45
archive\output_logs\verify_ka_unified_log.txt,27163,.txt,2026-01-11 12:01:10
backend\.coverage,102400,,2026-02-02 23:31:40
backend\.dockerignore,97,,2026-01-08 16:01:01
backend\.pylintrc,1395,,2026-01-10 21:35:52
backend\admin.py,1635,.py,2026-02-02 21:53:30
backend\celery_app.py,666,.py,2026-01-06 14:48:36
backend\chat.py,7688,.py,2026-01-29 00:16:41
backend\config.py,1195,.py,2026-01-30 10:33:10
backend\config_manager.py,8344,.py,2026-01-30 10:36:32
backend\contextual_api.py,3670,.py,2026-01-05 17:00:29
backend\coverage.json,1360336,.json,2026-02-03 23:11:41
backend\data_loader.py,11130,.py,2026-01-05 17:00:29
backend\decorators.py,2954,.py,2026-01-05 17:00:29
backend\Dockerfile,1014,,2026-01-08 16:00:57
backend\email_service.py,4589,.py,2026-01-06 20:31:06
backend\enterprise_architecture.py,8640,.py,2026-01-05 17:00:29
backend\export_service.py,7480,.py,2026-02-03 11:53:16
backend\graphql_schema.py,9635,.py,2026-02-03 22:42:39
backend\honeycomb_api.py,6037,.py,2026-01-05 17:00:29
backend\i18n.py,3102,.py,2026-01-06 20:33:15
backend\init_db.py,9974,.py,2026-01-05 17:00:29
backend\location_context_engine.py,855,.py,2026-02-01 09:43:55
backend\logging_config.py,6175,.py,2026-01-30 10:26:39
backend\methods_api.py,9885,.py,2026-01-05 17:00:29
backend\persona_api.py,6475,.py,2026-01-27 21:53:33
backend\pillar_api.py,8267,.py,2026-01-27 21:53:38
backend\regulatory_api.py,14770,.py,2026-01-27 21:53:54
backend\rest_api.py,9763,.py,2026-01-05 17:00:29
backend\retention_service.py,10809,.py,2026-01-29 00:12:33
backend\search_service.py,6389,.py,2026-01-06 20:31:31
backend\security_api.py,7955,.py,2026-01-05 17:00:29
backend\security_scan_api.py,8202,.py,2026-01-05 17:00:29
backend\seed_data.py,12826,.py,2026-01-09 16:40:35
backend\time_api.py,13983,.py,2026-01-05 17:00:29
backend\ukg_api.py,16230,.py,2026-02-02 22:02:08
backend\ukg_db.py,42456,.py,2026-02-03 20:13:57
backend\unified_mapping_api.py,7543,.py,2026-01-05 17:00:29
backend\websocket.py,4163,.py,2026-01-06 20:31:30
backend\__init__.py,3254,.py,2026-02-02 22:09:39
backend\api\ka_management.py,15256,.py,2026-01-16 02:10:23
backend\api\specs\ukg_api_v3_2.yaml,116157,.yaml,2026-01-05 13:54:50
backend\api_gateway\api_gateway.py,7889,.py,2026-01-05 17:00:29
backend\api_gateway\unified_middleware.py,6561,.py,2026-02-03 16:08:29
backend\auth\api_decorators.py,2839,.py,2026-02-02 21:59:45
backend\auth\sso.py,2774,.py,2026-01-08 17:59:51
backend\auth\windows_identity.py,1495,.py,2026-01-16 03:19:28
backend\auth\__init__.py,0,.py,2026-01-08 17:09:47
backend\config\settings.py,6639,.py,2026-01-27 22:20:49
backend\config\__init__.py,161,.py,2026-01-27 22:20:49
backend\core\rag_sanitizer.py,1746,.py,2026-01-15 11:07:32
backend\core\resilience_router.py,3502,.py,2026-01-15 10:36:39
backend\data\security\keys\dek_registry.json,503,.json,2026-02-02 23:31:40
backend\data\security\keys\kek.salt,32,.salt,2026-02-02 23:20:03
backend\knowledge_algorithms\ka_01_algorithm_of_thought.py,3743,.py,2026-01-15 00:55:02
backend\knowledge_algorithms\ka_02_tree_of_thought.py,3331,.py,2026-01-15 00:55:18
backend\knowledge_algorithms\ka_03_gap_analysis.py,3056,.py,2026-01-15 00:55:32
backend\knowledge_algorithms\ka_04_input_validation__normalization.py,4768,.py,2026-01-15 00:55:50
backend\knowledge_algorithms\ka_05_query_classification.py,6072,.py,2026-01-28 23:25:09
backend\knowledge_algorithms\ka_06_deep_planning.py,3124,.py,2026-01-15 00:56:21
backend\knowledge_algorithms\ka_07_recursive_reasoning_control.py,3763,.py,2026-01-15 00:56:37
backend\knowledge_algorithms\ka_08_self_critique__reflection.py,3901,.py,2026-01-15 00:56:55
backend\knowledge_algorithms\ka_09_evidence_validation.py,3882,.py,2026-01-15 00:57:18
backend\knowledge_algorithms\ka_100_optimization.py,2331,.py,2026-01-15 01:27:21
backend\knowledge_algorithms\ka_101_environment_management.py,2274,.py,2026-02-02 21:27:34
backend\knowledge_algorithms\ka_102_dependency_injection.py,2241,.py,2026-01-15 01:28:23
backend\knowledge_algorithms\ka_103_service_mesh.py,2210,.py,2026-01-15 01:28:29
backend\knowledge_algorithms\ka_104_load_balancing.py,2239,.py,2026-01-15 01:28:37
backend\knowledge_algorithms\ka_105_scalability_manager.py,2642,.py,2026-01-15 01:28:38
backend\knowledge_algorithms\ka_106_fault_tolerance.py,2910,.py,2026-02-02 13:00:15
backend\knowledge_algorithms\ka_107_disaster_recovery.py,2872,.py,2026-02-02 13:00:17
backend\knowledge_algorithms\ka_108_backup_strategy.py,2202,.py,2026-01-15 01:29:15
backend\knowledge_algorithms\ka_109_system_health.py,2185,.py,2026-01-15 01:29:21
backend\knowledge_algorithms\ka_10_bias_detection.py,3152,.py,2026-01-15 00:57:33
backend\knowledge_algorithms\ka_110_integration_bus.py,2218,.py,2026-01-15 01:29:23
backend\knowledge_algorithms\ka_111_api_gateway.py,2769,.py,2026-01-15 01:33:30
backend\knowledge_algorithms\ka_112_message_broker.py,1843,.py,2026-01-15 01:30:36
backend\knowledge_algorithms\ka_113_complexity_router.py,2133,.py,2026-01-15 01:30:42
backend\knowledge_algorithms\ka_114_federated_outbox.py,1898,.py,2026-01-15 07:30:59
backend\knowledge_algorithms\ka_115_federated_inbox.py,1929,.py,2026-02-02 21:29:51
backend\knowledge_algorithms\ka_116_entropy_detection.py,1894,.py,2026-01-15 01:31:14
backend\knowledge_algorithms\ka_11_analytical_modeling.py,2790,.py,2026-01-15 00:57:59
backend\knowledge_algorithms\ka_12_persona_simulation.py,3873,.py,2026-01-15 07:23:12
backend\knowledge_algorithms\ka_13_persona_weighting.py,3000,.py,2026-01-15 00:58:30
backend\knowledge_algorithms\ka_14_confidence_scoring.py,3076,.py,2026-01-15 00:58:41
backend\knowledge_algorithms\ka_15_temporal_reasoning.py,3782,.py,2026-01-15 00:58:43
backend\knowledge_algorithms\ka_16_regulatory_mapping.py,2904,.py,2026-01-15 00:59:06
backend\knowledge_algorithms\ka_17_spatial_jurisdiction_mapping.py,2561,.py,2026-01-15 00:59:14
backend\knowledge_algorithms\ka_18_source_provenance.py,2496,.py,2026-01-15 00:59:15
backend\knowledge_algorithms\ka_19_knowledge_synthesis.py,3012,.py,2026-01-15 00:59:41
backend\knowledge_algorithms\ka_20_loopback_trigger.py,3166,.py,2026-01-15 00:59:43
backend\knowledge_algorithms\ka_21_emergence_detection.py,2845,.py,2026-01-15 01:00:14
backend\knowledge_algorithms\ka_22_risk_assessment.py,2842,.py,2026-01-15 01:00:24
backend\knowledge_algorithms\ka_23_belief_decay.py,3785,.py,2026-01-15 01:00:26
backend\knowledge_algorithms\ka_24_trust_gate.py,2570,.py,2026-01-15 01:00:57
backend\knowledge_algorithms\ka_25_dependency_mapping.py,2237,.py,2026-01-15 01:01:08
backend\knowledge_algorithms\ka_26_contradiction_detection.py,3576,.py,2026-02-02 21:36:16
backend\knowledge_algorithms\ka_27_ethical_impact_analysis.py,2734,.py,2026-01-15 01:01:37
backend\knowledge_algorithms\ka_28_point_of_view_expansion.py,3029,.py,2026-01-15 01:01:44
backend\knowledge_algorithms\ka_29_knowledge_expansion.py,2455,.py,2026-01-15 01:01:51
backend\knowledge_algorithms\ka_30_conflict_resolution.py,5435,.py,2026-01-15 07:22:36
backend\knowledge_algorithms\ka_31_algorithm_selection_engine.py,2921,.py,2026-01-15 01:02:29
backend\knowledge_algorithms\ka_32_simulation_orchestration_controller.py,2745,.py,2026-01-15 01:02:37
backend\knowledge_algorithms\ka_33_reserved_expansion_slot.py,907,.py,2026-02-02 21:30:54
backend\knowledge_algorithms\ka_34_adversarial_reasoning.py,2833,.py,2026-01-15 01:02:39
backend\knowledge_algorithms\ka_35_bayesian_gap_imputation.py,2503,.py,2026-01-15 01:03:10
backend\knowledge_algorithms\ka_36_complexity_estimator.py,1423,.py,2026-02-02 21:15:37
backend\knowledge_algorithms\ka_37_resource_allocator.py,1382,.py,2026-02-02 21:15:37
backend\knowledge_algorithms\ka_38_consensus_engine.py,5568,.py,2026-01-15 07:22:11
backend\knowledge_algorithms\ka_39_anomaly_detection.py,1553,.py,2026-02-02 21:16:08
backend\knowledge_algorithms\ka_40_hypothesis_generation.py,1465,.py,2026-02-02 21:16:08
backend\knowledge_algorithms\ka_41_abductive_reasoning.py,1904,.py,2026-01-15 07:24:31
backend\knowledge_algorithms\ka_42_counterfactual_simulator.py,1457,.py,2026-02-02 21:15:37
backend\knowledge_algorithms\ka_43_causal_inference.py,1440,.py,2026-02-02 21:16:08
backend\knowledge_algorithms\ka_44_analogical_mapping.py,1470,.py,2026-02-02 21:15:37
backend\knowledge_algorithms\ka_45_pattern_recognition.py,1416,.py,2026-02-02 21:16:08
backend\knowledge_algorithms\ka_46_trend_analysis.py,1368,.py,2026-02-02 21:16:08
backend\knowledge_algorithms\ka_47_sentiment_analysis.py,1564,.py,2026-02-02 21:15:37
backend\knowledge_algorithms\ka_48_entity_extraction.py,1457,.py,2026-02-02 21:16:08
backend\knowledge_algorithms\ka_49_relation_extraction.py,1576,.py,2026-02-02 21:16:08
backend\knowledge_algorithms\ka_50_knowledge_integrity_validator.py,3202,.py,2026-01-15 01:05:28
backend\knowledge_algorithms\ka_50_summarization.py,1367,.py,2026-02-02 21:15:37
backend\knowledge_algorithms\ka_51_self_correcting_knowledge_distillation.py,2716,.py,2026-01-15 01:06:01
backend\knowledge_algorithms\ka_52_temporal_knowledge_evolution.py,3024,.py,2026-01-15 01:06:24
backend\knowledge_algorithms\ka_53_dynamic_knowledge_compression.py,2742,.py,2026-01-15 01:06:32
backend\knowledge_algorithms\ka_54_cross_lingual_knowledge_fusion.py,2919,.py,2026-01-15 01:06:34
backend\knowledge_algorithms\ka_55_adaptive_multi_modal_integration.py,3096,.py,2026-01-15 01:06:58
backend\knowledge_algorithms\ka_56_narrative_explainability_engine.py,2840,.py,2026-01-15 01:07:05
backend\knowledge_algorithms\ka_57_persona_emotion_adaptation.py,2601,.py,2026-01-15 01:07:08
backend\knowledge_algorithms\ka_58_interactive_clarification_learning.py,3268,.py,2026-01-15 01:07:31
backend\knowledge_algorithms\ka_59_predictive_layer_preemption.py,2469,.py,2026-01-15 01:07:39
backend\knowledge_algorithms\ka_60_cognitive_load_balancer.py,2923,.py,2026-01-15 01:07:41
backend\knowledge_algorithms\ka_61_adversarial_input_shield.py,3119,.py,2026-02-02 13:00:07
backend\knowledge_algorithms\ka_62_decentralized_trust_scoring.py,3208,.py,2026-02-02 13:00:09
backend\knowledge_algorithms\ka_63_continuous_performance_learning.py,2993,.py,2026-01-15 01:08:33
backend\knowledge_algorithms\ka_64_failure_pattern_detection.py,2651,.py,2026-02-02 21:16:08
backend\knowledge_algorithms\ka_65_knowledge_regression_tester.py,2900,.py,2026-01-15 01:08:41
backend\knowledge_algorithms\ka_66_causal_inference_engine.py,2677,.py,2026-01-15 01:09:06
backend\knowledge_algorithms\ka_67_analogical_reasoning_engine.py,2899,.py,2026-01-15 01:09:12
backend\knowledge_algorithms\ka_68_domain_specialization_tuner.py,2417,.py,2026-01-15 01:09:19
backend\knowledge_algorithms\ka_69_cultural_context_adapter.py,2458,.py,2026-02-02 21:16:08
backend\knowledge_algorithms\ka_70_counterfactual_scenario_simulator.py,2791,.py,2026-01-15 01:09:28
backend\knowledge_algorithms\ka_71_data_ingestion.py,3492,.py,2026-02-02 13:00:11
backend\knowledge_algorithms\ka_72_data_cleaning.py,2474,.py,2026-01-15 01:21:08
backend\knowledge_algorithms\ka_73_data_transformation.py,2612,.py,2026-01-15 01:21:17
backend\knowledge_algorithms\ka_74_data_validation.py,4109,.py,2026-02-02 13:00:13
backend\knowledge_algorithms\ka_75_schema_mapping.py,2624,.py,2026-01-15 01:21:26
backend\knowledge_algorithms\ka_76_entity_resolution.py,2877,.py,2026-01-15 01:21:46
backend\knowledge_algorithms\ka_77_data_enrichment.py,2546,.py,2026-01-15 01:21:53
backend\knowledge_algorithms\ka_78_data_archival.py,2433,.py,2026-01-15 01:21:59
backend\knowledge_algorithms\ka_79_data_retrieval.py,2292,.py,2026-01-15 01:22:06
backend\knowledge_algorithms\ka_80_cache_management.py,2380,.py,2026-01-15 01:22:08
backend\knowledge_algorithms\ka_81_model_training.py,2529,.py,2026-01-15 01:23:27
backend\knowledge_algorithms\ka_82_model_evaluation.py,2392,.py,2026-01-15 01:23:34
backend\knowledge_algorithms\ka_83_model_deployment.py,2456,.py,2026-01-15 01:23:40
backend\knowledge_algorithms\ka_84_model_monitoring.py,2536,.py,2026-01-15 01:23:46
backend\knowledge_algorithms\ka_85_feature_engineering.py,2310,.py,2026-01-15 01:23:48
backend\knowledge_algorithms\ka_86_hyperparameter_tuning.py,2646,.py,2026-01-31 21:21:00
backend\knowledge_algorithms\ka_87_model_versioning.py,2171,.py,2026-01-15 01:24:14
backend\knowledge_algorithms\ka_88_ab_testing.py,2215,.py,2026-01-15 01:24:21
backend\knowledge_algorithms\ka_89_model_pruning.py,2319,.py,2026-01-15 01:24:27
backend\knowledge_algorithms\ka_90_model_quantization.py,2385,.py,2026-01-15 01:24:29
backend\knowledge_algorithms\ka_91_visualization.py,2356,.py,2026-01-15 01:26:29
backend\knowledge_algorithms\ka_92_dashboarding.py,2347,.py,2026-01-15 01:26:35
backend\knowledge_algorithms\ka_93_notification.py,2312,.py,2026-01-15 01:26:41
backend\knowledge_algorithms\ka_94_reporting.py,2311,.py,2026-01-15 01:26:47
backend\knowledge_algorithms\ka_95_alerting.py,2224,.py,2026-01-15 01:26:49
backend\knowledge_algorithms\ka_96_logging.py,2401,.py,2026-01-15 01:27:00
backend\knowledge_algorithms\ka_97_auditing.py,2254,.py,2026-01-15 01:27:07
backend\knowledge_algorithms\ka_98_profiling.py,2247,.py,2026-01-15 01:27:13
backend\knowledge_algorithms\ka_99_debugging.py,2280,.py,2026-01-15 01:27:19
backend\knowledge_algorithms\ka_master_controller.py,5627,.py,2026-01-16 02:11:15
backend\knowledge_algorithms\ka_registry.yaml,9270,.yaml,2026-01-16 02:16:32
backend\knowledge_algorithms\__init__.py,226,.py,2026-01-05 17:00:29
backend\knowledge_algorithms\config\ka_01_config.json,1188,.json,2026-01-15 00:06:33
backend\knowledge_algorithms\config\ka_02_config.json,114,.json,2026-01-15 00:07:07
backend\knowledge_algorithms\config\ka_03_config.json,185,.json,2026-01-15 00:07:41
backend\knowledge_algorithms\config\ka_04_config.json,297,.json,2026-01-15 00:08:33
backend\knowledge_algorithms\config\ka_05_config.json,680,.json,2026-01-15 00:08:54
backend\knowledge_algorithms\config\ka_06_config.json,164,.json,2026-01-15 00:09:10
backend\knowledge_algorithms\config\ka_07_config.json,155,.json,2026-01-15 00:09:27
backend\knowledge_algorithms\config\ka_08_config.json,441,.json,2026-01-15 00:09:44
backend\knowledge_algorithms\config\ka_09_config.json,258,.json,2026-01-15 00:10:07
backend\knowledge_algorithms\config\ka_100_config.json,240,.json,2026-01-15 00:42:16
backend\knowledge_algorithms\config\ka_101_config.json,331,.json,2026-01-15 00:42:34
backend\knowledge_algorithms\config\ka_102_config.json,293,.json,2026-01-15 00:42:39
backend\knowledge_algorithms\config\ka_103_config.json,325,.json,2026-01-15 00:42:43
backend\knowledge_algorithms\config\ka_104_config.json,294,.json,2026-01-15 00:42:48
backend\knowledge_algorithms\config\ka_105_config.json,249,.json,2026-01-15 00:42:53
backend\knowledge_algorithms\config\ka_106_config.json,375,.json,2026-01-15 00:43:11
backend\knowledge_algorithms\config\ka_107_config.json,206,.json,2026-01-15 00:43:16
backend\knowledge_algorithms\config\ka_108_config.json,232,.json,2026-01-15 00:43:20
backend\knowledge_algorithms\config\ka_109_config.json,211,.json,2026-01-15 00:43:24
backend\knowledge_algorithms\config\ka_10_config.json,873,.json,2026-01-15 00:10:33
backend\knowledge_algorithms\config\ka_110_config.json,205,.json,2026-01-15 00:43:28
backend\knowledge_algorithms\config\ka_111_config.json,234,.json,2026-01-15 00:43:46
backend\knowledge_algorithms\config\ka_112_config.json,263,.json,2026-01-15 00:43:50
backend\knowledge_algorithms\config\ka_113_config.json,398,.json,2026-01-15 00:43:55
backend\knowledge_algorithms\config\ka_114_config.json,229,.json,2026-01-15 00:44:11
backend\knowledge_algorithms\config\ka_115_config.json,226,.json,2026-01-15 00:44:19
backend\knowledge_algorithms\config\ka_116_config.json,247,.json,2026-01-15 00:44:23
backend\knowledge_algorithms\config\ka_11_config.json,144,.json,2026-01-15 00:12:13
backend\knowledge_algorithms\config\ka_12_config.json,847,.json,2026-01-15 00:12:29
backend\knowledge_algorithms\config\ka_13_config.json,550,.json,2026-01-15 00:12:45
backend\knowledge_algorithms\config\ka_14_config.json,315,.json,2026-01-15 00:13:05
backend\knowledge_algorithms\config\ka_15_config.json,123,.json,2026-01-15 00:13:22
backend\knowledge_algorithms\config\ka_16_config.json,536,.json,2026-01-15 00:13:40
backend\knowledge_algorithms\config\ka_17_config.json,500,.json,2026-01-15 00:13:55
backend\knowledge_algorithms\config\ka_18_config.json,240,.json,2026-01-15 00:14:11
backend\knowledge_algorithms\config\ka_19_config.json,214,.json,2026-01-15 00:14:28
backend\knowledge_algorithms\config\ka_20_config.json,152,.json,2026-01-15 00:14:54
backend\knowledge_algorithms\config\ka_21_config.json,178,.json,2026-01-15 00:16:38
backend\knowledge_algorithms\config\ka_22_config.json,208,.json,2026-01-15 00:17:01
backend\knowledge_algorithms\config\ka_23_config.json,171,.json,2026-01-15 00:17:21
backend\knowledge_algorithms\config\ka_24_config.json,124,.json,2026-01-15 00:17:40
backend\knowledge_algorithms\config\ka_25_config.json,126,.json,2026-01-15 00:17:58
backend\knowledge_algorithms\config\ka_26_config.json,226,.json,2026-01-15 00:18:15
backend\knowledge_algorithms\config\ka_27_config.json,242,.json,2026-01-15 00:18:34
backend\knowledge_algorithms\config\ka_28_config.json,447,.json,2026-01-15 00:18:51
backend\knowledge_algorithms\config\ka_29_config.json,162,.json,2026-01-15 00:19:08
backend\knowledge_algorithms\config\ka_30_config.json,168,.json,2026-01-15 00:19:25
backend\knowledge_algorithms\config\ka_31_config.json,434,.json,2026-01-15 00:21:25
backend\knowledge_algorithms\config\ka_32_config.json,167,.json,2026-01-15 00:21:42
backend\knowledge_algorithms\config\ka_34_config.json,238,.json,2026-01-15 00:22:05
backend\knowledge_algorithms\config\ka_35_config.json,167,.json,2026-01-15 00:22:21
backend\knowledge_algorithms\config\ka_36_config.json,180,.json,2026-01-15 00:22:40
backend\knowledge_algorithms\config\ka_37_config.json,155,.json,2026-01-15 00:22:56
backend\knowledge_algorithms\config\ka_38_config.json,193,.json,2026-01-15 00:23:15
backend\knowledge_algorithms\config\ka_39_config.json,147,.json,2026-01-15 00:23:30
backend\knowledge_algorithms\config\ka_40_config.json,137,.json,2026-01-15 00:23:49
backend\knowledge_algorithms\config\ka_41_config.json,218,.json,2026-01-15 00:25:18
backend\knowledge_algorithms\config\ka_42_config.json,137,.json,2026-01-15 00:25:39
backend\knowledge_algorithms\config\ka_45_config.json,193,.json,2026-01-15 00:26:19
backend\knowledge_algorithms\config\ka_46_config.json,187,.json,2026-01-15 00:26:39
backend\knowledge_algorithms\config\ka_47_config.json,154,.json,2026-01-15 00:26:56
backend\knowledge_algorithms\config\ka_48_config.json,148,.json,2026-01-15 00:27:13
backend\knowledge_algorithms\config\ka_49_config.json,135,.json,2026-01-15 00:27:31
backend\knowledge_algorithms\config\ka_50_config.json,212,.json,2026-01-15 00:27:47
backend\knowledge_algorithms\config\ka_51_config.json,147,.json,2026-01-15 00:29:24
backend\knowledge_algorithms\config\ka_52_config.json,126,.json,2026-01-15 00:29:44
backend\knowledge_algorithms\config\ka_53_config.json,152,.json,2026-01-15 00:29:59
backend\knowledge_algorithms\config\ka_54_config.json,175,.json,2026-01-15 00:30:18
backend\knowledge_algorithms\config\ka_55_config.json,314,.json,2026-01-15 00:30:36
backend\knowledge_algorithms\config\ka_56_config.json,150,.json,2026-01-15 00:30:55
backend\knowledge_algorithms\config\ka_57_config.json,296,.json,2026-01-15 00:31:13
backend\knowledge_algorithms\config\ka_58_config.json,145,.json,2026-01-15 00:31:31
backend\knowledge_algorithms\config\ka_59_config.json,235,.json,2026-01-15 00:31:49
backend\knowledge_algorithms\config\ka_60_config.json,138,.json,2026-01-15 00:32:04
backend\knowledge_algorithms\config\ka_61_config.json,180,.json,2026-01-15 00:32:27
backend\knowledge_algorithms\config\ka_62_config.json,276,.json,2026-01-15 00:32:45
backend\knowledge_algorithms\config\ka_63_config.json,173,.json,2026-01-15 00:33:03
backend\knowledge_algorithms\config\ka_64_config.json,296,.json,2026-01-15 00:33:22
backend\knowledge_algorithms\config\ka_65_config.json,197,.json,2026-01-15 00:33:45
backend\knowledge_algorithms\config\ka_66_config.json,145,.json,2026-01-15 00:34:01
backend\knowledge_algorithms\config\ka_67_config.json,156,.json,2026-01-15 00:34:19
backend\knowledge_algorithms\config\ka_68_config.json,204,.json,2026-01-15 00:34:39
backend\knowledge_algorithms\config\ka_69_config.json,292,.json,2026-01-15 00:35:03
backend\knowledge_algorithms\config\ka_70_config.json,143,.json,2026-01-15 00:35:04
backend\knowledge_algorithms\config\ka_71_config.json,304,.json,2026-01-15 00:37:05
backend\knowledge_algorithms\config\ka_72_config.json,217,.json,2026-01-15 00:37:10
backend\knowledge_algorithms\config\ka_73_config.json,335,.json,2026-01-15 00:37:26
backend\knowledge_algorithms\config\ka_74_config.json,332,.json,2026-01-15 00:37:32
backend\knowledge_algorithms\config\ka_75_config.json,268,.json,2026-01-15 00:37:48
backend\knowledge_algorithms\config\ka_76_config.json,183,.json,2026-01-15 00:37:53
backend\knowledge_algorithms\config\ka_77_config.json,228,.json,2026-01-15 00:38:08
backend\knowledge_algorithms\config\ka_78_config.json,192,.json,2026-01-15 00:38:12
backend\knowledge_algorithms\config\ka_79_config.json,174,.json,2026-01-15 00:38:28
backend\knowledge_algorithms\config\ka_80_config.json,168,.json,2026-01-15 00:38:32
backend\knowledge_algorithms\config\ka_81_config.json,225,.json,2026-01-15 00:38:50
backend\knowledge_algorithms\config\ka_82_config.json,205,.json,2026-01-15 00:38:55
backend\knowledge_algorithms\config\ka_83_config.json,238,.json,2026-01-15 00:39:09
backend\knowledge_algorithms\config\ka_84_config.json,262,.json,2026-01-15 00:39:14
backend\knowledge_algorithms\config\ka_85_config.json,266,.json,2026-01-15 00:39:30
backend\knowledge_algorithms\config\ka_86_config.json,299,.json,2026-01-15 00:39:35
backend\knowledge_algorithms\config\ka_87_config.json,255,.json,2026-01-15 00:39:49
backend\knowledge_algorithms\config\ka_88_config.json,280,.json,2026-01-15 00:39:54
backend\knowledge_algorithms\config\ka_89_config.json,229,.json,2026-01-15 00:40:09
backend\knowledge_algorithms\config\ka_90_config.json,187,.json,2026-01-15 00:40:14
backend\knowledge_algorithms\config\ka_91_config.json,212,.json,2026-01-15 00:41:26
backend\knowledge_algorithms\config\ka_92_config.json,227,.json,2026-01-15 00:41:31
backend\knowledge_algorithms\config\ka_93_config.json,314,.json,2026-01-15 00:41:35
backend\knowledge_algorithms\config\ka_94_config.json,280,.json,2026-01-15 00:41:39
backend\knowledge_algorithms\config\ka_95_config.json,241,.json,2026-01-15 00:41:44
backend\knowledge_algorithms\config\ka_96_config.json,258,.json,2026-01-15 00:41:58
backend\knowledge_algorithms\config\ka_97_config.json,221,.json,2026-01-15 00:42:04
backend\knowledge_algorithms\config\ka_98_config.json,197,.json,2026-01-15 00:42:08
backend\knowledge_algorithms\config\ka_99_config.json,192,.json,2026-01-15 00:42:12
backend\knowledge_algorithms\l10\__init__.py,2224,.py,2026-01-15 13:16:51
backend\knowledge_algorithms\l9\l9_ka_001_trace_analyzer.py,2449,.py,2026-01-15 12:46:39
backend\knowledge_algorithms\l9\l9_ka_002_belief_drift.py,3029,.py,2026-01-15 12:46:50
backend\knowledge_algorithms\l9\l9_ka_003_persona_auditor.py,2163,.py,2026-01-15 12:47:03
backend\knowledge_algorithms\l9\l9_ka_004_meta_evaluator.py,2875,.py,2026-01-15 12:47:15
backend\knowledge_algorithms\l9\l9_ka_005_recursion_trigger.py,2313,.py,2026-01-15 12:47:27
backend\knowledge_algorithms\l9\l9_ka_006_confidence_calc.py,2095,.py,2026-01-15 12:47:38
backend\knowledge_algorithms\l9\l9_ka_007_loop_controller.py,2652,.py,2026-01-15 12:47:41
backend\knowledge_algorithms\l9\__init__.py,2325,.py,2026-01-15 12:46:24
backend\llm_gateway\api.py,21434,.py,2026-02-02 23:43:47
backend\llm_gateway\gateway.py,34387,.py,2026-01-30 10:49:09
backend\llm_gateway\schemas.py,1757,.py,2026-02-01 09:54:46
backend\llm_gateway\__init__.py,553,.py,2026-01-29 10:52:00
backend\mcp_server\registry.py,2129,.py,2026-01-28 11:01:14
backend\mcp_server\router.py,2762,.py,2026-01-28 11:01:16
backend\mcp_server\__init__.py,236,.py,2026-01-28 11:01:07
backend\mcp_server\tools\jira.py,3660,.py,2026-01-28 18:07:18
backend\mcp_server\tools\salesforce.py,3612,.py,2026-01-28 18:07:16
backend\mcp_server\tools\__init__.py,149,.py,2026-01-28 11:03:19
backend\middleware\correlation_id.py,3590,.py,2026-01-30 11:05:07
backend\middleware\etag.py,1789,.py,2026-01-30 10:17:00
backend\middleware\input_sanitizer.py,9370,.py,2026-01-05 17:00:29
backend\middleware\request_limits.py,5971,.py,2026-01-30 10:23:11
backend\middleware\timeout.py,5474,.py,2026-01-05 17:00:29
backend\middleware\__init__.py,6455,.py,2026-02-02 22:11:25
backend\model_context\model_context_server.py,13647,.py,2026-01-16 01:57:39
backend\operator\controller.py,7117,.py,2026-01-16 02:10:41
backend\operator\operator.py,3663,.py,2026-01-29 21:54:31
backend\quad_persona\quad_engine.py,12678,.py,2026-01-28 11:37:22
backend\quad_persona\__init__.py,39,.py,2026-01-28 10:52:08
backend\reports\compliance.py,6332,.py,2026-01-28 18:06:34
backend\reports\__init__.py,85,.py,2026-01-28 11:26:26
backend\repositories\node_repository.py,3163,.py,2026-01-16 01:58:02
backend\repositories\__init__.py,45,.py,2026-01-16 01:58:04
backend\routes\analytics_routes.py,1278,.py,2026-01-28 19:10:10
backend\routes\gdpr_routes.py,8647,.py,2026-02-02 16:07:43
backend\routes\location_routes.py,11663,.py,2026-01-31 21:59:06
backend\routes\multimodal_routes.py,3251,.py,2026-01-30 10:35:05
backend\routes\privacy_routes.py,3432,.py,2026-01-16 02:33:54
backend\routes\retention_routes.py,6241,.py,2026-01-16 02:26:26
backend\routes\search_routes.py,4308,.py,2026-01-06 20:34:11
backend\routes\settings_routes.py,1866,.py,2026-02-02 21:55:36
backend\routes\storage_routes.py,11110,.py,2026-01-31 22:10:25
backend\schemas\request_schemas.py,1181,.py,2026-01-31 22:10:16
backend\schemas\simulation_schemas.py,6679,.py,2026-01-05 17:00:29
backend\schemas\__init__.py,8781,.py,2026-01-05 17:00:29
backend\security\active_defense.py,4874,.py,2026-01-28 22:55:06
backend\security\ai_guardrail.py,3533,.py,2026-01-15 11:01:26
backend\security\api_security.py,13910,.py,2026-01-05 17:00:29
backend\security\audit_logger.py,21766,.py,2026-01-29 11:21:54
backend\security\compliance_manager.py,15600,.py,2026-01-05 17:00:29
backend\security\context_aware.py,3805,.py,2026-01-15 11:01:51
backend\security\data_classification.py,15295,.py,2026-01-05 17:00:29
backend\security\dpapi_store.py,2113,.py,2026-01-30 10:33:06
backend\security\encryption_manager.py,15477,.py,2026-01-28 22:15:23
backend\security\honeypot.py,2157,.py,2026-01-15 11:17:06
backend\security\mfa.py,11822,.py,2026-01-15 10:28:21
backend\security\password_security.py,7518,.py,2026-01-10 21:26:45
backend\security\pii_redaction.py,4217,.py,2026-01-28 11:34:56
backend\security\prompt_injection_shield.py,3964,.py,2026-01-28 18:44:15
backend\security\rbac.py,18501,.py,2026-01-16 03:29:01
backend\security\sanitizer.py,6059,.py,2026-01-05 17:00:29
backend\security\security_headers.py,6460,.py,2026-01-08 17:36:40
backend\security\security_manager.py,16120,.py,2026-01-05 17:00:29
backend\security\security_monitoring.py,20519,.py,2026-02-03 22:31:18
backend\security\session_manager.py,11494,.py,2026-01-05 17:00:29
backend\security\token_manager.py,12115,.py,2026-01-05 17:00:29
backend\security\vulnerability_scanner.py,14217,.py,2026-01-05 17:00:29
backend\security\zero_trust.py,28484,.py,2026-01-05 17:00:29
backend\security\__init__.py,1607,.py,2026-01-05 17:00:29
backend\services\analytics_service.py,4789,.py,2026-01-28 19:06:06
backend\services\audio_service.py,4565,.py,2026-01-28 23:37:59
backend\services\document_processor.py,7167,.py,2026-01-28 11:37:52
backend\services\file_upload_service.py,11723,.py,2026-01-28 21:44:28
backend\services\rag_service.py,15644,.py,2026-01-28 23:37:57
backend\services\video_service.py,5637,.py,2026-01-28 23:02:19
backend\services\__init__.py,143,.py,2026-01-28 11:05:49
backend\simulation\simulation_engine.py,12222,.py,2026-01-28 11:36:37
backend\simulation\__init__.py,33,.py,2026-01-28 10:51:04
backend\storage\connection_manager.py,13002,.py,2026-01-28 21:31:58
backend\storage\database_manager.py,7156,.py,2026-02-02 22:10:18
backend\storage\graph_store.py,2899,.py,2026-01-31 22:00:18
backend\storage\object_store.py,17856,.py,2026-01-28 21:33:33
backend\storage\vector_store.py,14455,.py,2026-01-28 21:33:31
backend\storage\__init__.py,1406,.py,2026-01-28 21:34:36
backend\tracing\api.py,21490,.py,2026-01-29 00:12:04
backend\tracing\logger.py,3185,.py,2026-01-29 10:51:58
backend\tracing\__init__.py,1199,.py,2026-01-29 10:51:52
backend\truth_engine\api.py,15776,.py,2026-02-01 09:37:25
backend\truth_engine\federated_sync.py,3604,.py,2026-01-15 07:31:45
backend\truth_engine\__init__.py,722,.py,2026-01-05 17:00:29
backend\truth_engine\truth_core\agi_planner.py,9793,.py,2026-01-15 11:56:21
backend\truth_engine\truth_core\emergence_controller.py,15295,.py,2026-01-15 13:23:04
backend\truth_engine\truth_core\engine.py,31771,.py,2026-01-16 02:17:58
backend\truth_engine\truth_core\l10_schemas.py,4512,.py,2026-01-15 13:15:47
backend\truth_engine\truth_core\l7_schemas.py,1421,.py,2026-01-15 11:43:52
backend\truth_engine\truth_core\l9_schemas.py,5504,.py,2026-01-15 12:43:26
backend\truth_engine\truth_core\meta_reasoning_controller.py,28686,.py,2026-01-15 12:56:18
backend\truth_engine\truth_core\personas.py,10457,.py,2026-01-15 14:01:17
backend\truth_engine\truth_core\persona_sufficiency.py,7852,.py,2026-01-15 14:00:18
backend\truth_engine\truth_core\refinement_orchestrator.py,6243,.py,2026-01-15 14:07:44
backend\truth_engine\truth_core\router.py,5671,.py,2026-01-05 17:00:29
backend\truth_engine\truth_core\tiers.py,6807,.py,2026-01-05 17:00:29
backend\truth_engine\truth_core\__init__.py,609,.py,2026-01-05 17:00:29
backend\truth_engine\truth_gate\budget.py,7930,.py,2026-01-05 17:00:29
backend\truth_engine\truth_gate\compliance.py,8916,.py,2026-01-05 17:00:29
backend\truth_engine\truth_gate\gateway.py,8800,.py,2026-01-05 17:00:29
backend\truth_engine\truth_gate\l8_schemas.py,4691,.py,2026-01-15 12:31:19
backend\truth_engine\truth_gate\policies.py,5197,.py,2026-01-05 17:00:29
backend\truth_engine\truth_gate\quant.py,4321,.py,2026-01-15 11:55:30
backend\truth_engine\truth_gate\schemas.py,1039,.py,2026-01-15 11:34:27
backend\truth_engine\truth_gate\trust_validation_gateway.py,21699,.py,2026-01-15 12:33:07
backend\truth_engine\truth_gate\__init__.py,589,.py,2026-01-05 17:00:29
backend\truth_engine\truth_gate\quant_backends\logical.py,1141,.py,2026-01-15 11:35:00
backend\truth_engine\truth_gate\quant_backends\statistical.py,2465,.py,2026-01-15 11:34:46
backend\truth_engine\truth_link\blockchain_adapter.py,5286,.py,2026-01-28 18:06:32
backend\truth_engine\truth_link\bus.py,7618,.py,2026-01-05 17:00:29
backend\truth_engine\truth_link\queues.py,5675,.py,2026-01-05 17:00:29
backend\truth_engine\truth_link\transport.py,5136,.py,2026-01-05 17:00:29
backend\truth_engine\truth_link\__init__.py,505,.py,2026-01-05 17:00:29
backend\truth_engine\truth_memory\audit.py,7085,.py,2026-01-05 17:00:29
backend\truth_engine\truth_memory\cache.py,5184,.py,2026-01-05 17:00:29
backend\truth_engine\truth_memory\manager.py,7576,.py,2026-01-05 17:00:29
backend\truth_engine\truth_memory\metrics.py,7472,.py,2026-01-05 17:00:29
backend\truth_engine\truth_memory\__init__.py,590,.py,2026-01-05 17:00:29
backend\utils\exceptions.py,2193,.py,2026-01-30 10:16:32
backend\utils\pagination.py,4137,.py,2026-01-27 22:20:49
backend\utils\responses.py,5840,.py,2026-01-27 22:20:49
backend\utils\safe_path.py,758,.py,2026-02-02 23:47:41
backend\utils\validation.py,9669,.py,2026-02-03 11:35:41
backend\utils\__init__.py,1460,.py,2026-01-30 10:16:33
backend\webhook_server\webhook_server.py,9591,.py,2026-01-05 17:00:29
components\Layout.js,3459,.js,2026-01-05 17:00:29
components\ProductHeader.js,2513,.js,2026-01-05 17:00:29
components\ui\Avatar.js,898,.js,2026-01-05 17:00:29
components\ui\Badge.js,928,.js,2026-01-05 17:00:29
components\ui\Button.js,1234,.js,2026-01-05 17:00:29
components\ui\Card.js,974,.js,2026-01-05 17:00:29
components\ui\ChatMessage.js,4133,.js,2026-01-05 17:00:29
components\ui\ComplianceSpiderweb.js,5805,.js,2026-01-05 17:00:29
components\ui\ContextualExpertWeb.js,6943,.js,2026-01-05 17:00:29
components\ui\Dropdown.js,1744,.js,2026-01-05 17:00:29
components\ui\HoneycombGraph.js,5013,.js,2026-01-05 17:00:29
components\ui\index.js,1169,.js,2026-01-05 17:00:29
components\ui\Input.js,532,.js,2026-01-05 17:00:29
components\ui\Label.js,426,.js,2026-01-05 17:00:29
components\ui\LocationMap.js,21879,.js,2026-01-05 17:00:29
components\ui\Navbar.js,4634,.js,2026-01-05 17:00:29
components\ui\PillarMapping.js,13620,.js,2026-01-05 17:00:29
components\ui\RegulatoryOctopus.js,11205,.js,2026-01-05 17:00:29
components\ui\Sidebar.js,3546,.js,2026-01-05 17:00:29
components\ui\Text.js,1233,.js,2026-01-05 17:00:29
components\ui\Textarea.js,555,.js,2026-01-05 17:00:29
components\ui\Timeline.js,13175,.js,2026-01-05 17:00:29
components\ui\UnifiedMapping.js,9768,.js,2026-01-05 17:00:29
config\axis12_config.yaml,874,.yaml,2026-01-05 17:00:29
config\axis_14_17_governance_schema.yaml,7606,.yaml,2026-01-14 22:20:02
config\config.env,203,.env,2026-01-05 17:00:29
config\master_orchestration_registry.yaml,11438,.yaml,2026-01-05 17:00:29
core\coordinate_system.py,40137,.py,2026-01-15 07:52:20
core\__init__.py,31,.py,2026-01-05 17:00:29
core\algorithms\base_algorithm.py,3247,.py,2026-01-05 17:00:29
core\algorithms\perspective_analyzer.py,18212,.py,2026-01-05 17:00:29
core\algorithms\query_analyzer.py,8295,.py,2026-01-05 17:00:29
core\axes\axis10_regulatory_expert.py,9990,.py,2026-01-05 17:00:29
core\axes\axis11_compliance_expert.py,12087,.py,2026-01-05 17:00:29
core\axes\axis11_contextual.py,8609,.py,2026-01-05 17:00:29
core\axes\axis12_location.py,14541,.py,2026-01-10 23:57:02
core\axes\axis13_time.py,16349,.py,2026-01-10 23:57:12
core\axes\axis14_provenance.py,1802,.py,2026-01-14 22:28:16
core\axes\axis15_object_type.py,1315,.py,2026-01-14 22:28:19
core\axes\axis16_validation_state.py,1437,.py,2026-01-14 22:28:24
core\axes\axis17_security.py,1879,.py,2026-01-14 22:28:26
core\axes\axis1_identity.py,37477,.py,2026-01-05 17:00:29
core\axes\axis1_knowledge.py,13518,.py,2026-01-05 17:00:29
core\axes\axis2_sector.py,23770,.py,2026-01-05 17:00:29
core\axes\axis3_domain.py,31385,.py,2026-01-05 17:00:29
core\axes\axis4_knowledge.py,30849,.py,2026-01-05 17:00:29
core\axes\axis4_methods.py,27398,.py,2026-01-05 17:00:29
core\axes\axis5_honeycomb.py,29124,.py,2026-01-05 17:00:29
core\axes\axis5_temporal.py,34396,.py,2026-01-05 17:00:29
core\axes\axis6_regulatory.py,45792,.py,2026-01-05 17:00:29
core\axes\axis7_compliance.py,68944,.py,2026-01-05 17:00:29
core\axes\axis8_knowledge_expert.py,10097,.py,2026-01-05 17:00:29
core\axes\axis9_sector_expert.py,8835,.py,2026-01-05 17:00:29
core\axes\axis_system.py,15213,.py,2026-01-14 22:50:01
core\axes\__init__.py,202,.py,2026-01-14 22:28:56
core\data\ka_registry.json,216111,.json,2026-01-27 23:16:09
core\engine\ka_engine.py,19269,.py,2026-01-10 23:41:59
core\graph\graph_manager.py,24872,.py,2026-01-05 17:00:29
core\knowledge_algorithm\exceptions.py,1603,.py,2026-01-15 01:32:56
core\knowledge_algorithm\ka_base.py,6426,.py,2026-01-15 01:33:14
core\knowledge_algorithm\ka_loader.py,6484,.py,2026-01-05 17:00:29
core\knowledge_algorithm\__init__.py,57,.py,2026-01-05 17:00:29
core\knowledge_algorithm\implementations\ka01_query_analyzer.py,11675,.py,2026-01-05 17:00:29
core\knowledge_algorithm\implementations\ka02_axis_scorer.py,10500,.py,2026-01-05 17:00:29
core\knowledge_algorithm\implementations\__init__.py,49,.py,2026-01-05 17:00:29
core\mcp\mcp_client.py,9812,.py,2026-01-05 17:00:29
core\mcp\mcp_manager.py,20800,.py,2026-01-29 00:12:35
core\mcp\mcp_protocol.py,6543,.py,2026-01-05 17:00:29
core\mcp\mcp_server.py,13943,.py,2026-01-08 17:15:59
core\mcp\README.md,6814,.md,2026-01-05 17:00:29
core\mcp\__init__.py,384,.py,2026-01-05 17:00:29
core\mcp\servers\system.py,5962,.py,2026-01-08 17:14:34
core\mcp\servers\__init__.py,0,.py,2026-01-08 17:14:36
core\memory\structured_memory_manager.py,18359,.py,2026-01-05 17:00:29
core\nlp\coordinate_mapper.py,17007,.py,2026-01-05 17:00:29
core\nlp\__init__.py,436,.py,2026-01-05 17:00:29
core\orchestration\master_workflow.py,47864,.py,2026-01-05 17:00:29
core\orchestration\__init__.py,496,.py,2026-01-05 17:00:29
core\persona\memory_system.py,14566,.py,2026-01-05 17:00:29
core\persona\persona_manager.py,10209,.py,2026-01-05 17:00:29
core\persona\persona_models.py,631,.py,2026-01-29 00:26:02
core\persona\persona_system.py,14115,.py,2026-01-05 17:00:29
core\persona\quad_persona_engine.py,23312,.py,2026-01-05 17:00:29
core\persona\__init__.py,389,.py,2026-01-05 17:00:29
core\self_evolving\sekre_engine.py,26779,.py,2026-01-05 17:00:29
core\simulation\app_orchestrator.py,17536,.py,2026-01-05 17:00:29
core\simulation\layer10_synthesis.py,23619,.py,2026-01-05 17:00:29
core\simulation\layer1_entry.py,16040,.py,2026-01-05 17:00:29
core\simulation\layer2_knowledge.py,13755,.py,2026-01-05 17:00:29
core\simulation\layer3_expert.py,19834,.py,2026-01-05 17:00:29
core\simulation\layer4_reasoning.py,25142,.py,2026-01-05 17:00:29
core\simulation\layer5_integration.py,17633,.py,2026-01-05 17:00:29
core\simulation\layer6_enhancement.py,19677,.py,2026-01-05 17:00:29
core\simulation\layer7_agi_system.py,62732,.py,2026-01-05 17:00:29
core\simulation\layer8_quantum.py,14708,.py,2026-01-05 17:00:29
core\simulation\layer9_recursive.py,18513,.py,2026-01-05 17:00:29
core\simulation\location_context_engine.py,20676,.py,2026-02-01 09:42:19
core\simulation\memory_simulation.py,35009,.py,2026-01-09 16:40:35
core\simulation\query_persona_engine.py,22606,.py,2026-01-09 16:40:35
core\simulation\refinement_orchestrator.py,80894,.py,2026-01-05 17:00:29
core\simulation\simulation_engine.py,62349,.py,2026-01-10 23:21:39
core\simulation\__init__.py,48,.py,2026-01-05 17:00:29
core\system\code_crosswalk_service.py,3608,.py,2026-01-11 19:58:47
core\system\frost_service.py,5419,.py,2026-01-12 11:04:28
core\system\persona_construction_service.py,6890,.py,2026-01-12 11:16:04
core\system\refinement_orchestrator.py,4263,.py,2026-01-27 22:45:02
core\system\system_initializer.py,8300,.py,2026-01-05 17:00:29
core\system\trace_service.py,4573,.py,2026-01-12 10:54:57
core\system\uae_models.py,3573,.py,2026-01-12 07:11:19
core\system\unified_identity_service.py,4842,.py,2026-01-11 19:58:14
core\system\unified_mapping_system.py,9702,.py,2026-01-12 10:50:48
core\system\unified_numbering_service.py,4067,.py,2026-01-12 11:00:02
core\system\united_system_manager.py,10460,.py,2026-01-12 11:03:00
data\coverage.json,1232510,.json,2026-01-05 17:00:29
data\layer1_database.json,171053,.json,2026-01-05 17:00:29
data\memory.json,6133,.json,2026-01-10 22:13:03
data\memory_store.json,15,.json,2026-01-05 17:00:29
data\personas_db.json,18,.json,2026-01-05 17:00:29
data\simulation_memory.json,1692,.json,2026-01-05 17:00:29
data\ukg_result_20250519_152636.json,6139,.json,2026-01-05 17:00:29
data\ukg_result_20250519_152639.json,2049,.json,2026-01-05 17:00:29
data\workflow.json,12006,.json,2026-01-05 17:00:29
data\lineage\lineage_FACT-001.json,289,.json,2026-01-10 23:00:01
data\registries\axis_registry.json,6333,.json,2026-01-11 19:56:44
data\registries\ka_registry.yaml,75574,.yaml,2026-01-10 22:21:57
data\registries\UKG_KA_1_to_114_Enterprise_Registry.xlsx,35981,.xlsx,2026-01-05 13:29:29
data\security\keys\dek_registry.json,503,.json,2026-02-04 00:31:36
data\security\keys\kek.salt,32,.salt,2026-01-16 02:20:22
data\ukg\axis_definitions.yaml,4155,.yaml,2026-01-05 17:00:29
data\ukg\compliance_standards.yaml,17381,.yaml,2026-01-05 17:00:29
data\ukg\contextual_experts.yaml,13101,.yaml,2026-01-05 17:00:29
data\ukg\locations_gazetteer.yaml,2591,.yaml,2026-01-05 17:00:29
data\ukg\methods.yaml,29049,.yaml,2026-01-05 17:00:29
data\ukg\personas.yaml,8167,.yaml,2026-01-05 17:00:29
data\ukg\pillar_levels.yaml,16873,.yaml,2026-01-05 17:00:29
data\ukg\pillar_levels_expanded.yaml,6533,.yaml,2026-01-05 17:00:29
data\ukg\regulatory_frameworks.yaml,12924,.yaml,2026-01-05 17:00:29
data\ukg\sectors.yaml,11097,.yaml,2026-01-05 17:00:29
data\ukg\time_periods.yaml,17900,.yaml,2026-01-05 17:00:29
data\ukg\tools.yaml,7921,.yaml,2026-01-05 17:00:29
data\ukg\topics.yaml,9974,.yaml,2026-01-05 17:00:29
data\ukg\__init__.py,44,.py,2026-01-05 17:00:29
demos\README.md,1864,.md,2026-01-06 15:15:00
demos\compliance\run_refinement_workflow_demo.py,8765,.py,2026-01-05 17:00:29
demos\compliance\run_regulatory_compliance_demo.py,15411,.py,2026-01-16 02:12:11
demos\compliance\security_compliance_demo.py,12159,.py,2026-01-05 17:00:29
demos\ka\run_ka_demo.py,3664,.py,2026-01-16 02:11:13
demos\ka\run_ka_master_demo.py,11001,.py,2026-01-16 02:11:53
demos\ka\run_ka_orchestration_demo.py,12223,.py,2026-01-16 02:11:37
demos\layers\run_layer1_demo.py,5609,.py,2026-01-05 17:00:29
demos\layers\run_layered_database_demo.py,19030,.py,2026-01-05 17:00:29
demos\layers\run_ukg_layer7_demo.py,15034,.py,2026-01-05 17:00:29
demos\layers\run_ukg_layer8_demo.py,22078,.py,2026-01-05 17:00:29
demos\layers\run_ukg_layer9_10_demo.py,23398,.py,2026-01-05 17:00:29
demos\simulation\quad_demo.py,6047,.py,2026-01-05 17:00:29
demos\simulation\run_quad_demo.py,4021,.py,2026-01-05 17:00:29
demos\simulation\run_ukg_simulation_demo.py,10344,.py,2026-01-05 17:00:29
demos\simulation\ukg_simulation_demo.py,3023,.py,2026-01-05 17:00:29
demos\standalone\run_standalone.py,928,.py,2026-01-05 17:00:29
demos\standalone\run_standalone_demo.py,3167,.py,2026-01-05 17:00:29
demos\standalone\run_ukg_13axis_demo.py,23969,.py,2026-01-16 02:11:56
demos\standalone\run_ukg_demo.py,7574,.py,2026-01-05 17:00:29
demos\standalone\run_ukg_standalone.py,21824,.py,2026-01-05 17:00:29
deploy\backup_database.sh,2140,.sh,2026-01-06 19:52:13
deploy\DEPLOYMENT_CHECKLIST.md,4417,.md,2026-01-06 19:54:02
deploy\DISASTER_RECOVERY.md,3244,.md,2026-01-06 19:55:26
deploy\nginx.conf,3680,.conf,2026-01-06 19:52:03
deploy\PHASE1_DEPLOYMENT_CHECKLIST.md,11858,.md,2026-01-14 20:08:49
deploy\SENTRY_ALERTS.md,781,.md,2026-01-14 20:08:49
deploy\setup_ssl.sh,1820,.sh,2026-01-06 19:52:15
deploy\UPTIME_MONITORING.md,1146,.md,2026-01-14 20:08:49
deploy\validate_production.py,5365,.py,2026-01-06 19:54:04
deploy\aws\buildspec.yml,1141,.yml,2026-01-08 16:07:46
deploy\aws\task-definition.json,1149,.json,2026-01-08 16:07:48
deploy\azure\azure-pipelines.yml,1619,.yml,2026-01-08 16:07:40
deploy\azure\startup.sh,461,.sh,2026-01-08 16:07:38
deploy\gcp\cloudbuild.yaml,848,.yaml,2026-01-08 16:07:50
deploy\k8s\operator\mcpserver_crd.yaml,1010,.yaml,2026-01-29 21:54:04
deploy\k8s\operator\operator_deploy.yaml,559,.yaml,2026-01-29 21:54:34
deploy\k8s\operator\rbac.yaml,1221,.yaml,2026-01-29 21:54:35
deploy\k8s\operator\ukgnode_crd.yaml,1368,.yaml,2026-01-29 21:54:04
deploy\windows\DataLogicEngine.url,60,.url,2026-01-16 03:20:07
deploy\windows\DataLogic_Backend.xml,561,.xml,2026-01-16 02:46:03
deploy\windows\DataLogic_Frontend.xml,526,.xml,2026-01-16 02:46:08
deploy\windows\UKG_Setup.wxs,5802,.wxs,2026-01-16 03:20:01
docs\AI_MANAGEMENT_SYSTEM_42001.md,2095,.md,2026-01-15 10:24:21
docs\API.md,8126,.md,2026-01-31 22:52:35
docs\API_VERSIONING.md,2285,.md,2026-01-12 11:45:02
docs\ARCHITECTURE.md,28275,.md,2026-02-04 00:32:50
docs\CIS_BENCHMARKS.md,1847,.md,2026-01-15 10:24:31
docs\CONTRIBUTING.md,1698,.md,2026-01-08 15:57:05
docs\CROSS_USER_TESTING.md,8875,.md,2026-01-16 04:17:47
docs\DEPLOYMENT.md,2055,.md,2026-01-29 15:12:28
docs\DEVELOPER_GUIDE.md,4538,.md,2026-01-28 18:53:30
docs\FILE_STRUCTURE.md,13246,.md,2026-01-28 18:53:09
docs\K8S_OPERATOR_DESIGN.md,3094,.md,2026-01-29 14:51:49
docs\MCP_INTEGRATION.md,12195,.md,2026-01-05 17:00:29
docs\openapi.yaml,4778,.yaml,2026-01-11 19:40:26
docs\OPERATIONAL_RUNBOOKS.md,2743,.md,2026-01-15 10:22:51
docs\PRIVACY_POLICY.md,3695,.md,2026-01-16 03:01:18
docs\PRODUCTION_READINESS.md,27373,.md,2026-02-02 22:39:01
docs\REACT_NATIVE_RESEARCH.md,4342,.md,2026-01-29 14:51:25
docs\RELEASE_NOTES_v2.5.0.md,8101,.md,2026-01-16 04:17:09
docs\SDLC_SSDF_MAPPING.md,3224,.md,2026-01-15 10:22:40
docs\SECURITY.md,6555,.md,2026-02-02 22:38:56
docs\SLSA_LEVEL_3_ATTESTATION.md,2044,.md,2026-01-15 10:41:30
docs\SSL_CONFIGURATION.md,12242,.md,2026-01-14 20:08:49
docs\STORE_LISTING.md,2566,.md,2026-01-16 01:14:04
docs\TESTING.md,10143,.md,2026-01-14 20:08:49
docs\TODO.md,8016,.md,2026-02-02 20:56:00
docs\v3_ROADMAP.md,2225,.md,2026-01-28 19:10:24
docs\WORKFLOW.md,1279,.md,2026-01-15 07:53:39
docs\api\openapi.yaml,28316,.yaml,2026-01-08 14:32:39
docs\api\postman_collection.json,7078,.json,2026-01-12 11:46:12
docs\archive\-UKG_Simulation_Build_Guide.txt,879532,.txt,2026-01-05 17:00:27
docs\archive\ACCESSIBILITY_AND_ERROR_HANDLING.md,18106,.md,2026-01-15 01:39:40
docs\archive\AUDIT_SUMMARY_2026.md,1893,.md,2026-01-15 10:25:02
docs\archive\BRANCH_CONSOLIDATION_REPORT.md,7306,.md,2026-01-05 17:00:29
docs\archive\DEPENDENCY_VULNERABILITIES.md,5071,.md,2026-01-05 17:00:29
docs\archive\ENTERPRISE_ROADMAP.md,11064,.md,2026-01-12 12:42:58
docs\archive\ENTERPRISE_STANDARDS_2025.md,12427,.md,2026-01-15 10:20:54
docs\archive\FRONTEND_REVIEW.md,3566,.md,2026-01-07 05:43:02
docs\archive\GAP_ANALYSIS.md,4415,.md,2026-01-08 14:01:30
docs\archive\GRAND_PLAN_EXCELLENCE_2026.md,4983,.md,2026-01-15 10:57:01
docs\archive\how_to_run_simulation.md,2397,.md,2026-01-14 20:08:49
docs\archive\IMPLEMENTATION_EXAMPLE.md,16080,.md,2026-01-05 17:00:29
docs\archive\persona_editor_walkthrough.md,2460,.md,2026-01-14 20:08:49
docs\archive\PHASE1_COMPLETION_SUMMARY.md,10600,.md,2026-01-14 20:08:49
docs\archive\PHASE1_FINAL_STATUS.md,12630,.md,2026-01-14 20:08:49
docs\archive\PRODUCTION_CODE_REVIEW.md,25751,.md,2026-01-05 17:00:29
docs\archive\SECRETS.md,14460,.md,2026-01-05 17:00:29
docs\archive\style-guide.md,2843,.md,2026-01-05 17:00:29
docs\archive\TODO_legacy.md,5121,.md,2026-01-08 14:00:21
docs\archive\ui-ux-improvement-plan.md,4445,.md,2026-01-05 17:00:29
docs\archive\UKG_Quarry_System_Example.md,12499,.md,2026-01-12 03:45:56
docs\archive\UKG_Unified_System_Technical_Supplement.md,2815,.md,2026-01-15 07:47:31
docs\archive\USER_JOURNEY_REVIEW.md,2811,.md,2026-01-08 13:26:21
docs\archive\dotnet_service\Program.cs,5828,.cs,2026-01-05 17:00:29
docs\archive\legacy_assets\chat-exports\Pasted--Creating-a-database-Please-help-me-add-a-database-to-my-app-Just-now-KH-KevinHerrera21-C-1747628165423.txt,10558,.txt,2026-01-05 17:00:29
docs\archive\legacy_assets\chat-exports\Pasted--Generate-Python-code-files-for-KA-39-to-KA-50-ka-batch-39-to-50-ka-39-quantum-trust-p-1747673785923.txt,11914,.txt,2026-01-05 17:00:29
docs\archive\legacy_assets\chat-exports\Pasted--Generate-Python-code-files-for-KA-39-to-KA-50-ka-batch-39-to-50-ka-39-quantum-trust-p-1747675917698.txt,11914,.txt,2026-01-05 17:00:29
docs\archive\legacy_assets\chat-exports\Pasted--KA-26-to-KA-30-have-been-created-and-registered-into-your-simulation-system--1747669066963.txt,2237,.txt,2026-01-05 17:00:29
docs\archive\legacy_assets\chat-exports\Pasted--KA-31-to-KA-38-are-now-complete-and-fully-integrated-completing-the-entire-KA-01-through-K-1747669190572.txt,2760,.txt,2026-01-05 17:00:29
docs\archive\legacy_assets\chat-exports\Pasted--Next-Building-KA-06-to-KA-10-I-will-now-proceed-to-generate-and-display-the-full-source-code-for--1747668973537.txt,23630,.txt,2026-01-05 17:00:29
docs\archive\legacy_assets\chat-exports\Pasted--python-Always-show-details-Copy-Generate-Python-code-files-for-KA-39-to-KA-50-ka-batch-39-to-50-1747672225778.txt,6775,.txt,2026-01-05 17:00:29
docs\archive\legacy_assets\chat-exports\Pasted--SYSTEM-SETUP-Nested-In-Memory-Simulation-Management-System-Overview-of-the-Simulation-Stack--1747668544512.txt,28871,.txt,2026-01-05 17:00:29
docs\archive\legacy_assets\chat-exports\Pasted--this-is-a-core-piece-of-the-UKG-USKD-intelligence-We-re-going-to-build-out-the-QuadPersonaEngine-t-1747643775529.txt,4616,.txt,2026-01-05 17:00:29
docs\archive\legacy_assets\chat-exports\Pasted--ukg-system-0-1-0-build-Next-js-14-2-28-Environments-env-Linting-and-checking-validi-1747685545198.txt,11564,.txt,2026-01-05 17:00:29
docs\archive\legacy_assets\chat-exports\Pasted--USER-How-best-to-code-in-the-13-axis-system-for-the-universe-knowledge-graph-ASSISTANT-To--1747634659073.txt,1592555,.txt,2026-01-05 17:00:29
docs\archive\legacy_assets\chat-exports\Pasted-Based-on-your-uploaded-AKF-YAML-AKF-Simulation-Base-and-regulatory-architecture-from-the-4D-Databa-1747690799302.txt,55359,.txt,2026-01-05 17:00:29
docs\archive\legacy_assets\chat-exports\Pasted-Based-on-your-uploaded-AKF-YAML-AKF-Simulation-Base-and-regulatory-architecture-from-the-4D-Databa-1747690984794.txt,55359,.txt,2026-01-05 17:00:29
docs\archive\legacy_assets\chat-exports\Pasted-Based-on-your-uploaded-AKF-YAML-AKF-Simulation-Base-and-regulatory-architecture-from-the-4D-Databa-1747691482962.txt,55359,.txt,2026-01-05 17:00:29
docs\archive\legacy_assets\chat-exports\Pasted-Here-are-10-user-stories-designed-for-the-Universal-Knowledge-Graph-UKG-and-Universal-Simulated-Kn-1747689886118.txt,71810,.txt,2026-01-05 17:00:29
docs\archive\legacy_assets\chat-exports\Pasted-Here-is-a-full-Replit-Build-Instruction-Guide-for-deploying-the-Quad-Persona-Simulation-System-as-pa-1747666155439.txt,16534,.txt,2026-01-05 17:00:29
docs\archive\legacy_assets\chat-exports\Pasted-Here-is-a-step-by-step-instruction-set-for-building-the-Nested-Layered-In-Memory-Simulation-Manageme-1747666810918.txt,4158,.txt,2026-01-05 17:00:29
docs\archive\legacy_assets\chat-exports\Pasted-o-design-the-Point-of-View-POV-Engine-for-the-Universal-Knowledge-Graph-UKG-and-Universal-Simula-1747683335869.txt,55435,.txt,2026-01-05 17:00:29
docs\archive\legacy_assets\chat-exports\Pasted-o-design-the-Point-of-View-POV-Engine-for-the-Universal-Knowledge-Graph-UKG-and-Universal-Simula-1747683710936.txt,55435,.txt,2026-01-05 17:00:29
docs\archive\legacy_assets\chat-exports\Pasted-Would-you-like-to-Proceed-with-KA-31-to-KA-38-AGI-and-emergence-logic-Package-all-30-modules-i-1747672141189.txt,11757,.txt,2026-01-05 17:00:29
docs\archive\legacy_assets\chat-exports\Pasted-You-said-build-the-dynamic-knowleadge-mapping-and-database-cloning-system-that-uses-thr-13-axis-sys-1747677078375.txt,27025,.txt,2026-01-05 17:00:29
docs\archive\legacy_assets\chat-exports\Pasted-You-said-build-the-dynamic-knowleadge-mapping-and-database-cloning-system-that-uses-thr-13-axis-sys-1747677824289.txt,27025,.txt,2026-01-05 17:00:29
docs\archive\legacy_assets\chat-exports\Pasted-You-said-create-build-instructing-for-layer-5-ChatGPT-said-To-build-Layer-5-of-the-Universal-Kno-1747685200611.txt,8374,.txt,2026-01-05 17:00:29
docs\archive\legacy_assets\chat-exports\Pasted-You-said-create-build-instructing-for-layer-5-ChatGPT-said-To-build-Layer-5-of-the-Universal-Kno-1747686292959.txt,26429,.txt,2026-01-05 17:00:29
docs\archive\legacy_assets\chat-exports\Pasted-You-said-create-build-instructing-for-layer-5-ChatGPT-said-To-build-Layer-5-of-the-Universal-Kno-1747686304942.txt,26429,.txt,2026-01-05 17:00:29
docs\archive\legacy_assets\chat-exports\Pasted-You-said-Create-plan-to-build-all-parts-of-the-universal-knowledge-graph-and-simulated-universe-dat-1747683847455.txt,61435,.txt,2026-01-05 17:00:29
docs\archive\legacy_assets\chat-exports\Pasted-You-said-Create-plan-to-build-all-parts-of-the-universal-knowledge-graph-and-simulated-universe-dat-1747689813442.txt,64750,.txt,2026-01-05 17:00:29
docs\archive\legacy_assets\chat-exports\Pasted-You-said-design-layer-8-the-simulated-quantum-computer-ChatGPT-said-To-design-Layer-8-The-Simu-1747688009469.txt,23760,.txt,2026-01-05 17:00:29
docs\archive\legacy_assets\chat-exports\Pasted-You-said-design-layer-8-the-simulated-quantum-computer-ChatGPT-said-To-design-Layer-8-The-Simu-1747688494448.txt,23957,.txt,2026-01-05 17:00:29
docs\archive\legacy_assets\chat-exports\Pasted-You-said-design-layer-8-the-simulated-quantum-computer-ChatGPT-said-To-design-Layer-8-The-Simu-1747688708296.txt,23957,.txt,2026-01-05 17:00:29
docs\archive\legacy_assets\chat-exports\Pasted-You-said-desing-Layer-9-Recursive-AGI-Core-or-Layer-10-Self-Awareness-Engine-ChatGPT-said--1747689462218.txt,26164,.txt,2026-01-05 17:00:29
docs\archive\legacy_assets\chat-exports\Pasted-You-said-lets-design-and-build-the-gatekeeper-agent-ChatGPT-said-To-design-and-build-the-Gatekee-1747679687691.txt,13662,.txt,2026-01-05 17:00:29
docs\archive\legacy_assets\chat-exports\Pasted-You-said-lets-design-and-build-the-gatekeeper-agent-ChatGPT-said-To-design-and-build-the-Gatekee-1747683198694.txt,13662,.txt,2026-01-05 17:00:29
docs\archive\legacy_assets\chat-exports\Pasted-You-said-next-design-layer-7-and-crete-build-instructions-ChatGPT-said-Here-is-the-full-design-a-1747687371187.txt,14140,.txt,2026-01-05 17:00:29
docs\archive\legacy_assets\chat-exports\Pasted-You-ve-now-implemented-KA-01-to-KA-38-which-are-the-full-set-of-algorithms-originally-scoped-for-th-1747676098378.txt,20371,.txt,2026-01-05 17:00:29
docs\archive\legacy_assets\data\AXIS-2_world_wide_codes_systems_1766028647731.xlsx,37726,.xlsx,2026-01-05 17:00:29
docs\archive\legacy_assets\data\PL-1-107_with_members_1766028647731.xlsx,16076,.xlsx,2026-01-05 17:00:29
docs\archive\legacy_assets\data\truthcore_v7_3_1766005797657.json,2538,.json,2026-01-05 17:00:29
docs\archive\legacy_assets\data\truthgate_v7_3_1766005797657.json,7589,.json,2026-01-05 17:00:29
docs\archive\legacy_assets\data\truthlink_v7_3_1766005797657.json,8216,.json,2026-01-05 17:00:29
docs\archive\legacy_assets\data\truthmemory_v7_3_1766005797657.json,14103,.json,2026-01-05 17:00:29
docs\archive\legacy_assets\data\truth_engine_v7_3_master_1766005797657.json,1746,.json,2026-01-05 17:00:29
docs\archive\legacy_assets\data\truth_engine_v7_3_master_tree_1766005797657.yaml,4045,.yaml,2026-01-05 17:00:29
docs\archive\legacy_assets\data\UKG_KA_1_to_114_Enterprise_Registry_with_Libraries_and_Formul_1765941721302.xlsx,49710,.xlsx,2026-01-05 17:00:29
docs\archive\legacy_assets\documents\Mathematical_Formulas_for_Quad_Persona_System_with_Dynamic_Kno_1766028243802.pdf,194118,.pdf,2026-01-05 17:00:29
docs\archive\legacy_assets\documents\Point of View engine 2.docx,7786041,.docx,2026-01-05 17:00:29
docs\archive\legacy_assets\documents\POV Engine for KBR contract writer use case exsample.docx,5326957,.docx,2026-01-05 17:00:29
docs\archive\legacy_assets\documents\pov exsample 3.docx,303429,.docx,2026-01-05 17:00:29
docs\archive\legacy_assets\documents\The_17_Axis_System__Comprehensive_Technical_Architecture_1765942306012.pdf,4110361,.pdf,2026-01-05 17:00:29
docs\archive\legacy_assets\documents\UKG_17-Axis_System_Configuration_Files_1766621504177.pdf,113300,.pdf,2026-01-05 17:00:29
docs\archive\legacy_assets\documents\Unified_Coordinate_System_for_UKG_USKD_–_Technical_Documentati_1766025988120.pdf,114153,.pdf,2026-01-05 17:00:29
docs\archive\legacy_assets\documents\Universal_Knowledge_Graph_Simulation_Stack_–_10-Layer_Archite_1766027783727.docx,279902,.docx,2026-01-05 17:00:29
docs\archive\legacy_assets\images\NotebookLM Mind Map (1).png,4619230,.png,2026-01-05 17:00:29
docs\archive\legacy_assets\images\NotebookLM Mind Map.png,9551214,.png,2026-01-05 17:00:29
docs\archive\legacy_assets\images\Screenshot 2025-03-14 095931.png,148273,.png,2026-01-05 17:00:29
docs\archive\legacy_assets\reference\10-38-54-PL_Levels_Mapping_Request.txt,52479,.txt,2026-01-05 17:00:29
docs\archive\legacy_assets\reference\23-14-9-KGs_and_LLMs_for_AGI (1).txt,76060,.txt,2026-01-05 17:00:29
docs\archive\legacy_assets\reference\App high level build plan give to agents last'.txt,214137,.txt,2026-01-05 17:00:29
docs\archive\legacy_assets\reference\Core logic B 5-18.txt,19907,.txt,2026-01-05 17:00:29
docs\archive\legacy_assets\reference\core logic C 5-18.txt,18962,.txt,2026-01-05 17:00:29
docs\archive\legacy_assets\reference\Core logic D 5-18.txt,19355,.txt,2026-01-05 17:00:29
docs\archive\legacy_assets\reference\Core logic E PL levels 5-18.txt,12471,.txt,2026-01-05 17:00:29
docs\archive\legacy_assets\reference\CoreLogic A 5-18.txt,25993,.txt,2026-01-05 17:00:29
docs\archive\legacy_assets\reference\Numbe 1.txt,1592555,.txt,2026-01-05 17:00:29
docs\archive\legacy_assets\reference\number 10.txt,276101,.txt,2026-01-05 17:00:29
docs\archive\legacy_assets\reference\number 13.txt,215389,.txt,2026-01-05 17:00:29
docs\archive\legacy_assets\reference\number 14.txt,129928,.txt,2026-01-05 17:00:29
docs\archive\legacy_assets\reference\number 15.txt,76060,.txt,2026-01-05 17:00:29
docs\archive\legacy_assets\reference\number 2.txt,52479,.txt,2026-01-05 17:00:29
docs\archive\legacy_assets\reference\number 3.txt,1426485,.txt,2026-01-05 17:00:29
docs\archive\legacy_assets\reference\number 4.txt,215389,.txt,2026-01-05 17:00:29
docs\archive\legacy_assets\reference\number 5.txt,518493,.txt,2026-01-05 17:00:29
docs\archive\legacy_assets\reference\number 6.txt,249580,.txt,2026-01-05 17:00:29
docs\archive\legacy_assets\reference\number 8.txt,612572,.txt,2026-01-05 17:00:29
docs\archive\legacy_assets\reference\number 9.txt,518493,.txt,2026-01-05 17:00:29
docs\archive\legacy_assets\reference\number12.txt,133823,.txt,2026-01-05 17:00:29
docs\archive\legacy_chat\ai_chat.py,14349,.py,2026-01-05 17:00:29
docs\archive\legacy_chat\chat_api.py,6972,.py,2026-01-05 17:00:29
docs\archive\obsolete\CLOUD_REQUIREMENTS.md,2610,.md,2026-01-08 16:07:58
docs\archive\obsolete\DEPLOYMENT_CLOUD.md,7396,.md,2026-01-16 04:17:56
docs\archive\obsolete\DEPLOYMENT_DESKTOP.md,9267,.md,2026-01-16 04:17:04
docs\archive\obsolete\TEST_STATUS.md,8457,.md,2026-01-15 13:00:26
docs\archive\obsolete\UKG_WINDOWS_DESKTOP_GAP_ANALYSIS.md,28420,.md,2026-01-27 22:20:49
docs\archive\supporting-documents\README.md,8512,.md,2026-01-05 17:00:29
docs\whitepapers\Gap Analysis_ UKG_USKD White Paper vs. Full Technical Design Documentation.pdf,79335,.pdf,2026-01-10 20:33:21
docs\whitepapers\Integration of Knowledge Algorithms (KAs) into the UKG_USKD Architecture.pdf,172912,.pdf,2026-01-10 21:27:08
docs\whitepapers\Modular Design for UKG’s 12-Step Workflow and 17-Axis System.pdf,54351,.pdf,2026-01-10 22:01:47
docs\whitepapers\UKG_Grok_Whitepaper.md,332828,.md,2026-01-15 14:22:48
docs\whitepapers\UKG_USKD Deep Architecture and Compliance System – Supplementary White Paper Part 2.pdf,377058,.pdf,2026-01-10 21:12:01
docs\whitepapers\UKG_Workflow_Architecture.md,1106643,.md,2026-01-15 14:23:02
docs\whitepapers\Universal Knowledge Graph (UKG) and Universal Simulated Knowledge Database (USKD) – Technical White  (1).pdf,329522,.pdf,2026-01-10 20:20:34
docs\wireframes\2025-design-system.md,23343,.md,2026-01-05 17:00:29
docs\wireframes\chat-interface-2025.md,39816,.md,2026-01-05 17:00:29
docs\wireframes\knowledge-graph-dashboard-2025.md,54381,.md,2026-01-15 07:49:47
docs\wireframes\landing-page-2025.md,26256,.md,2026-01-05 17:00:29
docs\wireframes\login-auth-2025.md,43654,.md,2026-01-05 17:00:29
docs\wireframes\README.md,13889,.md,2026-01-05 17:00:29
documents\4D_Database_Solution Metadata acquation knowleagde graph.pdf,293190,.pdf,2026-01-05 17:00:29
documents\6f03c298-3e35-4c13-b222-4199bcf889c7_Advanced_4D_Acquisition_Knowledge_Framework_A_Comprehensive_Model_for_Federal_State_City_and_Local_Acquisition_Regulations.pdf,206022,.pdf,2026-01-05 17:00:29
documents\Algorithm of Thoughts- Enhancing Exploration of Ideas in Large Language Models.pdf,404266,.pdf,2026-01-05 17:00:29
documents\analysis of layered nested simulated database - Monica AI Chat.pdf,3556446,.pdf,2026-01-05 17:00:29
documents\ARCHITECTURE_BLUEPRINT.md,2736,.md,2026-01-31 15:57:47
documents\Comprehensive Enterprise Workflow & Process Guide for the Knowledge System.pdf,187260,.pdf,2026-01-05 17:00:29
documents\Full-Stack Chatbot with UKG Overlay – Developer Blueprint.pdf,155908,.pdf,2026-01-05 17:00:29
documents\Integrating the Model Context Protocol (MCP) into the Universal Knowledge Graph (UKG).pdf,307610,.pdf,2026-01-05 17:00:29
documents\Mathematical_Formulas_for_Universal_Knowledge_Framework_2.0.pdf,325678,.pdf,2026-01-05 17:00:29
documents\Multi Dimensional AI Driven Knowledge Framework A Technical Deep Dive.docm,156606,.docm,2026-01-05 17:00:29
documents\MVP Plan_ Universal Knowledge Graph (UKG) System.pdf,125625,.pdf,2026-01-05 17:00:29
documents\The Universal Knowledge Graph A Theoretical Framework for Next-Generation AI Architecture.pdf,3839801,.pdf,2026-01-05 17:00:29
documents\The_17_Axis_System__Comprehensive_Technical_Architecture.pdf,4110361,.pdf,2026-01-27 22:43:29
documents\ukg_yaml_v2_all_documents.pdf,263450,.pdf,2026-01-27 22:43:05
documents\Unified Coordinate System for UKG_USKD – Technical Documentation.pdf,114153,.pdf,2026-01-05 17:00:29
documents\Unified Knowledge System_ 13 Axes and Multi-Perspective Workflow.pdf,83642,.pdf,2026-01-05 17:00:29
documents\Universal Knowledge Algorithm (KA) System – Technical Report.pdf,264120,.pdf,2026-01-05 17:00:29
documents\Universal Knowledge Graph (UKG) Application Design & Development Guide.pdf,294100,.pdf,2026-01-05 17:00:29
documents\Universal Knowledge Graph (UKG) MVP – System Documentation.pdf,279570,.pdf,2026-01-05 17:00:29
documents\Universal Knowledge Graph Simulation Stack – 10-Layer Architecture Report.pdf,307507,.pdf,2026-01-05 17:00:29
documents\Universal Simulated Knowledge Database (USKD) & Universal Knowledge Graph (UKG) – System Documentati.pdf,376677,.pdf,2026-01-05 17:00:29
documents\Universal Simulated Knowledge Graph (UKG) – A Comprehensive White Paper.pdf,142510,.pdf,2026-01-05 17:00:29
documents\Universal_Knowledge_Database_Mathematical_Framework_White_Paper.pdf,345791,.pdf,2026-01-05 17:00:29
documents\Universal_Knowledge_Framework_-_Enhanced_Design_System.pdf,255242,.pdf,2026-01-05 17:00:29
documents\Universal_Knowledge_Graph_(UKG)_Mathematical_Framework_Conversion.pdf,693399,.pdf,2026-01-05 17:00:29
documents\__Nested Simulated Memory Architecture of UKG_USKD – 10-Layer Technical Documentation__ (1).pdf,231504,.pdf,2026-01-05 17:00:29
frontend\.dockerignore,90,,2026-01-08 16:01:03
frontend\.gitignore,480,,2026-01-08 15:17:56
frontend\build.log,862,.log,2026-01-29 14:37:22
frontend\build_error.log,403,.log,2026-01-28 00:24:30
frontend\build_error_2.log,1460,.log,2026-01-28 00:26:27
frontend\build_installer.ps1,2095,.ps1,2026-01-30 09:51:17
frontend\build_log.txt,1084,.txt,2026-01-30 13:02:33
frontend\build_log_5.txt,1577,.txt,2026-01-28 10:23:52
frontend\build_log_attempt3.txt,3713,.txt,2026-01-30 13:08:27
frontend\build_log_attempt4.txt,3713,.txt,2026-01-30 13:09:14
frontend\build_log_deps_fix.txt,32063,.txt,2026-01-28 10:37:23
frontend\build_log_final.txt,2215,.txt,2026-01-28 10:25:19
frontend\build_log_fix.txt,2273,.txt,2026-01-28 10:26:57
frontend\build_log_retry.txt,3890,.txt,2026-01-30 13:03:34
frontend\build_output.txt,3233,.txt,2026-01-29 13:49:00
frontend\build_report.txt,87,.txt,2026-01-08 17:35:31
frontend\build_standalone_error.log,4060,.log,2026-01-29 15:05:08
frontend\build_verbose.log,87,.log,2026-01-08 17:35:09
frontend\chat_test_debug.log,143826,.log,2026-02-02 19:50:35
frontend\chat_test_debug_v10.log,9554,.log,2026-02-02 20:08:49
frontend\chat_test_debug_v11.log,1908,.log,2026-02-02 20:09:24
frontend\chat_test_debug_v12.log,13415,.log,2026-02-02 20:09:52
frontend\chat_test_debug_v13.log,13416,.log,2026-02-02 20:10:32
frontend\chat_test_debug_v14.log,13486,.log,2026-02-02 20:10:50
frontend\chat_test_debug_v15.log,2444,.log,2026-02-02 20:11:23
frontend\chat_test_debug_v16.log,13515,.log,2026-02-02 20:15:44
frontend\chat_test_debug_v17.log,13209,.log,2026-02-02 20:17:14
frontend\chat_test_debug_v18.log,8035,.log,2026-02-02 20:18:23
frontend\chat_test_debug_v19.log,8035,.log,2026-02-02 20:19:17
frontend\chat_test_debug_v2.log,13430,.log,2026-02-02 19:57:11
frontend\chat_test_debug_v20.log,8034,.log,2026-02-02 20:20:53
frontend\chat_test_debug_v21.log,8034,.log,2026-02-02 20:23:06
frontend\chat_test_debug_v3.log,14842,.log,2026-02-02 19:59:11
frontend\chat_test_debug_v4.log,14841,.log,2026-02-02 20:02:36
frontend\chat_test_debug_v5.log,14841,.log,2026-02-02 20:03:42
frontend\chat_test_debug_v6.log,4042,.log,2026-02-02 20:04:18
frontend\chat_test_debug_v7.log,4042,.log,2026-02-02 20:04:51
frontend\chat_test_debug_v8.log,4042,.log,2026-02-02 20:07:45
frontend\chat_test_debug_v9.log,4042,.log,2026-02-02 20:08:17
frontend\Dockerfile,986,,2026-01-29 21:45:43
frontend\eb_build.log,8181,.log,2026-01-30 09:44:28
frontend\eb_build_nosign.log,8181,.log,2026-01-30 09:45:28
frontend\eb_error.log,4162,.log,2026-01-30 09:43:25
frontend\electron-builder.yml,809,.yml,2026-01-30 10:08:12
frontend\eslint.config.mjs,851,.mjs,2026-02-02 15:29:35
frontend\frontend_final_coverage.log,28163,.log,2026-02-02 15:45:10
frontend\frontend_test.log,32034,.log,2026-02-02 15:43:11
frontend\lint-results.json,11655043,.json,2026-01-28 19:05:39
frontend\lint_final.txt,31179,.txt,2026-01-15 09:45:17
frontend\lint_final_v2.txt,3257,.txt,2026-01-15 09:47:07
frontend\lint_output.txt,19063,.txt,2026-01-15 09:43:36
frontend\lint_output_final.txt,838,.txt,2026-01-10 21:30:43
frontend\lint_output_fresh.txt,1854,.txt,2026-01-10 21:15:05
frontend\lint_output_qa.txt,2175,.txt,2026-01-28 00:48:37
frontend\lint_output_v2.txt,31179,.txt,2026-01-15 09:44:58
frontend\manual_build.log,34,.log,2026-01-30 09:48:54
frontend\middleware.ts,2956,.ts,2026-02-02 15:25:53
frontend\middleware.ts.bak,3022,.bak,2026-01-15 09:50:11
frontend\next-env.d.ts,211,.ts,2026-01-29 13:11:40
frontend\next.config.ts,1664,.ts,2026-01-30 13:28:16
frontend\nsis_build.log,5214,.log,2026-01-30 09:54:50
frontend\package-lock.json,830526,.json,2026-02-02 14:37:42
frontend\package.json,3010,.json,2026-02-04 00:14:19
frontend\packaging_error.log,4078,.log,2026-01-28 00:32:32
frontend\packaging_error_2.log,9511,.log,2026-01-28 00:35:31
frontend\packaging_error_3.log,5578,.log,2026-01-28 00:44:52
frontend\playwright-electron.config.ts,1396,.ts,2026-02-04 00:14:38
frontend\postcss.config.mjs,94,.mjs,2026-01-08 15:17:56
frontend\README.md,7316,.md,2026-01-15 19:51:58
frontend\storybook.log,965,.log,2026-01-28 10:16:57
frontend\storybook_build_log.txt,2376,.txt,2026-01-28 10:08:44
frontend\storybook_build_log_2.txt,3646,.txt,2026-01-28 10:10:51
frontend\storybook_debug_3.txt,3647,.txt,2026-01-28 10:12:18
frontend\test_results.log,36780,.log,2026-02-02 21:46:00
frontend\tsconfig.json,818,.json,2026-01-30 13:03:17
frontend\tsconfig.tsbuildinfo,150153,.tsbuildinfo,2026-02-02 13:41:27
frontend\ui_coverage_final.log,74581,.log,2026-02-02 16:23:50
frontend\ui_coverage_v2.log,24527,.log,2026-02-02 16:29:53
frontend\ui_coverage_v3.log,24071,.log,2026-02-02 16:30:31
frontend\vitest.config.ts,785,.ts,2026-02-02 14:39:23
frontend\vitest.setup.ts,521,.ts,2026-02-02 14:41:43
frontend\vitest.shims.d.ts,52,.ts,2026-01-28 10:00:50
frontend\.storybook\main.cjs,791,.cjs,2026-02-02 13:44:05
frontend\.storybook\next-config-mock.js,88,.js,2026-01-28 10:26:22
frontend\.storybook\preview.ts,321,.ts,2026-01-28 10:37:51
frontend\.storybook\vitest.setup.ts,460,.ts,2026-01-28 10:01:04
frontend\app\favicon.ico,25931,.ico,2026-01-08 15:17:56
frontend\app\global-error.tsx,3502,.tsx,2026-01-10 21:12:10
frontend\app\globals.css,2639,.css,2026-01-30 12:58:03
frontend\app\layout.tsx,2850,.tsx,2026-01-30 13:05:15
frontend\app\not-found.tsx,894,.tsx,2026-01-08 16:12:14
frontend\app\page.tsx,5080,.tsx,2026-01-29 13:24:04
frontend\app\(auth)\layout.tsx,424,.tsx,2026-01-08 15:26:58
frontend\app\(auth)\login\page.tsx,5579,.tsx,2026-01-15 09:20:46
frontend\app\(auth)\register\page.tsx,4793,.tsx,2026-01-15 09:26:24
frontend\app\about\page.tsx,6383,.tsx,2026-01-16 01:24:13
frontend\app\about\ai-limitations\page.tsx,5480,.tsx,2026-01-16 02:56:38
frontend\app\about\cloud-services\page.tsx,6007,.tsx,2026-01-16 02:57:00
frontend\app\admin\page.tsx,8427,.tsx,2026-01-28 09:32:03
frontend\app\admin\compliance\page.tsx,5457,.tsx,2026-01-27 22:20:49
frontend\app\admin\mcp\page.tsx,6068,.tsx,2026-01-15 09:29:06
frontend\app\admin\mcp\servers\page.tsx,5657,.tsx,2026-01-27 22:20:49
frontend\app\algorithms\page.tsx,3507,.tsx,2026-01-08 15:32:29
frontend\app\analytics\page.tsx,7424,.tsx,2026-01-10 21:07:53
frontend\app\chat\page.tsx,236,.tsx,2026-01-29 13:16:19
frontend\app\dashboard\page.tsx,12628,.tsx,2026-01-28 23:57:00
frontend\app\graph\page.tsx,15806,.tsx,2026-01-29 13:33:14
frontend\app\knowledge\page.tsx,4061,.tsx,2026-01-10 21:11:24
frontend\app\legal\privacy\page.tsx,9561,.tsx,2026-01-16 01:24:12
frontend\app\mcp\page.tsx,2909,.tsx,2026-01-29 14:05:40
frontend\app\profile\page.tsx,6069,.tsx,2026-01-28 00:50:14
frontend\app\projects\page.tsx,9457,.tsx,2026-01-30 12:58:15
frontend\app\projects\[id]\page.tsx,433,.tsx,2026-01-29 14:40:41
frontend\app\runs\page.tsx,3984,.tsx,2026-01-28 08:43:54
frontend\app\runs\view\page.tsx,11746,.tsx,2026-01-28 08:50:07
frontend\app\settings\page.tsx,8501,.tsx,2026-01-29 14:12:36
frontend\app\settings\privacy\page.tsx,6242,.tsx,2026-01-28 08:44:02
frontend\app\simulations\page.tsx,11206,.tsx,2026-01-29 13:24:33
frontend\app\truth-engine\page.tsx,7060,.tsx,2026-01-29 13:02:43
frontend\components\AppInitializer.test.tsx,1226,.tsx,2026-02-02 22:41:45
frontend\components\AppInitializer.tsx,779,.tsx,2026-01-30 13:04:47
frontend\components\CloudDisclosureBanner.test.tsx,1582,.tsx,2026-02-02 22:41:56
frontend\components\CloudDisclosureBanner.tsx,2415,.tsx,2026-01-16 04:02:53
frontend\components\DesktopStatus.test.tsx,3288,.tsx,2026-02-02 22:48:46
frontend\components\DesktopStatus.tsx,3134,.tsx,2026-01-30 10:37:07
frontend\components\LLMSettings.test.tsx,3684,.tsx,2026-02-02 22:42:34
frontend\components\LLMSettings.tsx,5043,.tsx,2026-01-16 03:32:05
frontend\components\NavBar.test.tsx,4393,.tsx,2026-02-02 22:50:01
frontend\components\NavBar.tsx,9301,.tsx,2026-02-02 22:47:52
frontend\components\PlaceholderPage.test.tsx,1276,.tsx,2026-02-02 22:43:08
frontend\components\PlaceholderPage.tsx,2703,.tsx,2026-02-02 22:47:35
frontend\components\ThemeToggle.test.tsx,2978,.tsx,2026-02-02 22:43:28
frontend\components\ThemeToggle.tsx,905,.tsx,2026-02-02 22:47:45
frontend\components\Chat\AdvancedControls.test.tsx,1723,.tsx,2026-02-02 16:20:36
frontend\components\Chat\AdvancedControls.tsx,6281,.tsx,2026-01-29 13:36:37
frontend\components\Chat\ChatInterface.test.tsx,5553,.tsx,2026-02-02 20:25:52
frontend\components\Chat\ChatInterface.tsx,17830,.tsx,2026-02-02 20:33:08
frontend\components\Chat\DetailedResponseView.test.tsx,1287,.tsx,2026-02-02 14:54:03
frontend\components\Chat\DetailedResponseView.tsx,6937,.tsx,2026-01-29 13:39:17
frontend\components\Chat\LiveTracePanel.test.tsx,1269,.tsx,2026-02-02 14:54:20
frontend\components\Chat\LiveTracePanel.tsx,8337,.tsx,2026-01-29 13:53:26
frontend\components\Chat\MessageBubble.test.tsx,1627,.tsx,2026-02-02 14:48:20
frontend\components\Chat\MessageBubble.tsx,6244,.tsx,2026-02-02 16:21:33
frontend\components\Chat\TraceVisualizer.test.tsx,634,.tsx,2026-02-02 14:55:42
frontend\components\Chat\TraceVisualizer.tsx,5219,.tsx,2026-01-28 19:30:32
frontend\components\Chat\types.ts,1205,.ts,2026-01-29 13:29:04
frontend\components\Dashboard\CommandBar.test.tsx,1577,.tsx,2026-02-02 14:55:51
frontend\components\Dashboard\CommandBar.tsx,3952,.tsx,2026-02-02 15:43:37
frontend\components\Dashboard\ComplianceTrendChart.test.tsx,1632,.tsx,2026-02-02 21:42:06
frontend\components\Dashboard\ComplianceTrendChart.tsx,3199,.tsx,2026-02-02 15:41:18
frontend\components\Graph\AxisSelector.test.tsx,1147,.tsx,2026-02-02 14:56:29
frontend\components\Graph\AxisSelector.tsx,2145,.tsx,2026-02-02 22:11:53
frontend\components\layout\AppSidebar.test.tsx,2156,.tsx,2026-02-02 14:56:31
frontend\components\layout\AppSidebar.tsx,6064,.tsx,2026-01-28 23:56:42
frontend\components\mcp\McpAnalytics.test.tsx,1998,.tsx,2026-02-02 21:42:08
frontend\components\mcp\McpAnalytics.tsx,10036,.tsx,2026-01-28 19:28:54
frontend\components\mcp\McpClientConfig.test.tsx,2164,.tsx,2026-02-02 14:58:22
frontend\components\mcp\McpClientConfig.tsx,15390,.tsx,2026-01-29 14:21:20
frontend\components\mcp\McpHub.test.tsx,998,.tsx,2026-02-02 14:47:33
frontend\components\mcp\McpHub.tsx,5599,.tsx,2026-01-28 09:07:23
frontend\components\mcp\McpIntegrationExamples.test.tsx,2137,.tsx,2026-02-02 14:54:46
frontend\components\mcp\McpIntegrationExamples.tsx,5946,.tsx,2026-01-29 14:22:47
frontend\components\mcp\McpServerConfig.test.tsx,719,.tsx,2026-02-02 14:50:01
frontend\components\mcp\McpServerConfig.tsx,18923,.tsx,2026-01-29 14:24:37
frontend\components\mcp\types.ts,1103,.ts,2026-01-29 13:49:32
frontend\components\projects\ProjectDetail.test.tsx,1837,.tsx,2026-02-02 22:43:57
frontend\components\projects\ProjectDetail.tsx,8108,.tsx,2026-01-29 14:40:12
frontend\components\settings\ApiOverlayConfig.test.tsx,3819,.tsx,2026-02-02 16:21:13
frontend\components\settings\ApiOverlayConfig.tsx,21239,.tsx,2026-02-02 16:22:08
frontend\components\settings\DatabaseSettings.test.tsx,3039,.tsx,2026-02-02 14:57:40
frontend\components\settings\DatabaseSettings.tsx,13224,.tsx,2026-01-28 21:38:39
frontend\components\ui\alert-dialog.test.tsx,1019,.tsx,2026-02-02 14:40:32
frontend\components\ui\alert-dialog.tsx,4577,.tsx,2026-01-16 01:14:46
frontend\components\ui\alert.test.tsx,966,.tsx,2026-02-02 14:41:14
frontend\components\ui\alert.tsx,1643,.tsx,2026-01-08 17:27:06
frontend\components\ui\api-error-boundary.test.tsx,2683,.tsx,2026-02-02 16:30:14
frontend\components\ui\api-error-boundary.tsx,2209,.tsx,2026-01-15 09:25:30
frontend\components\ui\avatar.test.tsx,885,.tsx,2026-02-02 14:41:17
frontend\components\ui\avatar.tsx,1220,.tsx,2026-01-10 21:08:51
frontend\components\ui\badge.test.tsx,728,.tsx,2026-02-02 14:40:09
frontend\components\ui\badge.tsx,1177,.tsx,2026-01-08 15:28:13
frontend\components\ui\breadcrumbs.test.tsx,1641,.tsx,2026-02-02 16:28:26
frontend\components\ui\breadcrumbs.tsx,1596,.tsx,2026-02-02 16:24:43
frontend\components\ui\button.test.tsx,1333,.tsx,2026-02-02 14:39:39
frontend\components\ui\button.tsx,2095,.tsx,2026-01-28 18:32:56
frontend\components\ui\card.test.tsx,1147,.tsx,2026-02-02 14:39:43
frontend\components\ui\card.tsx,1911,.tsx,2026-01-28 09:34:00
frontend\components\ui\cloud-status-indicator.test.tsx,1114,.tsx,2026-02-02 16:28:32
frontend\components\ui\cloud-status-indicator.tsx,2908,.tsx,2026-01-27 22:20:49
frontend\components\ui\copy-button.test.tsx,1719,.tsx,2026-02-02 16:28:29
frontend\components\ui\copy-button.tsx,1039,.tsx,2026-02-02 16:24:45
frontend\components\ui\dialog.test.tsx,1208,.tsx,2026-02-02 14:40:29
frontend\components\ui\dialog.tsx,3970,.tsx,2026-01-29 13:09:27
frontend\components\ui\dropdown-menu.test.tsx,837,.tsx,2026-02-02 14:43:33
frontend\components\ui\dropdown-menu.tsx,7499,.tsx,2026-01-10 20:41:46
frontend\components\ui\input.test.tsx,1258,.tsx,2026-02-02 14:39:41
frontend\components\ui\input.tsx,996,.tsx,2026-01-28 09:34:49
frontend\components\ui\label.test.tsx,552,.tsx,2026-02-02 14:39:45
frontend\components\ui\label.tsx,750,.tsx,2026-01-08 17:27:04
frontend\components\ui\page-layout.test.tsx,1946,.tsx,2026-02-02 21:38:16
frontend\components\ui\page-layout.tsx,2185,.tsx,2026-01-15 09:37:47
frontend\components\ui\progress.test.tsx,353,.tsx,2026-02-02 14:43:07
frontend\components\ui\progress.tsx,819,.tsx,2026-01-29 13:09:25
frontend\components\ui\scroll-area.test.tsx,673,.tsx,2026-02-02 16:23:28
frontend\components\ui\scroll-area.tsx,1654,.tsx,2026-01-28 18:30:27
frontend\components\ui\select.test.tsx,1110,.tsx,2026-02-02 14:39:49
frontend\components\ui\select.tsx,2502,.tsx,2026-01-15 09:33:30
frontend\components\ui\separator.test.tsx,1134,.tsx,2026-02-02 14:39:51
frontend\components\ui\separator.tsx,801,.tsx,2026-01-29 13:09:11
frontend\components\ui\sheet.test.tsx,904,.tsx,2026-02-02 14:40:35
frontend\components\ui\sheet.tsx,4419,.tsx,2026-01-29 13:11:02
frontend\components\ui\skeleton.test.tsx,1025,.tsx,2026-02-02 21:38:18
frontend\components\ui\skeleton.tsx,306,.tsx,2026-02-02 21:46:20
frontend\components\ui\slider.test.tsx,499,.tsx,2026-02-02 14:41:12
frontend\components\ui\slider.tsx,1119,.tsx,2026-01-29 13:09:15
frontend\components\ui\switch.test.tsx,740,.tsx,2026-02-02 14:42:43
frontend\components\ui\switch.tsx,1232,.tsx,2026-01-08 15:29:57
frontend\components\ui\table.test.tsx,1179,.tsx,2026-02-02 14:40:37
frontend\components\ui\table.tsx,2996,.tsx,2026-01-08 15:28:47
frontend\components\ui\tabs.test.tsx,1050,.tsx,2026-02-02 14:42:27
frontend\components\ui\tabs.tsx,2677,.tsx,2026-01-08 15:34:05
frontend\components\ui\use-toast.test.tsx,1973,.tsx,2026-02-02 16:28:31
frontend\components\ui\use-toast.tsx,3129,.tsx,2026-02-02 16:24:47
frontend\contexts\AuthContext.tsx,4533,.tsx,2026-01-30 09:46:22
frontend\contexts\ThemeContext.tsx,2003,.tsx,2026-01-15 09:25:44
frontend\dist-electron\main.js,9085,.js,2026-02-02 13:21:43
frontend\dist-electron\preload.js,1356,.js,2026-02-02 13:21:43
frontend\electron\main.ts,7031,.ts,2026-02-02 13:43:18
frontend\electron\preload.ts,1289,.ts,2026-01-30 10:18:22
frontend\electron\tsconfig.json,395,.json,2026-01-27 22:57:51
frontend\lib\socket.ts,4639,.ts,2026-01-13 07:38:36
frontend\lib\utils.ts,281,.ts,2026-01-08 15:34:24
frontend\lib\api\auth.ts,1057,.ts,2026-01-27 22:31:17
frontend\lib\api\chat.ts,1255,.ts,2026-02-04 00:08:03
frontend\lib\api\compliance.ts,561,.ts,2026-01-16 01:32:47
frontend\lib\api\index.ts,2114,.ts,2026-01-29 12:57:58
frontend\lib\api\knowledge.ts,402,.ts,2026-02-04 00:08:15
frontend\lib\api\mcp.ts,2482,.ts,2026-02-04 00:08:17
frontend\lib\api\simulation.ts,495,.ts,2026-02-04 00:08:19
frontend\lib\api\system_chat.ts,765,.ts,2026-02-04 00:08:21
frontend\lib\api\trace.ts,590,.ts,2026-02-04 00:08:23
frontend\lib\api\types.ts,4301,.ts,2026-01-29 13:25:45
frontend\public\file.svg,391,.svg,2026-01-08 15:17:56
frontend\public\globe.svg,1035,.svg,2026-01-08 15:17:56
frontend\public\icon.png,589360,.png,2026-01-30 10:07:32
frontend\public\manifest.json,1045,.json,2026-01-16 01:42:35
frontend\public\next.svg,1375,.svg,2026-01-08 15:17:56
frontend\public\sw.js,1489,.js,2026-01-13 10:12:15
frontend\public\vercel.svg,128,.svg,2026-01-08 15:17:56
frontend\public\window.svg,385,.svg,2026-01-08 15:17:56
frontend\stories\Alert.stories.tsx,1095,.tsx,2026-01-28 10:30:40
frontend\stories\AlertDialog.stories.tsx,1388,.tsx,2026-02-02 15:21:17
frontend\stories\AppSidebar.stories.tsx,771,.tsx,2026-01-28 10:02:12
frontend\stories\Avatar.stories.tsx,747,.tsx,2026-01-28 10:30:00
frontend\stories\Badge.stories.tsx,894,.tsx,2026-01-28 10:29:57
frontend\stories\Button.stories.tsx,1249,.tsx,2026-01-28 10:01:57
frontend\stories\Card.stories.tsx,1821,.tsx,2026-01-28 10:01:58
frontend\stories\CloudStatusIndicator.stories.tsx,544,.tsx,2026-01-28 10:30:32
frontend\stories\Configure.mdx,13063,.mdx,2026-01-28 10:00:21
frontend\stories\DesktopStatus.stories.tsx,386,.tsx,2026-02-02 15:22:15
frontend\stories\Dialog.stories.tsx,915,.tsx,2026-02-02 15:21:05
frontend\stories\DropdownMenu.stories.tsx,4215,.tsx,2026-01-28 10:31:16
frontend\stories\Input.stories.tsx,953,.tsx,2026-01-28 10:29:54
frontend\stories\NavBar.stories.tsx,618,.tsx,2026-02-02 15:22:16
frontend\stories\Progress.stories.tsx,444,.tsx,2026-02-02 15:21:12
frontend\stories\Select.stories.tsx,851,.tsx,2026-01-28 10:30:39
frontend\stories\Sheet.stories.tsx,855,.tsx,2026-02-02 15:21:08
frontend\stories\Skeleton.stories.tsx,1074,.tsx,2026-01-28 10:31:14
frontend\stories\Slider.stories.tsx,478,.tsx,2026-02-02 15:21:15
frontend\stories\Switch.stories.tsx,715,.tsx,2026-01-28 10:30:01
frontend\stories\Table.stories.tsx,1407,.tsx,2026-02-02 15:21:10
frontend\stories\Tabs.stories.tsx,1388,.tsx,2026-01-28 10:30:35
frontend\stories\ThemeToggle.stories.tsx,374,.tsx,2026-02-02 15:22:18
frontend\stories\assets\accessibility.png,42336,.png,2026-01-28 09:55:33
frontend\stories\assets\accessibility.svg,1541,.svg,2026-01-28 09:55:33
frontend\stories\assets\addon-library.png,467366,.png,2026-01-28 09:55:33
frontend\stories\assets\assets.png,3899,.png,2026-01-28 09:55:33
frontend\stories\assets\avif-test-image.avif,829,.avif,2026-01-28 09:55:33
frontend\stories\assets\context.png,6119,.png,2026-01-28 09:55:33
frontend\stories\assets\discord.svg,2392,.svg,2026-01-28 09:55:33
frontend\stories\assets\docs.png,27875,.png,2026-01-28 09:55:33
frontend\stories\assets\figma-plugin.png,44246,.png,2026-01-28 09:55:33
frontend\stories\assets\github.svg,2720,.svg,2026-01-28 09:55:33
frontend\stories\assets\share.png,40767,.png,2026-01-28 09:55:33
frontend\stories\assets\styling.png,7237,.png,2026-01-28 09:55:33
frontend\stories\assets\testing.png,49313,.png,2026-01-28 09:55:33
frontend\stories\assets\theming.png,44374,.png,2026-01-28 09:55:33
frontend\stories\assets\tutorials.svg,1258,.svg,2026-01-28 09:55:33
frontend\stories\assets\youtube.svg,716,.svg,2026-01-28 09:55:33
frontend\stories\Chat\AdvancedControls.stories.tsx,430,.tsx,2026-02-02 15:21:55
frontend\stories\Chat\ChatInterface.stories.tsx,391,.tsx,2026-02-02 15:22:00
frontend\stories\Chat\DetailedResponseView.stories.tsx,1146,.tsx,2026-02-02 15:21:56
frontend\stories\Chat\LiveTracePanel.stories.tsx,631,.tsx,2026-02-02 15:21:58
frontend\stories\Chat\MessageBubble.stories.tsx,1168,.tsx,2026-02-02 15:22:01
frontend\stories\Chat\TraceVisualizer.stories.tsx,426,.tsx,2026-02-02 15:21:57
frontend\stories\Dashboard\CommandBar.stories.tsx,383,.tsx,2026-02-02 15:22:08
frontend\stories\Dashboard\ComplianceTrendChart.stories.tsx,441,.tsx,2026-02-02 15:22:10
frontend\stories\Graph\AxisSelector.stories.tsx,575,.tsx,2026-02-02 15:22:11
frontend\stories\mcp\McpAnalytics.stories.tsx,383,.tsx,2026-02-02 15:22:02
frontend\stories\mcp\McpClientConfig.stories.tsx,397,.tsx,2026-02-02 15:22:03
frontend\stories\mcp\McpHub.stories.tsx,347,.tsx,2026-02-02 15:22:59
frontend\stories\mcp\McpIntegrationExamples.stories.tsx,441,.tsx,2026-02-02 15:22:06
frontend\stories\mcp\McpServerConfig.stories.tsx,397,.tsx,2026-02-02 15:22:07
frontend\stories\settings\ApiOverlayConfig.stories.tsx,417,.tsx,2026-02-02 15:22:12
frontend\stories\settings\DatabaseSettings.stories.tsx,413,.tsx,2026-02-02 15:22:14
frontend\storybook-static\1294.e76b5652.iframe.bundle.js,1514,.js,2026-02-02 15:22:48
frontend\storybook-static\1920.d7f93ccd.iframe.bundle.js,7770,.js,2026-02-02 15:22:48
frontend\storybook-static\1968.0f1704fd.iframe.bundle.js,18832,.js,2026-02-02 15:22:48
frontend\storybook-static\1968.0f1704fd.iframe.bundle.js.LICENSE.txt,173,.txt,2026-02-02 15:22:48
frontend\storybook-static\2045.db6b6782.iframe.bundle.js,29607,.js,2026-02-02 15:22:48
frontend\storybook-static\2045.db6b6782.iframe.bundle.js.LICENSE.txt,173,.txt,2026-02-02 15:22:48
frontend\storybook-static\3109.730fba5c.iframe.bundle.js,45159,.js,2026-02-02 15:22:48
frontend\storybook-static\3172.64cde43b.iframe.bundle.js,97938,.js,2026-02-02 15:22:48
frontend\storybook-static\3172.64cde43b.iframe.bundle.js.LICENSE.txt,173,.txt,2026-02-02 15:22:48
frontend\storybook-static\3617.236b0135.iframe.bundle.js,25951,.js,2026-02-02 15:22:48
frontend\storybook-static\3812.e3c90f4a.iframe.bundle.js,15000,.js,2026-02-02 15:22:48
frontend\storybook-static\4167.e9b06729.iframe.bundle.js,2834,.js,2026-02-02 15:22:48
frontend\storybook-static\4274.3ca2287b.iframe.bundle.js,60562,.js,2026-02-02 15:22:48
frontend\storybook-static\4485.a5a361e5.iframe.bundle.js,49743,.js,2026-02-02 15:22:48
frontend\storybook-static\4485.a5a361e5.iframe.bundle.js.LICENSE.txt,173,.txt,2026-02-02 15:22:48
frontend\storybook-static\4604.c3c5387f.iframe.bundle.js,597869,.js,2026-02-02 15:22:48
frontend\storybook-static\4604.c3c5387f.iframe.bundle.js.LICENSE.txt,1129,.txt,2026-02-02 15:22:48
frontend\storybook-static\5169.b548a7df.iframe.bundle.js,35821,.js,2026-02-02 15:22:48
frontend\storybook-static\5169.b548a7df.iframe.bundle.js.LICENSE.txt,173,.txt,2026-02-02 15:22:48
frontend\storybook-static\6384.fe1ccefa.iframe.bundle.js,18269,.js,2026-02-02 15:22:48
frontend\storybook-static\6862.c3b0de81.iframe.bundle.js,17103,.js,2026-02-02 15:22:48
frontend\storybook-static\6862.c3b0de81.iframe.bundle.js.LICENSE.txt,173,.txt,2026-02-02 15:22:48
frontend\storybook-static\6869.dba5c258.iframe.bundle.js,39280,.js,2026-02-02 15:22:48
frontend\storybook-static\7123.2fdd62a2.iframe.bundle.js,1938766,.js,2026-02-02 15:22:48
frontend\storybook-static\7123.2fdd62a2.iframe.bundle.js.LICENSE.txt,1328,.txt,2026-02-02 15:22:48
frontend\storybook-static\7123.2fdd62a2.iframe.bundle.js.map,783010,.map,2026-02-02 15:22:48
frontend\storybook-static\7364.0dd12f26.iframe.bundle.js,483,.js,2026-02-02 15:22:48
frontend\storybook-static\7551.d324ddb3.iframe.bundle.js,19513,.js,2026-02-02 15:22:48
frontend\storybook-static\7551.d324ddb3.iframe.bundle.js.LICENSE.txt,173,.txt,2026-02-02 15:22:48
frontend\storybook-static\7948.751edd08.iframe.bundle.js,14671,.js,2026-02-02 15:22:48
frontend\storybook-static\7948.751edd08.iframe.bundle.js.LICENSE.txt,173,.txt,2026-02-02 15:22:48
frontend\storybook-static\844.ac7d7da8.iframe.bundle.js,1012599,.js,2026-02-02 15:22:48
frontend\storybook-static\844.ac7d7da8.iframe.bundle.js.map,1322123,.map,2026-02-02 15:22:48
frontend\storybook-static\8681.641db433.iframe.bundle.js,41560,.js,2026-02-02 15:22:48
frontend\storybook-static\8735.94e132ac.iframe.bundle.js,367500,.js,2026-02-02 15:22:48
frontend\storybook-static\8735.94e132ac.iframe.bundle.js.LICENSE.txt,239,.txt,2026-02-02 15:22:48
frontend\storybook-static\8924.ba7e56fe.iframe.bundle.js,97896,.js,2026-02-02 15:22:48
frontend\storybook-static\8924.ba7e56fe.iframe.bundle.js.LICENSE.txt,173,.txt,2026-02-02 15:22:48
frontend\storybook-static\8995.bb99d63d.iframe.bundle.js,34613,.js,2026-02-02 15:22:48
frontend\storybook-static\9831.1541a157.iframe.bundle.js,28819,.js,2026-02-02 15:22:48
frontend\storybook-static\9924.bebe5470.iframe.bundle.js,16805,.js,2026-02-02 15:22:48
frontend\storybook-static\9924.bebe5470.iframe.bundle.js.LICENSE.txt,173,.txt,2026-02-02 15:22:48
frontend\storybook-static\Alert-stories.870ed8fd.iframe.bundle.js,8817,.js,2026-02-02 15:22:48
frontend\storybook-static\Alert-stories.870ed8fd.iframe.bundle.js.LICENSE.txt,173,.txt,2026-02-02 15:22:48
frontend\storybook-static\AlertDialog-stories.4c23d825.iframe.bundle.js,28533,.js,2026-02-02 15:22:48
frontend\storybook-static\AppSidebar-stories.8e07353d.iframe.bundle.js,21654,.js,2026-02-02 15:22:48
frontend\storybook-static\AppSidebar-stories.8e07353d.iframe.bundle.js.LICENSE.txt,173,.txt,2026-02-02 15:22:48
frontend\storybook-static\Avatar-stories.bf318fbd.iframe.bundle.js,3232,.js,2026-02-02 15:22:48
frontend\storybook-static\Badge-stories.d75646c4.iframe.bundle.js,4143,.js,2026-02-02 15:22:48
frontend\storybook-static\Button-stories.212001c4.iframe.bundle.js,15714,.js,2026-02-02 15:22:48
frontend\storybook-static\Button-stories.212001c4.iframe.bundle.js.LICENSE.txt,173,.txt,2026-02-02 15:22:48
frontend\storybook-static\Card-stories.e89f5b7c.iframe.bundle.js,10868,.js,2026-02-02 15:22:48
frontend\storybook-static\Card-stories.e89f5b7c.iframe.bundle.js.LICENSE.txt,173,.txt,2026-02-02 15:22:48
frontend\storybook-static\Chat-AdvancedControls-stories.ad1e8465.iframe.bundle.js,3859,.js,2026-02-02 15:22:48
frontend\storybook-static\Chat-AdvancedControls-stories.ad1e8465.iframe.bundle.js.LICENSE.txt,173,.txt,2026-02-02 15:22:48
frontend\storybook-static\Chat-ChatInterface-stories.4ce9e874.iframe.bundle.js,42873,.js,2026-02-02 15:22:48
frontend\storybook-static\Chat-DetailedResponseView-stories.a4f9a16d.iframe.bundle.js,31134,.js,2026-02-02 15:22:48
frontend\storybook-static\Chat-DetailedResponseView-stories.a4f9a16d.iframe.bundle.js.LICENSE.txt,173,.txt,2026-02-02 15:22:48
frontend\storybook-static\Chat-LiveTracePanel-stories.2ac4ea61.iframe.bundle.js,6434,.js,2026-02-02 15:22:48
frontend\storybook-static\Chat-MessageBubble-stories.c9580991.iframe.bundle.js,20898,.js,2026-02-02 15:22:48
frontend\storybook-static\Chat-MessageBubble-stories.c9580991.iframe.bundle.js.LICENSE.txt,173,.txt,2026-02-02 15:22:48
frontend\storybook-static\Chat-TraceVisualizer-stories.1775eba5.iframe.bundle.js,16681,.js,2026-02-02 15:22:48
frontend\storybook-static\Chat-TraceVisualizer-stories.1775eba5.iframe.bundle.js.LICENSE.txt,173,.txt,2026-02-02 15:22:48
frontend\storybook-static\CloudStatusIndicator-stories.c3d4b12d.iframe.bundle.js,10336,.js,2026-02-02 15:22:48
frontend\storybook-static\CloudStatusIndicator-stories.c3d4b12d.iframe.bundle.js.LICENSE.txt,173,.txt,2026-02-02 15:22:48
frontend\storybook-static\Configure-mdx.29dae797.iframe.bundle.js,17628,.js,2026-02-02 15:22:48
frontend\storybook-static\Dashboard-CommandBar-stories.5b4fd45b.iframe.bundle.js,22963,.js,2026-02-02 15:22:48
frontend\storybook-static\Dashboard-CommandBar-stories.5b4fd45b.iframe.bundle.js.LICENSE.txt,173,.txt,2026-02-02 15:22:48
frontend\storybook-static\Dashboard-ComplianceTrendChart-stories.3bde8c08.iframe.bundle.js,11600,.js,2026-02-02 15:22:48
frontend\storybook-static\DesktopStatus-stories.01f2e771.iframe.bundle.js,8704,.js,2026-02-02 15:22:48
frontend\storybook-static\DesktopStatus-stories.01f2e771.iframe.bundle.js.LICENSE.txt,173,.txt,2026-02-02 15:22:48
frontend\storybook-static\Dialog-stories.caf7b3f2.iframe.bundle.js,26762,.js,2026-02-02 15:22:48
frontend\storybook-static\Dialog-stories.caf7b3f2.iframe.bundle.js.LICENSE.txt,173,.txt,2026-02-02 15:22:48
frontend\storybook-static\DropdownMenu-stories.7beaeb71.iframe.bundle.js,27024,.js,2026-02-02 15:22:48
frontend\storybook-static\DropdownMenu-stories.7beaeb71.iframe.bundle.js.LICENSE.txt,173,.txt,2026-02-02 15:22:48
frontend\storybook-static\favicon.svg,1251,.svg,2026-01-28 10:19:49
frontend\storybook-static\file.svg,391,.svg,2026-01-08 15:17:56
frontend\storybook-static\globe.svg,1035,.svg,2026-01-08 15:17:56
frontend\storybook-static\Graph-AxisSelector-stories.d4e3b8d7.iframe.bundle.js,3564,.js,2026-02-02 15:22:48
frontend\storybook-static\icon.png,589360,.png,2026-01-30 10:07:32
frontend\storybook-static\iframe.html,15701,.html,2026-02-02 15:22:48
frontend\storybook-static\index.html,4855,.html,2026-02-02 15:22:36
frontend\storybook-static\index.json,21162,.json,2026-02-02 15:22:37
frontend\storybook-static\Input-stories.6a5c0b80.iframe.bundle.js,3871,.js,2026-02-02 15:22:48
frontend\storybook-static\main.38179781.iframe.bundle.js,322627,.js,2026-02-02 15:22:48
frontend\storybook-static\manifest.json,1045,.json,2026-01-16 01:42:35
frontend\storybook-static\mcp-McpAnalytics-stories.3803db97.iframe.bundle.js,20158,.js,2026-02-02 15:22:48
frontend\storybook-static\mcp-McpClientConfig-stories.dd284b72.iframe.bundle.js,37707,.js,2026-02-02 15:22:48
frontend\storybook-static\mcp-McpClientConfig-stories.dd284b72.iframe.bundle.js.LICENSE.txt,173,.txt,2026-02-02 15:22:48
frontend\storybook-static\mcp-McpHub-stories.edc3b19d.iframe.bundle.js,20456,.js,2026-02-02 15:22:48
frontend\storybook-static\mcp-McpHub-stories.edc3b19d.iframe.bundle.js.LICENSE.txt,173,.txt,2026-02-02 15:22:48
frontend\storybook-static\mcp-McpIntegrationExamples-stories.7e849fbe.iframe.bundle.js,27437,.js,2026-02-02 15:22:48
frontend\storybook-static\mcp-McpIntegrationExamples-stories.7e849fbe.iframe.bundle.js.LICENSE.txt,173,.txt,2026-02-02 15:22:48
frontend\storybook-static\mcp-McpServerConfig-stories.0a6ba336.iframe.bundle.js,35838,.js,2026-02-02 15:22:48
frontend\storybook-static\NavBar-stories.c571a2b2.iframe.bundle.js,34488,.js,2026-02-02 15:22:48
frontend\storybook-static\NavBar-stories.c571a2b2.iframe.bundle.js.LICENSE.txt,173,.txt,2026-02-02 15:22:48
frontend\storybook-static\next.svg,1375,.svg,2026-01-08 15:17:56
frontend\storybook-static\nunito-sans-bold-italic.woff2,49460,.woff2,2026-01-28 10:19:49
frontend\storybook-static\nunito-sans-bold.woff2,47144,.woff2,2026-01-28 10:19:50
frontend\storybook-static\nunito-sans-italic.woff2,49620,.woff2,2026-01-28 10:19:50
frontend\storybook-static\nunito-sans-regular.woff2,47072,.woff2,2026-01-28 10:19:50
frontend\storybook-static\Progress-stories.8fdd39f4.iframe.bundle.js,13476,.js,2026-02-02 15:22:48
frontend\storybook-static\project.json,1192,.json,2026-02-02 15:22:37
frontend\storybook-static\runtime~main.c9d73f9f.iframe.bundle.js,8662,.js,2026-02-02 15:22:48
frontend\storybook-static\Select-stories.61a124b6.iframe.bundle.js,6192,.js,2026-02-02 15:22:48
frontend\storybook-static\settings-ApiOverlayConfig-stories.ee8d7ecb.iframe.bundle.js,35423,.js,2026-02-02 15:22:48
frontend\storybook-static\settings-DatabaseSettings-stories.b03fd995.iframe.bundle.js,29108,.js,2026-02-02 15:22:48
frontend\storybook-static\Sheet-stories.a61e6143.iframe.bundle.js,27143,.js,2026-02-02 15:22:48
frontend\storybook-static\Sheet-stories.a61e6143.iframe.bundle.js.LICENSE.txt,173,.txt,2026-02-02 15:22:48
frontend\storybook-static\Skeleton-stories.040a4f8f.iframe.bundle.js,4521,.js,2026-02-02 15:22:48
frontend\storybook-static\Slider-stories.29bbbee4.iframe.bundle.js,14549,.js,2026-02-02 15:22:48
frontend\storybook-static\sw.js,1489,.js,2026-01-13 10:12:15
frontend\storybook-static\Switch-stories.aceb140a.iframe.bundle.js,14208,.js,2026-02-02 15:22:48
frontend\storybook-static\Table-stories.f5ecb284.iframe.bundle.js,6040,.js,2026-02-02 15:22:48
frontend\storybook-static\Tabs-stories.f7fb4322.iframe.bundle.js,6870,.js,2026-02-02 15:22:48
frontend\storybook-static\ThemeToggle-stories.0d3d14c6.iframe.bundle.js,15394,.js,2026-02-02 15:22:48
frontend\storybook-static\ThemeToggle-stories.0d3d14c6.iframe.bundle.js.LICENSE.txt,173,.txt,2026-02-02 15:22:48
frontend\storybook-static\vercel.svg,128,.svg,2026-01-08 15:17:56
frontend\storybook-static\window.svg,385,.svg,2026-01-08 15:17:56
frontend\storybook-static\sb-addons\chromatic-com-storybook-1\manager-bundle.js,571749,.js,2026-02-02 15:22:36
frontend\storybook-static\sb-addons\chromatic-com-storybook-1\manager-bundle.js.LEGAL.txt,1999,.txt,2026-02-02 15:22:36
frontend\storybook-static\sb-addons\essentials-actions-3\manager-bundle.js,41316,.js,2026-02-02 15:22:36
frontend\storybook-static\sb-addons\essentials-actions-3\manager-bundle.js.LEGAL.txt,0,.txt,2026-02-02 15:22:36
frontend\storybook-static\sb-addons\essentials-backgrounds-4\manager-bundle.js,14915,.js,2026-02-02 15:22:36
frontend\storybook-static\sb-addons\essentials-backgrounds-4\manager-bundle.js.LEGAL.txt,0,.txt,2026-02-02 15:22:36
frontend\storybook-static\sb-addons\essentials-controls-2\manager-bundle.js,403877,.js,2026-02-02 15:22:36
frontend\storybook-static\sb-addons\essentials-controls-2\manager-bundle.js.LEGAL.txt,0,.txt,2026-02-02 15:22:36
frontend\storybook-static\sb-addons\essentials-measure-7\manager-bundle.js,6426,.js,2026-02-02 15:22:36
frontend\storybook-static\sb-addons\essentials-measure-7\manager-bundle.js.LEGAL.txt,0,.txt,2026-02-02 15:22:36
frontend\storybook-static\sb-addons\essentials-outline-8\manager-bundle.js,6468,.js,2026-02-02 15:22:36
frontend\storybook-static\sb-addons\essentials-outline-8\manager-bundle.js.LEGAL.txt,0,.txt,2026-02-02 15:22:36
frontend\storybook-static\sb-addons\essentials-toolbars-6\manager-bundle.js,5238,.js,2026-02-02 15:22:36
frontend\storybook-static\sb-addons\essentials-toolbars-6\manager-bundle.js.LEGAL.txt,0,.txt,2026-02-02 15:22:36
frontend\storybook-static\sb-addons\essentials-viewport-5\manager-bundle.js,16622,.js,2026-02-02 15:22:36
frontend\storybook-static\sb-addons\essentials-viewport-5\manager-bundle.js.LEGAL.txt,0,.txt,2026-02-02 15:22:36
frontend\storybook-static\sb-addons\interactions-9\manager-bundle.js,277049,.js,2026-02-02 15:22:36
frontend\storybook-static\sb-addons\interactions-9\manager-bundle.js.LEGAL.txt,0,.txt,2026-02-02 15:22:36
frontend\storybook-static\sb-addons\links-10\manager-bundle.js,891,.js,2026-02-02 15:22:36
frontend\storybook-static\sb-addons\links-10\manager-bundle.js.LEGAL.txt,0,.txt,2026-02-02 15:22:36
frontend\storybook-static\sb-addons\onboarding-11\manager-bundle.js,149655,.js,2026-02-02 15:22:36
frontend\storybook-static\sb-addons\onboarding-11\manager-bundle.js.LEGAL.txt,344,.txt,2026-02-02 15:22:36
frontend\storybook-static\sb-addons\storybook-core-core-server-presets-0\common-manager-bundle.js,1132,.js,2026-02-02 15:22:36
frontend\storybook-static\sb-addons\storybook-core-core-server-presets-0\common-manager-bundle.js.LEGAL.txt,0,.txt,2026-02-02 15:22:36
frontend\storybook-static\sb-common-assets\favicon.svg,1251,.svg,2026-01-28 10:19:49
frontend\storybook-static\sb-common-assets\nunito-sans-bold-italic.woff2,49460,.woff2,2026-01-28 10:19:49
frontend\storybook-static\sb-common-assets\nunito-sans-bold.woff2,47144,.woff2,2026-01-28 10:19:50
frontend\storybook-static\sb-common-assets\nunito-sans-italic.woff2,49620,.woff2,2026-01-28 10:19:50
frontend\storybook-static\sb-common-assets\nunito-sans-regular.woff2,47072,.woff2,2026-01-28 10:19:50
frontend\storybook-static\sb-manager\globals-module-info.js,22788,.js,2026-01-28 10:20:00
frontend\storybook-static\sb-manager\globals-runtime.js,1426539,.js,2026-01-28 10:20:00
frontend\storybook-static\sb-manager\globals.js,2428,.js,2026-01-28 10:20:00
frontend\storybook-static\sb-manager\runtime.js,450443,.js,2026-01-28 10:20:00
frontend\storybook-static\sb-preview\globals.js,1793,.js,2026-01-28 10:20:01
frontend\storybook-static\sb-preview\runtime.js,268815,.js,2026-01-28 10:20:01
frontend\storybook-static\static\media\accessibility.b812909c.png,42336,.png,2026-02-02 15:22:48
frontend\storybook-static\static\media\addon-library.7d60eaf1.png,467366,.png,2026-02-02 15:22:48
frontend\storybook-static\static\media\assets.74434bfb.png,3899,.png,2026-02-02 15:22:48
frontend\storybook-static\static\media\context.0aaeed46.png,6119,.png,2026-02-02 15:22:48
frontend\storybook-static\static\media\discord.c13ab8cc.svg,2392,.svg,2026-02-02 15:22:48
frontend\storybook-static\static\media\docs.78ff2c00.png,27875,.png,2026-02-02 15:22:48
frontend\storybook-static\static\media\figma-plugin.92feae99.png,44246,.png,2026-02-02 15:22:48
frontend\storybook-static\static\media\github.bf1215e7.svg,2720,.svg,2026-02-02 15:22:48
frontend\storybook-static\static\media\share.b661f220.png,40767,.png,2026-02-02 15:22:48
frontend\storybook-static\static\media\styling.6ea0e96c.png,7237,.png,2026-02-02 15:22:48
frontend\storybook-static\static\media\testing.6f11ce8b.png,49313,.png,2026-02-02 15:22:48
frontend\storybook-static\static\media\theming.3ca117fd.png,44374,.png,2026-02-02 15:22:48
frontend\storybook-static\static\media\tutorials.f9b22f92.svg,1258,.svg,2026-02-02 15:22:48
frontend\storybook-static\static\media\youtube.0220385a.svg,716,.svg,2026-02-02 15:22:48
frontend\test-results\.last-run.json,45,.json,2026-02-04 00:14:24
frontend\tests\visual-audit.spec.ts,3431,.ts,2026-02-02 13:43:12
frontend\tests\unit\middleware.test.ts,3955,.ts,2026-02-04 00:02:11
frontend\tests\unit\lib\socket.test.ts,4347,.ts,2026-02-04 00:05:08
frontend\tests\unit\lib\utils.test.ts,795,.ts,2026-02-04 00:05:10
frontend\tests\unit\lib\api\api_modules.test.ts,1555,.ts,2026-02-04 00:06:18
frontend\tests\unit\lib\api\auth.test.ts,1207,.ts,2026-02-04 00:05:11
frontend\tests\unit\lib\api\chat.test.ts,1866,.ts,2026-02-04 00:10:27
frontend\tests\unit\lib\api\compliance.test.ts,1350,.ts,2026-02-04 00:09:29
frontend\tests\unit\lib\api\index.test.ts,3803,.ts,2026-02-04 00:05:13
frontend\tests\unit\lib\api\knowledge.test.ts,1217,.ts,2026-02-04 00:09:28
frontend\tests\unit\lib\api\mcp.test.ts,3071,.ts,2026-02-04 00:09:26
frontend\tests\unit\lib\api\simulation.test.ts,1344,.ts,2026-02-04 00:09:25
frontend\tests\unit\lib\api\system_chat.test.ts,2538,.ts,2026-02-04 00:09:30
frontend\tests\unit\lib\api\trace.test.ts,1844,.ts,2026-02-04 00:09:31
frontend\types\electron.d.ts,316,.ts,2026-01-27 22:58:47
htmlcov_phase3\.gitignore,29,,2026-02-02 20:52:23
htmlcov_phase3\class_index.html,482139,.html,2026-02-02 20:52:26
htmlcov_phase3\coverage_html_cb_188fc9a4.js,26185,.js,2026-02-02 20:52:23
htmlcov_phase3\favicon_32_cb_c827f16f.png,1732,.png,2026-02-02 20:52:23
htmlcov_phase3\function_index.html,1252862,.html,2026-02-02 20:52:26
htmlcov_phase3\index.html,131299,.html,2026-02-02 20:52:26
htmlcov_phase3\keybd_closed_cb_900cfef5.png,9004,.png,2026-02-02 20:52:23
htmlcov_phase3\models_py.html,829828,.html,2026-02-02 20:52:26
htmlcov_phase3\status.json,104265,.json,2026-02-02 20:52:26
htmlcov_phase3\style_cb_5c747636.css,16493,.css,2026-02-02 20:52:23
htmlcov_phase3\z_2b14198471bbfe27_api_decorators_py.html,20765,.html,2026-02-02 20:52:23
htmlcov_phase3\z_2b14198471bbfe27_sso_py.html,26930,.html,2026-02-02 20:52:23
htmlcov_phase3\z_2b14198471bbfe27_windows_identity_py.html,15509,.html,2026-02-02 20:52:23
htmlcov_phase3\z_2b14198471bbfe27___init___py.html,4598,.html,2026-02-02 20:52:23
htmlcov_phase3\z_2c02376c27aed64c_audit_py.html,60208,.html,2026-02-02 20:52:25
htmlcov_phase3\z_2c02376c27aed64c_cache_py.html,52856,.html,2026-02-02 20:52:25
htmlcov_phase3\z_2c02376c27aed64c_manager_py.html,66024,.html,2026-02-02 20:52:25
htmlcov_phase3\z_2c02376c27aed64c_metrics_py.html,67751,.html,2026-02-02 20:52:25
htmlcov_phase3\z_2c02376c27aed64c___init___py.html,8696,.html,2026-02-02 20:52:25
htmlcov_phase3\z_2e507aa6dbbf9930___init___py.html,21276,.html,2026-02-02 20:52:24
htmlcov_phase3\z_3b2e5d64b0fdbb74_jira_py.html,35902,.html,2026-02-02 20:52:24
htmlcov_phase3\z_3b2e5d64b0fdbb74_salesforce_py.html,34345,.html,2026-02-02 20:52:24
htmlcov_phase3\z_3b2e5d64b0fdbb74___init___py.html,5823,.html,2026-02-02 20:52:24
htmlcov_phase3\z_403c8b30c60072d0_l9_ka_001_trace_analyzer_py.html,24738,.html,2026-02-02 20:52:24
htmlcov_phase3\z_403c8b30c60072d0_l9_ka_002_belief_drift_py.html,28109,.html,2026-02-02 20:52:24
htmlcov_phase3\z_403c8b30c60072d0_l9_ka_003_persona_auditor_py.html,22148,.html,2026-02-02 20:52:24
htmlcov_phase3\z_403c8b30c60072d0_l9_ka_004_meta_evaluator_py.html,27110,.html,2026-02-02 20:52:24
htmlcov_phase3\z_403c8b30c60072d0_l9_ka_005_recursion_trigger_py.html,24283,.html,2026-02-02 20:52:24
htmlcov_phase3\z_403c8b30c60072d0_l9_ka_006_confidence_calc_py.html,22479,.html,2026-02-02 20:52:24
htmlcov_phase3\z_403c8b30c60072d0_l9_ka_007_loop_controller_py.html,25532,.html,2026-02-02 20:52:24
htmlcov_phase3\z_403c8b30c60072d0___init___py.html,20951,.html,2026-02-02 20:52:24
htmlcov_phase3\z_40bdd2e330b67fe5_registry_py.html,23901,.html,2026-02-02 20:52:24
htmlcov_phase3\z_40bdd2e330b67fe5_router_py.html,28877,.html,2026-02-02 20:52:24
htmlcov_phase3\z_40bdd2e330b67fe5___init___py.html,5746,.html,2026-02-02 20:52:24
htmlcov_phase3\z_44972df773e39325_api_py.html,204634,.html,2026-02-02 20:52:25
htmlcov_phase3\z_44972df773e39325_logger_py.html,30716,.html,2026-02-02 20:52:25
htmlcov_phase3\z_44972df773e39325___init___py.html,16281,.html,2026-02-02 20:52:25
htmlcov_phase3\z_4ac4ae6c5380c3a4_api_py.html,196076,.html,2026-02-02 20:52:24
htmlcov_phase3\z_4ac4ae6c5380c3a4_gateway_py.html,253013,.html,2026-02-02 20:52:24
htmlcov_phase3\z_4ac4ae6c5380c3a4_schemas_py.html,21826,.html,2026-02-02 20:52:24
htmlcov_phase3\z_4ac4ae6c5380c3a4___init___py.html,9732,.html,2026-02-02 20:52:24
htmlcov_phase3\z_51ec9223aa181afa_connection_manager_py.html,113434,.html,2026-02-02 20:52:25
htmlcov_phase3\z_51ec9223aa181afa_database_manager_py.html,56623,.html,2026-02-02 20:52:25
htmlcov_phase3\z_51ec9223aa181afa_graph_store_py.html,29135,.html,2026-02-02 20:52:25
htmlcov_phase3\z_51ec9223aa181afa_object_store_py.html,157727,.html,2026-02-02 20:52:25
htmlcov_phase3\z_51ec9223aa181afa_vector_store_py.html,128383,.html,2026-02-02 20:52:25
htmlcov_phase3\z_51ec9223aa181afa___init___py.html,17710,.html,2026-02-02 20:52:25
htmlcov_phase3\z_528269048adfe555_budget_py.html,63953,.html,2026-02-02 20:52:25
htmlcov_phase3\z_528269048adfe555_compliance_py.html,74324,.html,2026-02-02 20:52:25
htmlcov_phase3\z_528269048adfe555_gateway_py.html,73237,.html,2026-02-02 20:52:25
htmlcov_phase3\z_528269048adfe555_l8_schemas_py.html,44319,.html,2026-02-02 20:52:25
htmlcov_phase3\z_528269048adfe555_policies_py.html,48560,.html,2026-02-02 20:52:25
htmlcov_phase3\z_528269048adfe555_quant_py.html,35661,.html,2026-02-02 20:52:25
htmlcov_phase3\z_528269048adfe555_schemas_py.html,13331,.html,2026-02-02 20:52:25
htmlcov_phase3\z_528269048adfe555_trust_validation_gateway_py.html,161575,.html,2026-02-02 20:52:25
htmlcov_phase3\z_528269048adfe555___init___py.html,8685,.html,2026-02-02 20:52:25
htmlcov_phase3\z_65c1ed4a12c7abac_ka_01_algorithm_of_thought_py.html,38563,.html,2026-02-02 20:52:23
htmlcov_phase3\z_65c1ed4a12c7abac_ka_02_tree_of_thought_py.html,34373,.html,2026-02-02 20:52:23
htmlcov_phase3\z_65c1ed4a12c7abac_ka_03_gap_analysis_py.html,31907,.html,2026-02-02 20:52:23
htmlcov_phase3\z_65c1ed4a12c7abac_ka_04_input_validation__normalization_py.html,44529,.html,2026-02-02 20:52:23
htmlcov_phase3\z_65c1ed4a12c7abac_ka_05_query_classification_py.html,51464,.html,2026-02-02 20:52:23
htmlcov_phase3\z_65c1ed4a12c7abac_ka_06_deep_planning_py.html,32487,.html,2026-02-02 20:52:23
htmlcov_phase3\z_65c1ed4a12c7abac_ka_07_recursive_reasoning_control_py.html,35829,.html,2026-02-02 20:52:23
htmlcov_phase3\z_65c1ed4a12c7abac_ka_08_self_critique__reflection_py.html,38321,.html,2026-02-02 20:52:23
htmlcov_phase3\z_65c1ed4a12c7abac_ka_09_evidence_validation_py.html,38572,.html,2026-02-02 20:52:23
htmlcov_phase3\z_65c1ed4a12c7abac_ka_100_optimization_py.html,24611,.html,2026-02-02 20:52:23
htmlcov_phase3\z_65c1ed4a12c7abac_ka_101_environment_management_py.html,24378,.html,2026-02-02 20:52:23
htmlcov_phase3\z_65c1ed4a12c7abac_ka_102_dependency_injection_py.html,23761,.html,2026-02-02 20:52:23
htmlcov_phase3\z_65c1ed4a12c7abac_ka_103_service_mesh_py.html,23751,.html,2026-02-02 20:52:23
htmlcov_phase3\z_65c1ed4a12c7abac_ka_104_load_balancing_py.html,24404,.html,2026-02-02 20:52:23
htmlcov_phase3\z_65c1ed4a12c7abac_ka_105_scalability_manager_py.html,26115,.html,2026-02-02 20:52:23
htmlcov_phase3\z_65c1ed4a12c7abac_ka_106_fault_tolerance_py.html,27429,.html,2026-02-02 20:52:23
htmlcov_phase3\z_65c1ed4a12c7abac_ka_107_disaster_recovery_py.html,27238,.html,2026-02-02 20:52:23
htmlcov_phase3\z_65c1ed4a12c7abac_ka_108_backup_strategy_py.html,23873,.html,2026-02-02 20:52:23
htmlcov_phase3\z_65c1ed4a12c7abac_ka_109_system_health_py.html,23221,.html,2026-02-02 20:52:23
htmlcov_phase3\z_65c1ed4a12c7abac_ka_10_bias_detection_py.html,32620,.html,2026-02-02 20:52:23
htmlcov_phase3\z_65c1ed4a12c7abac_ka_110_integration_bus_py.html,24014,.html,2026-02-02 20:52:23
htmlcov_phase3\z_65c1ed4a12c7abac_ka_111_api_gateway_py.html,28139,.html,2026-02-02 20:52:23
htmlcov_phase3\z_65c1ed4a12c7abac_ka_112_message_broker_py.html,22009,.html,2026-02-02 20:52:23
htmlcov_phase3\z_65c1ed4a12c7abac_ka_113_complexity_router_py.html,24409,.html,2026-02-02 20:52:23
htmlcov_phase3\z_65c1ed4a12c7abac_ka_114_federated_outbox_py.html,19915,.html,2026-02-02 20:52:23
htmlcov_phase3\z_65c1ed4a12c7abac_ka_115_federated_inbox_py.html,19367,.html,2026-02-02 20:52:23
htmlcov_phase3\z_65c1ed4a12c7abac_ka_116_entropy_detection_py.html,21527,.html,2026-02-02 20:52:23
htmlcov_phase3\z_65c1ed4a12c7abac_ka_11_analytical_modeling_py.html,29200,.html,2026-02-02 20:52:23
htmlcov_phase3\z_65c1ed4a12c7abac_ka_12_persona_simulation_py.html,36425,.html,2026-02-02 20:52:23
htmlcov_phase3\z_65c1ed4a12c7abac_ka_13_persona_weighting_py.html,29768,.html,2026-02-02 20:52:23
htmlcov_phase3\z_65c1ed4a12c7abac_ka_14_confidence_scoring_py.html,31422,.html,2026-02-02 20:52:23
htmlcov_phase3\z_65c1ed4a12c7abac_ka_15_temporal_reasoning_py.html,36503,.html,2026-02-02 20:52:23
htmlcov_phase3\z_65c1ed4a12c7abac_ka_16_regulatory_mapping_py.html,29113,.html,2026-02-02 20:52:23
htmlcov_phase3\z_65c1ed4a12c7abac_ka_17_spatial_jurisdiction_mapping_py.html,26523,.html,2026-02-02 20:52:23
htmlcov_phase3\z_65c1ed4a12c7abac_ka_18_source_provenance_py.html,26774,.html,2026-02-02 20:52:23
htmlcov_phase3\z_65c1ed4a12c7abac_ka_19_knowledge_synthesis_py.html,31651,.html,2026-02-02 20:52:23
htmlcov_phase3\z_65c1ed4a12c7abac_ka_20_loopback_trigger_py.html,32139,.html,2026-02-02 20:52:23
htmlcov_phase3\z_65c1ed4a12c7abac_ka_21_emergence_detection_py.html,29099,.html,2026-02-02 20:52:23
htmlcov_phase3\z_65c1ed4a12c7abac_ka_22_risk_assessment_py.html,28960,.html,2026-02-02 20:52:23
htmlcov_phase3\z_65c1ed4a12c7abac_ka_23_belief_decay_py.html,36179,.html,2026-02-02 20:52:23
htmlcov_phase3\z_65c1ed4a12c7abac_ka_24_trust_gate_py.html,27228,.html,2026-02-02 20:52:23
htmlcov_phase3\z_65c1ed4a12c7abac_ka_25_dependency_mapping_py.html,25523,.html,2026-02-02 20:52:23
htmlcov_phase3\z_65c1ed4a12c7abac_ka_26_contradiction_detection_py.html,35308,.html,2026-02-02 20:52:23
htmlcov_phase3\z_65c1ed4a12c7abac_ka_27_ethical_impact_analysis_py.html,27793,.html,2026-02-02 20:52:23
htmlcov_phase3\z_65c1ed4a12c7abac_ka_28_point_of_view_expansion_py.html,30855,.html,2026-02-02 20:52:23
htmlcov_phase3\z_65c1ed4a12c7abac_ka_29_knowledge_expansion_py.html,26188,.html,2026-02-02 20:52:23
htmlcov_phase3\z_65c1ed4a12c7abac_ka_30_conflict_resolution_py.html,44106,.html,2026-02-02 20:52:23
htmlcov_phase3\z_65c1ed4a12c7abac_ka_31_algorithm_selection_engine_py.html,27953,.html,2026-02-02 20:52:23
htmlcov_phase3\z_65c1ed4a12c7abac_ka_32_simulation_orchestration_controller_py.html,27901,.html,2026-02-02 20:52:23
htmlcov_phase3\z_65c1ed4a12c7abac_ka_33_reserved_expansion_slot_py.html,12980,.html,2026-02-02 20:52:23
htmlcov_phase3\z_65c1ed4a12c7abac_ka_34_adversarial_reasoning_py.html,28366,.html,2026-02-02 20:52:23
htmlcov_phase3\z_65c1ed4a12c7abac_ka_35_bayesian_gap_imputation_py.html,26951,.html,2026-02-02 20:52:23
htmlcov_phase3\z_65c1ed4a12c7abac_ka_36_complexity_estimator_py.html,16228,.html,2026-02-02 20:52:23
htmlcov_phase3\z_65c1ed4a12c7abac_ka_37_resource_allocator_py.html,16022,.html,2026-02-02 20:52:23
htmlcov_phase3\z_65c1ed4a12c7abac_ka_38_consensus_engine_py.html,48092,.html,2026-02-02 20:52:23
htmlcov_phase3\z_65c1ed4a12c7abac_ka_39_anomaly_detection_py.html,17986,.html,2026-02-02 20:52:23
htmlcov_phase3\z_65c1ed4a12c7abac_ka_40_hypothesis_generation_py.html,16406,.html,2026-02-02 20:52:23
htmlcov_phase3\z_65c1ed4a12c7abac_ka_41_abductive_reasoning_py.html,20657,.html,2026-02-02 20:52:23
htmlcov_phase3\z_65c1ed4a12c7abac_ka_42_counterfactual_simulator_py.html,16256,.html,2026-02-02 20:52:23
htmlcov_phase3\z_65c1ed4a12c7abac_ka_43_causal_inference_py.html,16702,.html,2026-02-02 20:52:23
htmlcov_phase3\z_65c1ed4a12c7abac_ka_44_analogical_mapping_py.html,16446,.html,2026-02-02 20:52:23
htmlcov_phase3\z_65c1ed4a12c7abac_ka_45_pattern_recognition_py.html,16262,.html,2026-02-02 20:52:23
htmlcov_phase3\z_65c1ed4a12c7abac_ka_46_trend_analysis_py.html,16388,.html,2026-02-02 20:52:23
htmlcov_phase3\z_65c1ed4a12c7abac_ka_47_sentiment_analysis_py.html,17577,.html,2026-02-02 20:52:23
htmlcov_phase3\z_65c1ed4a12c7abac_ka_48_entity_extraction_py.html,17098,.html,2026-02-02 20:52:23
htmlcov_phase3\z_65c1ed4a12c7abac_ka_49_relation_extraction_py.html,17835,.html,2026-02-02 20:52:23
htmlcov_phase3\z_65c1ed4a12c7abac_ka_50_knowledge_integrity_validator_py.html,32036,.html,2026-02-02 20:52:23
htmlcov_phase3\z_65c1ed4a12c7abac_ka_50_summarization_py.html,16305,.html,2026-02-02 20:52:23
htmlcov_phase3\z_65c1ed4a12c7abac_ka_51_self_correcting_knowledge_distillation_py.html,27293,.html,2026-02-02 20:52:23
htmlcov_phase3\z_65c1ed4a12c7abac_ka_52_temporal_knowledge_evolution_py.html,30155,.html,2026-02-02 20:52:23
htmlcov_phase3\z_65c1ed4a12c7abac_ka_53_dynamic_knowledge_compression_py.html,27721,.html,2026-02-02 20:52:23
htmlcov_phase3\z_65c1ed4a12c7abac_ka_54_cross_lingual_knowledge_fusion_py.html,28896,.html,2026-02-02 20:52:23
htmlcov_phase3\z_65c1ed4a12c7abac_ka_55_adaptive_multi_modal_integration_py.html,30586,.html,2026-02-02 20:52:23
htmlcov_phase3\z_65c1ed4a12c7abac_ka_56_narrative_explainability_engine_py.html,27871,.html,2026-02-02 20:52:23
htmlcov_phase3\z_65c1ed4a12c7abac_ka_57_persona_emotion_adaptation_py.html,26460,.html,2026-02-02 20:52:23
htmlcov_phase3\z_65c1ed4a12c7abac_ka_58_interactive_clarification_learning_py.html,29917,.html,2026-02-02 20:52:23
htmlcov_phase3\z_65c1ed4a12c7abac_ka_59_predictive_layer_preemption_py.html,25170,.html,2026-02-02 20:52:23
htmlcov_phase3\z_65c1ed4a12c7abac_ka_60_cognitive_load_balancer_py.html,28680,.html,2026-02-02 20:52:23
htmlcov_phase3\z_65c1ed4a12c7abac_ka_61_adversarial_input_shield_py.html,29533,.html,2026-02-02 20:52:23
htmlcov_phase3\z_65c1ed4a12c7abac_ka_62_decentralized_trust_scoring_py.html,30383,.html,2026-02-02 20:52:23
htmlcov_phase3\z_65c1ed4a12c7abac_ka_63_continuous_performance_learning_py.html,28357,.html,2026-02-02 20:52:23
htmlcov_phase3\z_65c1ed4a12c7abac_ka_64_failure_pattern_detection_py.html,25729,.html,2026-02-02 20:52:23
htmlcov_phase3\z_65c1ed4a12c7abac_ka_65_knowledge_regression_tester_py.html,27874,.html,2026-02-02 20:52:23
htmlcov_phase3\z_65c1ed4a12c7abac_ka_66_causal_inference_engine_py.html,26934,.html,2026-02-02 20:52:23
htmlcov_phase3\z_65c1ed4a12c7abac_ka_67_analogical_reasoning_engine_py.html,27995,.html,2026-02-02 20:52:23
htmlcov_phase3\z_65c1ed4a12c7abac_ka_68_domain_specialization_tuner_py.html,24906,.html,2026-02-02 20:52:23
htmlcov_phase3\z_65c1ed4a12c7abac_ka_69_cultural_context_adapter_py.html,23865,.html,2026-02-02 20:52:23
htmlcov_phase3\z_65c1ed4a12c7abac_ka_70_counterfactual_scenario_simulator_py.html,26694,.html,2026-02-02 20:52:23
htmlcov_phase3\z_65c1ed4a12c7abac_ka_71_data_ingestion_py.html,32707,.html,2026-02-02 20:52:23
htmlcov_phase3\z_65c1ed4a12c7abac_ka_72_data_cleaning_py.html,26330,.html,2026-02-02 20:52:23
htmlcov_phase3\z_65c1ed4a12c7abac_ka_73_data_transformation_py.html,26977,.html,2026-02-02 20:52:23
htmlcov_phase3\z_65c1ed4a12c7abac_ka_74_data_validation_py.html,38216,.html,2026-02-02 20:52:23
htmlcov_phase3\z_65c1ed4a12c7abac_ka_75_schema_mapping_py.html,26786,.html,2026-02-02 20:52:23
htmlcov_phase3\z_65c1ed4a12c7abac_ka_76_entity_resolution_py.html,28852,.html,2026-02-02 20:52:23
htmlcov_phase3\z_65c1ed4a12c7abac_ka_77_data_enrichment_py.html,26334,.html,2026-02-02 20:52:23
htmlcov_phase3\z_65c1ed4a12c7abac_ka_78_data_archival_py.html,25201,.html,2026-02-02 20:52:23
htmlcov_phase3\z_65c1ed4a12c7abac_ka_79_data_retrieval_py.html,24770,.html,2026-02-02 20:52:23
htmlcov_phase3\z_65c1ed4a12c7abac_ka_80_cache_management_py.html,25451,.html,2026-02-02 20:52:23
htmlcov_phase3\z_65c1ed4a12c7abac_ka_81_model_training_py.html,26618,.html,2026-02-02 20:52:23
htmlcov_phase3\z_65c1ed4a12c7abac_ka_82_model_evaluation_py.html,24894,.html,2026-02-02 20:52:23
htmlcov_phase3\z_65c1ed4a12c7abac_ka_83_model_deployment_py.html,24815,.html,2026-02-02 20:52:23
htmlcov_phase3\z_65c1ed4a12c7abac_ka_84_model_monitoring_py.html,26183,.html,2026-02-02 20:52:23
htmlcov_phase3\z_65c1ed4a12c7abac_ka_85_feature_engineering_py.html,24408,.html,2026-02-02 20:52:23
htmlcov_phase3\z_65c1ed4a12c7abac_ka_86_hyperparameter_tuning_py.html,27474,.html,2026-02-02 20:52:23
htmlcov_phase3\z_65c1ed4a12c7abac_ka_87_model_versioning_py.html,23274,.html,2026-02-02 20:52:23
htmlcov_phase3\z_65c1ed4a12c7abac_ka_88_ab_testing_py.html,23984,.html,2026-02-02 20:52:23
htmlcov_phase3\z_65c1ed4a12c7abac_ka_89_model_pruning_py.html,24428,.html,2026-02-02 20:52:23
htmlcov_phase3\z_65c1ed4a12c7abac_ka_90_model_quantization_py.html,24428,.html,2026-02-02 20:52:23
htmlcov_phase3\z_65c1ed4a12c7abac_ka_91_visualization_py.html,25096,.html,2026-02-02 20:52:23
htmlcov_phase3\z_65c1ed4a12c7abac_ka_92_dashboarding_py.html,24831,.html,2026-02-02 20:52:23
htmlcov_phase3\z_65c1ed4a12c7abac_ka_93_notification_py.html,24300,.html,2026-02-02 20:52:23
htmlcov_phase3\z_65c1ed4a12c7abac_ka_94_reporting_py.html,24008,.html,2026-02-02 20:52:23
htmlcov_phase3\z_65c1ed4a12c7abac_ka_95_alerting_py.html,24102,.html,2026-02-02 20:52:23
htmlcov_phase3\z_65c1ed4a12c7abac_ka_96_logging_py.html,25619,.html,2026-02-02 20:52:23
htmlcov_phase3\z_65c1ed4a12c7abac_ka_97_auditing_py.html,24765,.html,2026-02-02 20:52:23
htmlcov_phase3\z_65c1ed4a12c7abac_ka_98_profiling_py.html,24420,.html,2026-02-02 20:52:23
htmlcov_phase3\z_65c1ed4a12c7abac_ka_99_debugging_py.html,24362,.html,2026-02-02 20:52:23
htmlcov_phase3\z_65c1ed4a12c7abac_ka_master_controller_py.html,49386,.html,2026-02-02 20:52:24
htmlcov_phase3\z_65c1ed4a12c7abac___init___py.html,5771,.html,2026-02-02 20:52:23
htmlcov_phase3\z_832c6f6caba0b7dd_active_defense_py.html,36551,.html,2026-02-02 20:52:24
htmlcov_phase3\z_832c6f6caba0b7dd_ai_guardrail_py.html,26583,.html,2026-02-02 20:52:24
htmlcov_phase3\z_832c6f6caba0b7dd_api_security_py.html,115722,.html,2026-02-02 20:52:24
htmlcov_phase3\z_832c6f6caba0b7dd_audit_logger_py.html,157158,.html,2026-02-02 20:52:24
htmlcov_phase3\z_832c6f6caba0b7dd_compliance_manager_py.html,114308,.html,2026-02-02 20:52:24
htmlcov_phase3\z_832c6f6caba0b7dd_context_aware_py.html,33034,.html,2026-02-02 20:52:24
htmlcov_phase3\z_832c6f6caba0b7dd_data_classification_py.html,114150,.html,2026-02-02 20:52:24
htmlcov_phase3\z_832c6f6caba0b7dd_dpapi_store_py.html,20737,.html,2026-02-02 20:52:24
htmlcov_phase3\z_832c6f6caba0b7dd_encryption_manager_py.html,124231,.html,2026-02-02 20:52:24
htmlcov_phase3\z_832c6f6caba0b7dd_honeypot_py.html,19603,.html,2026-02-02 20:52:24
htmlcov_phase3\z_832c6f6caba0b7dd_mfa_py.html,101073,.html,2026-02-02 20:52:24
htmlcov_phase3\z_832c6f6caba0b7dd_password_security_py.html,62750,.html,2026-02-02 20:52:24
htmlcov_phase3\z_832c6f6caba0b7dd_pii_redaction_py.html,35583,.html,2026-02-02 20:52:24
htmlcov_phase3\z_832c6f6caba0b7dd_prompt_injection_shield_py.html,34428,.html,2026-02-02 20:52:24
htmlcov_phase3\z_832c6f6caba0b7dd_rbac_py.html,145049,.html,2026-02-02 20:52:24
htmlcov_phase3\z_832c6f6caba0b7dd_sanitizer_py.html,59384,.html,2026-02-02 20:52:24
htmlcov_phase3\z_832c6f6caba0b7dd_security_headers_py.html,46917,.html,2026-02-02 20:52:24
htmlcov_phase3\z_832c6f6caba0b7dd_security_manager_py.html,117771,.html,2026-02-02 20:52:24
htmlcov_phase3\z_832c6f6caba0b7dd_security_monitoring_py.html,166255,.html,2026-02-02 20:52:24
htmlcov_phase3\z_832c6f6caba0b7dd_session_manager_py.html,94749,.html,2026-02-02 20:52:24
htmlcov_phase3\z_832c6f6caba0b7dd_token_manager_py.html,100953,.html,2026-02-02 20:52:24
htmlcov_phase3\z_832c6f6caba0b7dd_vulnerability_scanner_py.html,121702,.html,2026-02-02 20:52:24
htmlcov_phase3\z_832c6f6caba0b7dd_zero_trust_py.html,231804,.html,2026-02-02 20:52:24
htmlcov_phase3\z_832c6f6caba0b7dd___init___py.html,17947,.html,2026-02-02 20:52:24
htmlcov_phase3\z_832d8f8e695925af_exceptions_py.html,22812,.html,2026-02-02 20:52:25
htmlcov_phase3\z_832d8f8e695925af_pagination_py.html,42081,.html,2026-02-02 20:52:25
htmlcov_phase3\z_832d8f8e695925af_responses_py.html,56777,.html,2026-02-02 20:52:25
htmlcov_phase3\z_832d8f8e695925af_safe_path_py.html,10277,.html,2026-02-02 20:52:25
htmlcov_phase3\z_832d8f8e695925af_validation_py.html,85087,.html,2026-02-02 20:52:25
htmlcov_phase3\z_832d8f8e695925af___init___py.html,18408,.html,2026-02-02 20:52:25
htmlcov_phase3\z_8bf8de89760636e5_blockchain_adapter_py.html,48085,.html,2026-02-02 20:52:25
htmlcov_phase3\z_8bf8de89760636e5_bus_py.html,66107,.html,2026-02-02 20:52:25
htmlcov_phase3\z_8bf8de89760636e5_queues_py.html,54546,.html,2026-02-02 20:52:25
htmlcov_phase3\z_8bf8de89760636e5_transport_py.html,49149,.html,2026-02-02 20:52:25
htmlcov_phase3\z_8bf8de89760636e5___init___py.html,8240,.html,2026-02-02 20:52:25
htmlcov_phase3\z_94cfc764638b15ce_settings_py.html,46440,.html,2026-02-02 20:52:23
htmlcov_phase3\z_94cfc764638b15ce___init___py.html,5800,.html,2026-02-02 20:52:23
htmlcov_phase3\z_9650e47d0ebec240_compliance_py.html,55846,.html,2026-02-02 20:52:24
htmlcov_phase3\z_9650e47d0ebec240___init___py.html,5444,.html,2026-02-02 20:52:24
htmlcov_phase3\z_aac3a6e458c63e1b_analytics_service_py.html,40162,.html,2026-02-02 20:52:24
htmlcov_phase3\z_aac3a6e458c63e1b_audio_service_py.html,37532,.html,2026-02-02 20:52:24
htmlcov_phase3\z_aac3a6e458c63e1b_document_processor_py.html,58471,.html,2026-02-02 20:52:24
htmlcov_phase3\z_aac3a6e458c63e1b_file_upload_service_py.html,94377,.html,2026-02-02 20:52:24
htmlcov_phase3\z_aac3a6e458c63e1b_rag_service_py.html,128938,.html,2026-02-02 20:52:24
htmlcov_phase3\z_aac3a6e458c63e1b_video_service_py.html,45811,.html,2026-02-02 20:52:24
htmlcov_phase3\z_aac3a6e458c63e1b___init___py.html,5508,.html,2026-02-02 20:52:24
htmlcov_phase3\z_ba174b174107967b_correlation_id_py.html,31571,.html,2026-02-02 20:52:24
htmlcov_phase3\z_ba174b174107967b_etag_py.html,16824,.html,2026-02-02 20:52:24
htmlcov_phase3\z_ba174b174107967b_input_sanitizer_py.html,86597,.html,2026-02-02 20:52:24
htmlcov_phase3\z_ba174b174107967b_request_limits_py.html,48606,.html,2026-02-02 20:52:24
htmlcov_phase3\z_ba174b174107967b_timeout_py.html,47108,.html,2026-02-02 20:52:24
htmlcov_phase3\z_ba174b174107967b___init___py.html,50574,.html,2026-02-02 20:52:24
htmlcov_phase3\z_c7dfcd921da1dcee_agi_planner_py.html,74337,.html,2026-02-02 20:52:25
htmlcov_phase3\z_c7dfcd921da1dcee_emergence_controller_py.html,109167,.html,2026-02-02 20:52:25
htmlcov_phase3\z_c7dfcd921da1dcee_engine_py.html,223549,.html,2026-02-02 20:52:25
htmlcov_phase3\z_c7dfcd921da1dcee_l10_schemas_py.html,41969,.html,2026-02-02 20:52:25
htmlcov_phase3\z_c7dfcd921da1dcee_l7_schemas_py.html,17988,.html,2026-02-02 20:52:25
htmlcov_phase3\z_c7dfcd921da1dcee_l9_schemas_py.html,51049,.html,2026-02-02 20:52:25
htmlcov_phase3\z_c7dfcd921da1dcee_meta_reasoning_controller_py.html,207600,.html,2026-02-02 20:52:25
htmlcov_phase3\z_c7dfcd921da1dcee_personas_py.html,79838,.html,2026-02-02 20:52:25
htmlcov_phase3\z_c7dfcd921da1dcee_persona_sufficiency_py.html,60498,.html,2026-02-02 20:52:25
htmlcov_phase3\z_c7dfcd921da1dcee_refinement_orchestrator_py.html,45567,.html,2026-02-02 20:52:25
htmlcov_phase3\z_c7dfcd921da1dcee_router_py.html,48359,.html,2026-02-02 20:52:25
htmlcov_phase3\z_c7dfcd921da1dcee_tiers_py.html,59109,.html,2026-02-02 20:52:25
htmlcov_phase3\z_c7dfcd921da1dcee___init___py.html,8835,.html,2026-02-02 20:52:25
htmlcov_phase3\z_c7f7c211ae727f82_api_py.html,140939,.html,2026-02-02 20:52:25
htmlcov_phase3\z_c7f7c211ae727f82_federated_sync_py.html,32088,.html,2026-02-02 20:52:25
htmlcov_phase3\z_c7f7c211ae727f82___init___py.html,8783,.html,2026-02-02 20:52:25
htmlcov_phase3\z_db41d13e736e0c83_request_schemas_py.html,15752,.html,2026-02-02 20:52:24
htmlcov_phase3\z_db41d13e736e0c83_simulation_schemas_py.html,66596,.html,2026-02-02 20:52:24
htmlcov_phase3\z_db41d13e736e0c83___init___py.html,76314,.html,2026-02-02 20:52:24
htmlcov_phase3\z_e17dcb4e28158375_admin_py.html,22083,.html,2026-02-02 20:52:23
htmlcov_phase3\z_e17dcb4e28158375_celery_app_py.html,10866,.html,2026-02-02 20:52:23
htmlcov_phase3\z_e17dcb4e28158375_chat_py.html,75783,.html,2026-02-02 20:52:23
htmlcov_phase3\z_e17dcb4e28158375_config_manager_py.html,69789,.html,2026-02-02 20:52:23
htmlcov_phase3\z_e17dcb4e28158375_contextual_api_py.html,36485,.html,2026-02-02 20:52:23
htmlcov_phase3\z_e17dcb4e28158375_data_loader_py.html,86920,.html,2026-02-02 20:52:23
htmlcov_phase3\z_e17dcb4e28158375_decorators_py.html,27619,.html,2026-02-02 20:52:23
htmlcov_phase3\z_e17dcb4e28158375_email_service_py.html,45217,.html,2026-02-02 20:52:23
htmlcov_phase3\z_e17dcb4e28158375_enterprise_architecture_py.html,67895,.html,2026-02-02 20:52:23
htmlcov_phase3\z_e17dcb4e28158375_export_service_py.html,71449,.html,2026-02-02 20:52:23
htmlcov_phase3\z_e17dcb4e28158375_graphql_schema_py.html,90342,.html,2026-02-02 20:52:23
htmlcov_phase3\z_e17dcb4e28158375_honeycomb_api_py.html,52768,.html,2026-02-02 20:52:23
htmlcov_phase3\z_e17dcb4e28158375_i18n_py.html,33432,.html,2026-02-02 20:52:23
htmlcov_phase3\z_e17dcb4e28158375_init_db_py.html,81051,.html,2026-02-02 20:52:23
htmlcov_phase3\z_e17dcb4e28158375_location_context_engine_py.html,9862,.html,2026-02-02 20:52:24
htmlcov_phase3\z_e17dcb4e28158375_logging_config_py.html,52420,.html,2026-02-02 20:52:24
htmlcov_phase3\z_e17dcb4e28158375_methods_api_py.html,86054,.html,2026-02-02 20:52:24
htmlcov_phase3\z_e17dcb4e28158375_persona_api_py.html,55685,.html,2026-02-02 20:52:24
htmlcov_phase3\z_e17dcb4e28158375_pillar_api_py.html,75547,.html,2026-02-02 20:52:24
htmlcov_phase3\z_e17dcb4e28158375_regulatory_api_py.html,122519,.html,2026-02-02 20:52:24
htmlcov_phase3\z_e17dcb4e28158375_rest_api_py.html,84309,.html,2026-02-02 20:52:24
htmlcov_phase3\z_e17dcb4e28158375_retention_service_py.html,86830,.html,2026-02-02 20:52:24
htmlcov_phase3\z_e17dcb4e28158375_search_service_py.html,55247,.html,2026-02-02 20:52:24
htmlcov_phase3\z_e17dcb4e28158375_security_api_py.html,71075,.html,2026-02-02 20:52:24
htmlcov_phase3\z_e17dcb4e28158375_security_scan_api_py.html,67916,.html,2026-02-02 20:52:24
htmlcov_phase3\z_e17dcb4e28158375_seed_data_py.html,94816,.html,2026-02-02 20:52:24
htmlcov_phase3\z_e17dcb4e28158375_time_api_py.html,122230,.html,2026-02-02 20:52:25
htmlcov_phase3\z_e17dcb4e28158375_ukg_api_py.html,151215,.html,2026-02-02 20:52:25
htmlcov_phase3\z_e17dcb4e28158375_ukg_db_py.html,316323,.html,2026-02-02 20:52:25
htmlcov_phase3\z_e17dcb4e28158375_unified_mapping_api_py.html,66584,.html,2026-02-02 20:52:25
htmlcov_phase3\z_e17dcb4e28158375_websocket_py.html,42772,.html,2026-02-02 20:52:25
htmlcov_phase3\z_e17dcb4e28158375___init___py.html,19787,.html,2026-02-02 20:52:23
htmlcov_phase3\z_ebf8f0522f556a01_axis_mapper_py.html,126193,.html,2026-02-02 20:52:23
htmlcov_phase3\z_ebf8f0522f556a01_base_py.html,20850,.html,2026-02-02 20:52:23
htmlcov_phase3\z_ebf8f0522f556a01_context_py.html,17252,.html,2026-02-02 20:52:23
htmlcov_phase3\z_ebf8f0522f556a01_lineage_store_py.html,35344,.html,2026-02-02 20:52:23
htmlcov_phase3\z_ebf8f0522f556a01_registry_py.html,30926,.html,2026-02-02 20:52:23
htmlcov_phase3\z_ebf8f0522f556a01_subworkflow_manager_py.html,27563,.html,2026-02-02 20:52:23
htmlcov_phase3\z_ebf8f0522f556a01_truth_engine_py.html,30130,.html,2026-02-02 20:52:23
htmlcov_phase3\z_ebf8f0522f556a01_workflow_loader_py.html,31153,.html,2026-02-02 20:52:23
htmlcov_phase3\z_ebf8f0522f556a01___init___py.html,29651,.html,2026-02-02 20:52:23
htmlcov_phase3\z_f41d57001befafac_node_repository_py.html,32415,.html,2026-02-02 20:52:24
htmlcov_phase3\z_f41d57001befafac___init___py.html,4924,.html,2026-02-02 20:52:24
htmlcov_phase3\z_f64eff6db282138d_quad_engine_py.html,89824,.html,2026-02-02 20:52:24
htmlcov_phase3\z_f64eff6db282138d___init___py.html,5104,.html,2026-02-02 20:52:24
htmlcov_phase3\z_fa6bb423d0f55bb6_simulation_engine_py.html,92784,.html,2026-02-02 20:52:25
htmlcov_phase3\z_fa6bb423d0f55bb6___init___py.html,5112,.html,2026-02-02 20:52:24
instance\ukg_database.db,802816,.db,2026-02-04 00:15:15
instance\ukg_database.db-shm,32768,.db-shm,2026-02-04 00:17:18
instance\ukg_database.db-wal,4181832,.db-wal,2026-02-04 00:15:15
k8s\base\backend-deployment.yaml,1153,.yaml,2026-01-08 16:01:22
k8s\base\frontend-deployment.yaml,948,.yaml,2026-01-08 16:01:23
k8s\operator\crds\ka_crd.yaml,1752,.yaml,2026-01-15 07:29:05
k8s\operator\crds\tracerun_crd.yaml,1411,.yaml,2026-01-15 07:29:16
k8s\operator\samples\ka_38_example.yaml,386,.yaml,2026-01-15 07:29:18
migrations\alembic.ini,857,.ini,2026-01-06 12:11:25
migrations\env.py,3344,.py,2026-01-06 12:11:25
migrations\README,41,,2026-01-06 12:11:25
migrations\script.py.mako,494,.mako,2026-01-06 12:11:25
migrations\versions\a1b2c3d4e5f6_add_llm_gateway_tables.py,5160,.py,2026-01-08 15:07:50
migrations\versions\b0d09ef7daef_add_tracing_tables.py,11072,.py,2026-01-08 14:12:49
notes\current_plan.md,9667,.md,2026-01-16 00:53:30
notes\microsoft_store_compliance_assessment.md,27336,.md,2026-01-16 00:35:05
notes\microsoft_store_compliance_todo.md,10335,.md,2026-01-27 22:20:49
notes\microsoft_store_implementation_plan.md,8820,.md,2026-01-16 00:45:36
patches\accessibility-fixes.patch,2850,.patch,2026-01-30 12:55:27
patches\fix-typography.patch,238,.patch,2026-01-30 12:55:32
patches\improve-csp.patch,378,.patch,2026-01-30 12:55:29
playwright-report\index.html,529424,.html,2026-02-04 00:14:24
prompts\defense_supervisor.txt,1459,.txt,2026-01-15 11:16:25
public\css\style.css,2355,.css,2026-01-05 17:00:29
public\css\styles.css,2345,.css,2026-01-05 17:00:29
public\js\main.js,7949,.js,2026-01-05 17:00:29
quad_persona\axis_role_mapper.py,15695,.py,2026-01-15 07:45:45
quad_persona\mathematical_framework.py,33188,.py,2026-01-14 22:18:30
quad_persona\persona_loader.py,15929,.py,2026-01-05 17:00:29
quad_persona\persona_scaling.py,32260,.py,2026-01-14 21:07:20
quad_persona\pod_models.py,24012,.py,2026-01-14 21:04:39
quad_persona\pod_orchestrator.py,28677,.py,2026-01-14 21:18:34
quad_persona\quad_config.yaml,7600,.yaml,2026-01-14 21:13:03
quad_persona\quad_engine.py,91826,.py,2026-01-05 17:00:29
quad_persona\quad_models.py,6812,.py,2026-01-27 22:53:35
quad_persona\__init__.py,459,.py,2026-01-05 17:00:29
reports\RPT-20260128183324_SOC2.pdf,2336,.pdf,2026-01-28 18:33:24
routes\admin_routes.py,19340,.py,2026-01-27 22:20:49
routes\api_routes.py,8311,.py,2026-01-06 14:49:40
routes\auth_routes.py,12587,.py,2026-01-16 03:39:45
routes\compliance_routes.py,11010,.py,2026-01-28 18:25:30
routes\ka_routes.py,21945,.py,2026-01-27 21:53:14
routes\knowledge_routes.py,7523,.py,2026-01-08 17:39:18
routes\mcp_routes.py,18154,.py,2026-01-27 21:53:19
routes\simulation_routes.py,4445,.py,2026-01-28 18:24:51
routes\user_data_routes.py,9174,.py,2026-01-27 22:20:49
routes\__init__.py,2362,.py,2026-01-31 21:52:42
scripts\audit_ka_files.py,2248,.py,2026-01-16 02:18:29
scripts\backup_database.sh,5419,.sh,2026-01-14 20:08:49
scripts\build_backend.py,1471,.py,2026-01-27 23:21:02
scripts\check_circular_deps.py,912,.py,2026-01-08 17:28:22
scripts\check_enterprise_health.py,3412,.py,2026-01-05 17:00:29
scripts\create_admin_user.py,8100,.py,2026-01-05 17:00:29
scripts\create_missing_kas.py,2935,.py,2026-01-16 02:18:27
scripts\custom_start.sh,527,.sh,2026-01-05 17:00:29
scripts\debug_ka_import.py,985,.py,2026-02-03 16:36:21
scripts\deploy.py,9687,.py,2026-01-05 17:00:29
scripts\dev_setup.py,3469,.py,2026-01-08 16:08:07
scripts\expand_mcp_library.py,4514,.py,2026-01-27 23:16:02
scripts\export_audit_logs.py,1840,.py,2026-01-08 16:56:16
scripts\find_duplicates.py,1407,.py,2026-01-15 14:30:13
scripts\find_failing_kas.py,837,.py,2026-02-02 21:17:59
scripts\find_frontend_duplicates.py,2339,.py,2026-02-02 13:38:20
scripts\fix_kas.py,3059,.py,2026-02-02 21:15:27
scripts\fix_ka_imports.py,1040,.py,2026-02-02 21:16:00
scripts\generate_docs.py,3771,.py,2026-02-04 00:38:24
scripts\generate_keys.py,1372,.py,2026-01-06 12:14:00
scripts\generate_registry_yaml.py,1328,.py,2026-01-16 02:18:25
scripts\generate_secrets.py,3281,.py,2026-01-14 20:08:49
scripts\generate_soc2_report.py,11456,.py,2026-01-05 17:00:29
scripts\import_reference_data.py,10127,.py,2026-01-05 17:00:29
scripts\inventory_scan.py,3886,.py,2026-01-31 15:51:52
scripts\migrate_legacy_kas.py,692,.py,2026-01-16 02:18:23
scripts\persona_manager.py,7555,.py,2026-01-14 20:08:49
scripts\profile_simulation.py,1398,.py,2026-01-29 15:11:17
scripts\restore_database.sh,2749,.sh,2026-01-14 20:08:49
scripts\runtime_precheck.py,7613,.py,2026-01-05 17:00:29
scripts\run_enterprise_services.py,5738,.py,2026-01-05 17:00:29
scripts\run_enterprise_ukg.py,11182,.py,2026-01-05 17:00:29
scripts\run_security_tests.sh,7999,.sh,2026-01-05 17:00:29
scripts\run_tests.sh,3048,.sh,2026-01-14 20:08:49
scripts\run_ukg.py,3538,.py,2026-01-05 17:00:29
scripts\run_ukg_server.py,854,.py,2026-01-05 17:00:29
scripts\send_sentry_test_event.py,1543,.py,2026-01-14 20:08:49
scripts\setup_database.sh,6221,.sh,2026-01-14 20:08:49
scripts\setup_gateway.py,5976,.py,2026-01-08 15:08:50
scripts\setup_local_databases.ps1,11134,.ps1,2026-01-28 21:35:24
scripts\setup_ssl_letsencrypt.sh,9036,.sh,2026-01-14 20:08:49
scripts\start_enterprise.sh,1005,.sh,2026-01-05 17:00:29
scripts\start_server.sh,444,.sh,2026-01-05 17:00:29
scripts\start_ukg.sh,535,.sh,2026-01-05 17:00:29
scripts\test_gateway.py,2992,.py,2026-01-08 15:08:52
scripts\update_docs.py,2708,.py,2026-02-03 16:18:24
scripts\validate_production_config.py,10629,.py,2026-01-14 20:08:49
scripts\verify_advanced_features.py,3640,.py,2026-01-14 23:20:29
scripts\verify_agentic_simulation.py,1384,.py,2026-01-27 23:07:52
scripts\verify_api_keys.py,3263,.py,2026-01-28 23:46:46
scripts\verify_backup_cron.sh,1522,.sh,2026-01-14 20:08:49
scripts\verify_chat_persistence.py,3288,.py,2026-01-29 11:21:23
scripts\verify_gemini_integration.py,4347,.py,2026-01-28 22:50:31
scripts\verify_ka_upgrades.py,3509,.py,2026-01-28 23:25:17
scripts\verify_l1_l2_flow.py,3261,.py,2026-01-14 22:48:45
scripts\verify_l1_l4_flow.py,2776,.py,2026-01-14 22:54:44
scripts\verify_l1_l5_flow.py,3513,.py,2026-01-14 23:17:22
scripts\verify_layer3_pipeline.py,3482,.py,2026-01-16 02:10:57
scripts\verify_layer5_new.py,3030,.py,2026-01-14 23:15:23
scripts\verify_mcp_system.py,1060,.py,2026-01-27 23:16:19
scripts\verify_services.py,5690,.py,2026-01-28 23:38:55
scripts\verify_sqlite.py,990,.py,2026-01-30 10:36:43
scripts\verify_unified_system.py,4794,.py,2026-01-14 22:59:40
scripts\archive\verify_axis_mapper.py,2093,.py,2026-01-10 23:03:39
scripts\archive\verify_batch_e.py,906,.py,2026-01-10 22:39:03
scripts\archive\verify_deep_logic.py,2637,.py,2026-01-10 21:48:55
scripts\archive\verify_final_integration.py,3964,.py,2026-01-10 23:56:53
scripts\archive\verify_ka_infra.py,3103,.py,2026-01-10 22:59:56
scripts\archive\verify_ka_unified.py,1703,.py,2026-01-16 02:11:35
scripts\archive\verify_phase2_full_flow.py,4561,.py,2026-01-10 23:13:13
scripts\archive\verify_phase4_workflow.py,3739,.py,2026-01-10 23:19:30
scripts\archive\verify_phase5_coordinates.py,3456,.py,2026-01-10 23:24:50
scripts\archive\verify_phase6_full_axes.py,2975,.py,2026-01-10 23:29:35
scripts\archive\verify_stack_integration.py,2891,.py,2026-01-12 07:10:25
scripts\archive\verify_truth_engine.py,2772,.py,2026-01-10 23:04:46
scripts\archive\verify_updates.py,2582,.py,2026-01-10 20:35:50
scripts\archive\verify_workflow_wiring.py,1896,.py,2026-01-11 12:16:16
scripts\windows\backup_data.ps1,1834,.ps1,2026-01-16 03:25:30
scripts\windows\install.ps1,6483,.ps1,2026-01-30 10:02:49
scripts\windows\run_visual_audit.ps1,1926,.ps1,2026-01-30 10:10:14
scripts\windows\setup_cache.ps1,2281,.ps1,2026-01-16 03:24:22
scripts\windows\setup_db.ps1,4307,.ps1,2026-01-16 03:47:04
scripts\windows\test_installer.ps1,3062,.ps1,2026-01-30 10:10:25
scripts\windows\UKGWrapper.cs,2478,.cs,2026-01-29 22:43:34
scripts\windows\uninstall.ps1,4842,.ps1,2026-01-30 10:03:23
scripts\windows\verify_auditing.py,4457,.py,2026-01-16 03:40:43
scripts\windows\verify_components.py,1459,.py,2026-01-16 02:46:47
scripts\windows\verify_identity_logic.py,5305,.py,2026-01-16 03:37:50
sdk\UKG_Python_SDK\CHANGELOG.md,727,.md,2026-01-30 12:49:49
sdk\UKG_Python_SDK\HOW_TO_USE.md,61,.md,2026-01-05 23:56:38
sdk\UKG_Python_SDK\LICENSE,37,,2026-01-05 23:56:38
sdk\UKG_Python_SDK\pyproject.toml,659,.toml,2026-01-06 00:00:34
sdk\UKG_Python_SDK\pytest.ini,45,.ini,2026-01-30 12:17:20
sdk\UKG_Python_SDK\README.md,1723,.md,2026-01-30 12:49:47
sdk\UKG_Python_SDK\docs\API_REFERENCE.md,3795,.md,2026-01-30 12:43:22
sdk\UKG_Python_SDK\docs\DEVELOPER_API_REFERENCE.md,2730,.md,2026-01-06 00:01:14
sdk\UKG_Python_SDK\docs\HOWTO.md,4770,.md,2026-01-05 23:56:38
sdk\UKG_Python_SDK\docs\specs\AXIS-2 world wide codes systems.xlsx,27006,.xlsx,2026-01-05 23:38:02
sdk\UKG_Python_SDK\docs\specs\PL-1-107 with members.xlsx,14935,.xlsx,2026-01-05 23:38:02
sdk\UKG_Python_SDK\docs\specs\UKG_KA_1_to_114_Enterprise_Registry_with_Libraries.xlsx,41067,.xlsx,2026-01-05 23:37:26
sdk\UKG_Python_SDK\examples\basic_overlay.py,541,.py,2026-01-05 23:56:38
sdk\UKG_Python_SDK\examples\quickstart.py,1790,.py,2026-01-30 12:48:32
sdk\UKG_Python_SDK\tests\test_ka61_shield.py,2846,.py,2026-01-16 00:55:25
sdk\UKG_Python_SDK\tests\test_smoke.py,259,.py,2026-01-16 02:29:56
sdk\UKG_Python_SDK\tests\test_truth_engine.py,1483,.py,2026-01-30 12:29:52
sdk\UKG_Python_SDK\tests\test_workflow.py,1551,.py,2026-01-30 12:39:26
sdk\UKG_Python_SDK\ukg_sdk\api.py,3596,.py,2026-01-05 23:56:38
sdk\UKG_Python_SDK\ukg_sdk\api_client.py,23493,.py,2026-01-30 12:47:19
sdk\UKG_Python_SDK\ukg_sdk\api_models.py,14402,.py,2026-01-30 12:06:20
sdk\UKG_Python_SDK\ukg_sdk\auth.py,639,.py,2026-01-05 23:56:38
sdk\UKG_Python_SDK\ukg_sdk\client.py,3805,.py,2026-01-05 23:59:56
sdk\UKG_Python_SDK\ukg_sdk\coordinates17.py,5276,.py,2026-01-29 12:48:48
sdk\UKG_Python_SDK\ukg_sdk\exceptions.py,1243,.py,2026-01-30 12:20:52
sdk\UKG_Python_SDK\ukg_sdk\indexing.py,2039,.py,2026-01-05 23:56:38
sdk\UKG_Python_SDK\ukg_sdk\mcp.py,394,.py,2026-01-05 23:56:38
sdk\UKG_Python_SDK\ukg_sdk\models.py,1195,.py,2026-01-05 23:56:38
sdk\UKG_Python_SDK\ukg_sdk\overlay.py,12163,.py,2026-01-16 02:58:23
sdk\UKG_Python_SDK\ukg_sdk\py.typed,0,.typed,2026-01-30 12:47:08
sdk\UKG_Python_SDK\ukg_sdk\registries.py,1385,.py,2026-01-05 23:56:38
sdk\UKG_Python_SDK\ukg_sdk\tenlayer.py,1658,.py,2026-01-15 14:21:00
sdk\UKG_Python_SDK\ukg_sdk\truth_engine.py,281,.py,2026-01-05 23:56:38
sdk\UKG_Python_SDK\ukg_sdk\twelve_step.py,1685,.py,2026-01-05 23:56:38
sdk\UKG_Python_SDK\ukg_sdk\utils.py,967,.py,2026-01-05 23:56:38
sdk\UKG_Python_SDK\ukg_sdk\workflow.py,2854,.py,2026-01-30 12:28:24
sdk\UKG_Python_SDK\ukg_sdk\__init__.py,1440,.py,2026-01-30 12:49:29
sdk\UKG_Python_SDK\ukg_sdk\audit\base.py,736,.py,2026-01-08 18:00:39
sdk\UKG_Python_SDK\ukg_sdk\audit\file_store.py,2182,.py,2026-01-05 23:56:38
sdk\UKG_Python_SDK\ukg_sdk\audit\postgres.py,2147,.py,2026-01-05 23:56:38
sdk\UKG_Python_SDK\ukg_sdk\audit\__init__.py,362,.py,2026-01-05 23:56:38
sdk\UKG_Python_SDK\ukg_sdk\data\axis2.xlsx,59842,.xlsx,2026-01-05 23:56:38
sdk\UKG_Python_SDK\ukg_sdk\data\axis2_catalog.xlsx,59842,.xlsx,2026-01-05 23:56:38
sdk\UKG_Python_SDK\ukg_sdk\data\ka_registry.xlsx,41664,.xlsx,2026-01-05 23:56:38
sdk\UKG_Python_SDK\ukg_sdk\data\ka_registry_by_id.json,175708,.json,2026-01-05 23:56:38
sdk\UKG_Python_SDK\ukg_sdk\data\openapi.json,162672,.json,2026-01-05 23:56:38
sdk\UKG_Python_SDK\ukg_sdk\data\openapi.yaml,116157,.yaml,2026-01-05 23:56:38
sdk\UKG_Python_SDK\ukg_sdk\data\pillar_catalog.xlsx,35177,.xlsx,2026-01-05 23:56:38
sdk\UKG_Python_SDK\ukg_sdk\data\pl1_107.xlsx,35177,.xlsx,2026-01-05 23:56:38
sdk\UKG_Python_SDK\ukg_sdk\data\truthgate.json,7386,.json,2026-01-05 23:56:38
sdk\UKG_Python_SDK\ukg_sdk\data\truthlink.json,7999,.json,2026-01-05 23:56:38
sdk\UKG_Python_SDK\ukg_sdk\data\truthmemory.json,13750,.json,2026-01-05 23:56:38
sdk\UKG_Python_SDK\ukg_sdk\data\truth_engine_master.json,1708,.json,2026-01-05 23:56:38
sdk\UKG_Python_SDK\ukg_sdk\data\truth_engine_master.yaml,3880,.yaml,2026-01-05 23:56:38
sdk\UKG_Python_SDK\ukg_sdk\data\workflow.json,29812,.json,2026-01-05 23:56:38
sdk\UKG_Python_SDK\ukg_sdk\data\audit\ukg_audit.jsonl,438,.jsonl,2026-01-30 12:48:41
sdk\UKG_Python_SDK\ukg_sdk\ka\builtins.py,5059,.py,2026-01-16 00:53:04
sdk\UKG_Python_SDK\ukg_sdk\ka\executor.py,3539,.py,2026-01-30 12:35:39
sdk\UKG_Python_SDK\ukg_sdk\ka\handlers.py,4041,.py,2026-01-05 23:56:38
sdk\UKG_Python_SDK\ukg_sdk\ka\models.py,1560,.py,2026-01-05 23:56:38
sdk\UKG_Python_SDK\ukg_sdk\ka\registry.py,3107,.py,2026-01-05 23:56:38
sdk\UKG_Python_SDK\ukg_sdk\ka\__init__.py,285,.py,2026-01-05 23:56:38
sdk\UKG_Python_SDK\ukg_sdk\memory\base.py,1184,.py,2026-01-05 23:56:38
sdk\UKG_Python_SDK\ukg_sdk\memory\in_memory.py,1008,.py,2026-01-05 23:56:38
sdk\UKG_Python_SDK\ukg_sdk\memory\postgres.py,2720,.py,2026-01-05 23:56:38
sdk\UKG_Python_SDK\ukg_sdk\memory\redis.py,1221,.py,2026-01-05 23:56:38
sdk\UKG_Python_SDK\ukg_sdk\memory\__init__.py,607,.py,2026-01-05 23:56:38
sdk\UKG_Python_SDK\ukg_sdk\providers\anthropic.py,3567,.py,2026-01-08 17:53:35
sdk\UKG_Python_SDK\ukg_sdk\providers\azure_openai.py,3222,.py,2026-01-08 17:53:58
sdk\UKG_Python_SDK\ukg_sdk\providers\base.py,562,.py,2026-01-05 23:56:38
sdk\UKG_Python_SDK\ukg_sdk\providers\google.py,4585,.py,2026-01-28 23:37:52
sdk\UKG_Python_SDK\ukg_sdk\providers\local_slm.py,2004,.py,2026-01-15 07:26:43
sdk\UKG_Python_SDK\ukg_sdk\providers\openai.py,3913,.py,2026-01-28 23:43:24
sdk\UKG_Python_SDK\ukg_sdk\providers\__init__.py,425,.py,2026-01-28 22:35:55
sdk\UKG_Python_SDK\ukg_sdk\truth_engine\core.py,4615,.py,2026-01-30 12:41:22
sdk\UKG_Python_SDK\ukg_sdk\truth_engine\frost.py,2121,.py,2026-01-15 14:21:25
sdk\UKG_Python_SDK\ukg_sdk\truth_engine\loader.py,1274,.py,2026-01-05 23:56:38
sdk\UKG_Python_SDK\ukg_sdk\truth_engine\truthcore.py,3047,.py,2026-01-30 12:38:47
sdk\UKG_Python_SDK\ukg_sdk\truth_engine\truthgate.py,3151,.py,2026-01-30 12:33:52
sdk\UKG_Python_SDK\ukg_sdk\truth_engine\truthlink.py,893,.py,2026-01-30 12:37:58
sdk\UKG_Python_SDK\ukg_sdk\truth_engine\truthmemory.py,2575,.py,2026-01-30 12:38:18
sdk\UKG_Python_SDK\ukg_sdk\truth_engine\__init__.py,514,.py,2026-01-05 23:56:38
sdk\UKG_Python_SDK\ukg_sdk.egg-info\dependency_links.txt,1,.txt,2026-02-02 13:20:53
sdk\UKG_Python_SDK\ukg_sdk.egg-info\PKG-INFO,2537,,2026-02-02 13:20:53
sdk\UKG_Python_SDK\ukg_sdk.egg-info\requires.txt,161,.txt,2026-02-02 13:20:53
sdk\UKG_Python_SDK\ukg_sdk.egg-info\SOURCES.txt,1915,.txt,2026-02-02 13:20:53
sdk\UKG_Python_SDK\ukg_sdk.egg-info\top_level.txt,8,.txt,2026-02-02 13:20:53
simulation\coordinate_system.py,21743,.py,2026-01-14 22:17:55
simulation\create_database_script.py,9794,.py,2026-01-05 17:00:29
simulation\data_generator.py,14365,.py,2026-01-05 17:00:29
simulation\gatekeeper_agent.py,20883,.py,2026-01-05 17:00:29
simulation\layer10_self_awareness.py,25546,.py,2026-01-05 17:00:29
simulation\layer1_database.py,17012,.py,2026-01-15 07:47:04
simulation\layer1_entry.py,9497,.py,2026-01-15 12:01:16
simulation\layer1_planning.py,8750,.py,2026-01-14 23:29:11
simulation\layer2_knowledge.py,69823,.py,2026-01-15 12:02:28
simulation\layer2_retrieval.py,4744,.py,2026-01-14 22:48:11
simulation\layer3_agents.py,24379,.py,2026-01-15 12:03:10
simulation\layer3_agent_engine.py,4207,.py,2026-01-16 02:10:55
simulation\layer5_integration.py,8004,.py,2026-01-14 23:19:02
simulation\layer5_pipeline.py,14964,.py,2026-02-03 11:29:24
simulation\layer5_schemas.py,6189,.py,2026-01-14 23:12:05
simulation\layer6_neural_analysis.py,6103,.py,2026-01-10 21:47:06
simulation\layer7_agi_system.py,62737,.py,2026-01-05 17:00:29
simulation\layer8_quantum_computer.py,53939,.py,2026-01-05 17:00:29
simulation\layer9_recursive_agi.py,34023,.py,2026-01-05 17:00:29
simulation\layer_controller.py,12952,.py,2026-01-16 02:11:51
simulation\memory_manager.py,21653,.py,2026-01-05 17:00:29
simulation\orchestrator.py,2698,.py,2026-01-05 17:00:29
simulation\pov_delta.py,24076,.py,2026-01-14 21:36:15
simulation\pov_engine.py,73313,.py,2026-01-15 12:04:11
simulation\pov_engine_enterprise.py,24630,.py,2026-01-14 21:38:10
simulation\pov_policy.py,22289,.py,2026-01-14 21:32:23
simulation\query_analysis_system.py,15631,.py,2026-01-14 21:49:05
simulation\refinement_loop_handler.py,30268,.py,2026-01-05 17:00:29
simulation\refinement_workflow.py,8955,.py,2026-01-11 12:04:03
simulation\simulation_engine.py,13414,.py,2026-01-27 23:10:45
simulation\trace_system.py,16244,.py,2026-01-14 21:52:45
simulation\truth_engine.py,16416,.py,2026-01-14 21:50:26
simulation\viewpoint_registry.py,25004,.py,2026-01-14 21:34:23
simulation\__init__.py,22,.py,2026-01-10 21:53:25
simulation\agentic\graph_state.py,680,.py,2026-01-27 23:06:38
simulation\agentic\simulation_graph.py,4433,.py,2026-01-27 23:06:52
static\swagger.json,3725,.json,2026-01-08 16:11:11
styles\app.css,9129,.css,2026-01-05 17:00:29
styles\chat.css,5267,.css,2026-01-05 17:00:29
styles\globals.css,4829,.css,2026-01-05 17:00:29
styles\theme.js,2878,.js,2026-01-05 17:00:29
styles\timeline.css,1739,.css,2026-01-05 17:00:29
tests\COMPLETE_TEST_COVERAGE_SUMMARY.md,13692,.md,2026-01-27 22:20:49
tests\conftest.py,2440,.py,2026-01-30 11:24:07
tests\PHASE_2_SUMMARY.md,14627,.md,2026-01-27 22:20:49
tests\test_app_security.py,768,.py,2026-01-05 17:00:29
tests\test_config.py,3242,.py,2026-01-05 17:00:29
tests\test_critical_fixes.py,5088,.py,2026-01-29 22:09:15
tests\test_db_migration.py,901,.py,2026-01-05 17:00:29
tests\test_e2e_phases.py,7067,.py,2026-01-28 11:30:05
tests\test_final_assembly.py,3854,.py,2026-01-31 16:13:46
tests\test_hardening_assembly.py,4716,.py,2026-01-15 13:56:18
tests\test_health_endpoint.py,955,.py,2026-01-05 17:00:29
tests\TEST_IMPROVEMENTS_SUMMARY.md,12108,.md,2026-01-27 22:20:49
tests\test_logging_config.py,633,.py,2026-01-05 17:00:29
tests\test_password_policy.py,2013,.py,2026-01-05 17:00:29
tests\test_production_fidelity.py,3459,.py,2026-01-16 02:10:05
tests\test_security_hardening.py,2896,.py,2026-01-28 18:44:17
tests\test_simulation_stack.py,1787,.py,2026-01-12 11:03:30
tests\test_unified_services.py,2483,.py,2026-01-12 11:00:41
tests\verify_consensus_v2.py,2749,.py,2026-01-16 02:15:16
tests\verify_federated_sync_v2.py,3456,.py,2026-01-16 02:10:03
tests\verify_ml_routing_v2.py,3832,.py,2026-01-15 07:27:58
tests\axes\test_persona_axes.py,14278,.py,2026-01-05 17:00:29
tests\compliance\test_fullstack_compliance.py,5124,.py,2026-02-02 20:51:11
tests\compliance\test_gdpr_comprehensive.py,27826,.py,2026-02-02 16:06:44
tests\contract\test_api_contract.py,1007,.py,2026-01-29 22:20:44
tests\end_to_end\test_e2e_scenarios.py,2867,.py,2026-02-02 21:04:45
tests\end_to_end\test_full_simulation.py,2722,.py,2026-01-16 02:28:24
tests\integration\test_additional_coverage.py,8414,.py,2026-01-31 22:14:12
tests\integration\test_analytics_api.py,2844,.py,2026-01-28 20:53:02
tests\integration\test_api_endpoints.py,17980,.py,2026-01-28 20:52:22
tests\integration\test_app_routes.py,576,.py,2026-01-28 21:08:05
tests\integration\test_gateway_api_coverage.py,8558,.py,2026-02-03 16:31:03
tests\integration\test_gateway_extended.py,4477,.py,2026-02-03 16:10:26
tests\integration\test_graphql_api.py,5644,.py,2026-01-13 09:57:32
tests\integration\test_llm_gateway_coverage.py,1900,.py,2026-02-01 20:05:16
tests\integration\test_llm_gateway_integration.py,5982,.py,2026-02-02 20:40:50
tests\integration\test_rag_service_coverage.py,5646,.py,2026-02-03 20:34:43
tests\integration\test_service_api_sweep.py,10331,.py,2026-02-03 22:43:47
tests\integration\test_truth_engine_api.py,3193,.py,2026-01-31 23:28:45
tests\integration_routes\conftest.py,1055,.py,2026-02-03 23:46:14
tests\integration_routes\test_admin_routes.py,13927,.py,2026-01-27 22:20:49
tests\integration_routes\test_api_coverage.py,4159,.py,2026-02-03 10:53:52
tests\integration_routes\test_api_ext_coverage.py,3721,.py,2026-02-03 23:11:10
tests\integration_routes\test_api_routers.py,10037,.py,2026-02-03 16:26:13
tests\integration_routes\test_ukg_api_coverage.py,4977,.py,2026-02-03 20:39:55
tests\integration_routes\__init__.py,0,.py,2026-01-27 22:20:49
tests\knowledge_algorithms\conftest.py,1083,.py,2026-02-02 21:48:32
tests\knowledge_algorithms\test_ka_bulk.py,6729,.py,2026-02-03 23:44:31
tests\knowledge_algorithms\test_ka_edge_cases.py,6808,.py,2026-02-03 19:33:11
tests\knowledge_algorithms\test_ka_logic.py,4279,.py,2026-02-02 21:33:55
tests\knowledge_algorithms\test_ka_master_controller.py,4323,.py,2026-01-31 16:37:16
tests\knowledge_algorithms\test_ka_suite.py,3382,.py,2026-01-31 21:07:37
tests\performance\locustfile.py,575,.py,2026-01-05 17:00:29
tests\quad_persona\test_persona_scaling.py,21631,.py,2026-01-14 21:14:53
tests\security\test_active_defense.py,3084,.py,2026-01-30 11:11:39
tests\security\test_audit_logger_comprehensive.py,27671,.py,2026-01-27 22:20:49
tests\security\test_dpapi_crypto.py,1410,.py,2026-01-30 10:52:10
tests\security\test_fuzzing.py,5378,.py,2026-02-03 16:28:34
tests\security\test_mfa_comprehensive.py,30159,.py,2026-01-27 22:20:49
tests\security\test_password_security_comprehensive.py,24567,.py,2026-01-27 22:20:49
tests\security\test_rbac_comprehensive.py,32857,.py,2026-01-27 22:20:49
tests\security\test_request_limits.py,2118,.py,2026-01-05 17:00:29
tests\security\test_request_schemas.py,1560,.py,2026-01-30 10:40:12
tests\security\test_security_coverage.py,6377,.py,2026-02-03 19:49:40
tests\security\test_security_critical.py,7411,.py,2026-01-31 21:31:50
tests\security\test_security_headers.py,2257,.py,2026-01-05 17:00:29
tests\security\test_security_storage_deep.py,8206,.py,2026-02-03 22:31:59
tests\security\test_session_security.py,546,.py,2026-01-05 17:00:29
tests\security\test_system_chaos.py,2787,.py,2026-01-30 10:19:17
tests\security\test_zero_trust_coverage.py,3281,.py,2026-02-03 20:06:03
tests\simulation\test_e2e_simulation_pipeline.py,10634,.py,2026-01-05 17:00:29
tests\simulation\test_simulation_layers.py,14386,.py,2026-01-05 17:00:29
tests\truth_engine\conftest.py,1083,.py,2026-02-02 21:48:32
tests\truth_engine\test_layer10_emergence.py,5224,.py,2026-01-15 13:22:22
tests\truth_engine\test_layer6_quant.py,2658,.py,2026-01-15 11:36:01
tests\truth_engine\test_layer7_agi.py,2422,.py,2026-01-15 11:47:45
tests\truth_engine\test_layer8_trust_gate.py,7869,.py,2026-01-15 12:25:59
tests\truth_engine\test_layer9_meta_reasoning.py,10360,.py,2026-01-31 16:28:19
tests\truth_engine\test_master_workflow.py,3977,.py,2026-01-31 16:40:07
tests\truth_engine\test_truth_engine_coverage.py,4675,.py,2026-02-03 19:45:51
tests\truth_engine\test_truth_infrastructure.py,8265,.py,2026-02-03 20:48:52
tests\unit\conftest.py,1055,.py,2026-02-03 23:46:12
tests\unit\test_core_infrastructure.py,5423,.py,2026-02-03 23:06:52
tests\unit\test_core_integration.py,1832,.py,2026-02-02 20:03:04
tests\unit\test_email_service_comprehensive.py,26070,.py,2026-01-31 16:45:52
tests\unit\test_graphql_and_gdpr.py,739,.py,2026-01-23 15:45:46
tests\unit\test_llm_gateway_internal_units.py,2834,.py,2026-02-03 20:02:30
tests\unit\test_middleware_security.py,1783,.py,2026-02-02 20:08:26
tests\unit\test_middleware_units.py,4274,.py,2026-02-03 12:12:58
tests\unit\test_models.py,9304,.py,2026-02-03 11:42:19
tests\unit\test_models_extended.py,5275,.py,2026-02-03 16:01:49
tests\unit\test_more_services.py,7317,.py,2026-02-03 11:53:33
tests\unit\test_services.py,14144,.py,2026-02-03 11:01:18
tests\unit\test_ukg_db_coverage.py,4026,.py,2026-02-03 20:14:23
tests\unit\test_ukg_db_reliability.py,4103,.py,2026-02-02 20:49:44
tests\unit\test_unified_coverage.py,3687,.py,2026-02-03 16:07:11
tests\unit\test_unified_middleware.py,3790,.py,2026-02-02 15:37:18
tests\unit\test_user_model_comprehensive.py,25425,.py,2026-01-31 16:44:01
tests\unit\test_user_model_concurrency.py,24219,.py,2026-01-31 16:42:10
tests\unit\test_utils.py,6670,.py,2026-02-02 23:49:06
tests\unit\test_utils_comprehensive.py,10186,.py,2026-02-03 11:36:29
tests\unit\test_utils_extended.py,2867,.py,2026-02-03 12:13:27
tests\unit\test_websocket.py,3864,.py,2026-01-13 09:57:34
tests\unit\test_websocket_flask.py,3082,.py,2026-02-02 23:33:37
tests\utils\test_db_migration_utils.py,2627,.py,2026-01-05 17:00:29
tests\windows\installer_tests.Tests.ps1,1748,.ps1,2026-01-16 03:16:54
tests\windows\test_windows_platform.py,2069,.py,2026-01-16 03:15:15
tests\windows\verify_registry.ps1,799,.ps1,2026-01-29 21:59:22
utils\db_migration.py,4877,.py,2026-01-05 17:00:29
utils\db_utils.py,8840,.py,2026-01-06 12:03:18
utils\logging_config.py,1304,.py,2026-01-05 17:00:29
utils\responsive.js,2686,.js,2026-01-05 17:00:29
utils\__init__.py,34,.py,2026-01-05 17:00:29
